CASE_ID,ACCIDENT_YEAR,PROC_DATE,JURIS,COLLISION_DATE,COLLISION_TIME,OFFICER_ID,REPORTING_DISTRICT,DAY_OF_WEEK,CHP_SHIFT,POPULATION,CNTY_CITY_LOC,SPECIAL_COND,BEAT_TYPE,CHP_BEAT_TYPE,CITY_DIVISION_LAPD,CHP_BEAT_CLASS,BEAT_NUMBER,PRIMARY_RD,SECONDARY_RD,DISTANCE,DIRECTION,INTERSECTION,WEATHER_1,WEATHER_2,STATE_HWY_IND,CALTRANS_COUNTY,CALTRANS_DISTRICT,STATE_ROUTE,ROUTE_SUFFIX,POSTMILE_PREFIX,POSTMILE,LOCATION_TYPE,RAMP_INTERSECTION,SIDE_OF_HWY,TOW_AWAY,COLLISION_SEVERITY,NUMBER_KILLED,NUMBER_INJURED,PARTY_COUNT,PRIMARY_COLL_FACTOR,PCF_CODE_OF_VIOL,PCF_VIOL_CATEGORY,PCF_VIOLATION,PCF_VIOL_SUBSECTION,HIT_AND_RUN,TYPE_OF_COLLISION,MVIW,PED_ACTION,ROAD_SURFACE,ROAD_COND_1,ROAD_COND_2,LIGHTING,CONTROL_DEVICE,CHP_ROAD_TYPE,PEDESTRIAN_ACCIDENT,BICYCLE_ACCIDENT,MOTORCYCLE_ACCIDENT,TRUCK_ACCIDENT,NOT_PRIVATE_PROPERTY,ALCOHOL_INVOLVED,STWD_VEHTYPE_AT_FAULT,CHP_VEHTYPE_AT_FAULT,COUNT_SEVERE_INJ,COUNT_VISIBLE_INJ,COUNT_COMPLAINT_PAIN,COUNT_PED_KILLED,COUNT_PED_INJURED,COUNT_BICYCLIST_KILLED,COUNT_BICYCLIST_INJURED,COUNT_MC_KILLED,COUNT_MC_INJURED,PRIMARY_RAMP,SECONDARY_RAMP,LATITUDE,LONGITUDE,COUNTY,CITY,POINT_X,POINT_Y
8347259,2017,2017-04-17,2002,2017-04-01,1254,4262,,6,5,4,2002,0,0,0,,0,004,"ALMOND AV W","MONTEREY ST",0.00,,Y,A,-,N,,,,,,,,,,Y,3,0,1,1,A,-,08,22107,,N,F,J,A,A,H,-,A,A,0,,,Y,,Y,,C,02,0,1,0,0,0,0,0,0,1,"- ","- ",,,MADERA,MADERA,-120.06051995999999,36.945560010000001
8347263,2017,2017-04-17,2002,2017-04-02,0114,4364,,7,5,4,2002,0,0,0,,0,003,"WESTBERRY BL N","WESTGATE DR",27.00,S,N,A,-,N,,,,,,,,,,Y,3,0,3,1,A,-,08,22107,,N,E,I,A,A,H,-,D,D,0,,,,,Y,,A,01,0,1,2,0,0,0,0,0,0,"- ","- ",,,MADERA,MADERA,-120.10129815000001,36.955955889999998
8347298,2017,2017-04-17,2002,2017-03-28,2500,3651,,2,5,4,2002,0,0,0,,0,001,"CENTRAL AV","D ST N",195.00,E,N,A,-,N,,,,,,,,,,N,3,0,2,2,A,-,08,22107,,M,C,E,A,A,H,-,B,D,0,,,,,Y,Y,A,08,0,2,0,0,0,0,0,0,0,"- ","- ",,,MADERA,MADERA,-120.06253287,36.96738431
8347302,2017,2017-04-17,2002,2017-03-24,2003,4398,MSC,5,5,4,2002,0,0,0,,0,002,"CLEVELAND AV E","D ST N",208.00,W,N,C,-,N,,,,,,,,,,N,2,0,1,2,A,-,11,21954,A,N,G,B,D,B,H,-,C,D,0,Y,,,,Y,Y,N,60,1,0,0,0,1,0,0,0,0,"- ","- ",,,MADERA,MADERA,-120.0638917,36.974530000000001
8348925,2017,2018-03-22,2002,2017-04-14,1512,4274,,5,5,4,2002,0,0,0,,0,004,"RT 145","LEWIS ST E",0.00,,Y,A,-,Y,MAD,6,145,-,-,8.990,I,5,N,N,3,0,2,2,A,-,09,21801,A,N,D,C,A,A,H,-,A,A,0,,,,,Y,,A,01,0,1,1,0,0,0,0,0,0,"- ","- ",,,MADERA,MADERA,-120.05606999,36.951700170000002
8349483,2017,2017-05-01,2002,2017-04-08,0732,4262,,6,5,4,2002,0,0,0,,0,004,"ALMOND AV WEST","SCHNOOR AV SOUTH",490.00,E,N,A,-,N,,,,,,,,,,Y,3,0,1,5,A,-,08,22107,,N,B,E,A,A,H,-,A,A,0,,,,,Y,,A,01,0,1,0,0,0,0,0,0,0,"- ","- ",,,MADERA,MADERA,-120.08143403,36.945570850000003
8349614,2017,2017-05-01,2002,2017-04-05,1834,4407,,3,5,4,2002,0,0,0,,0,002,"CLEVELAND AV E","OWENS ST",167.00,E,N,A,-,N,,,,,,,,,,N,3,0,1,2,A,-,08,22107,,N,B,G,A,A,H,-,A,D,0,,Y,,,Y,,L,04,0,1,0,0,0,0,1,0,0,"- ","- ",,,MADERA,MADERA,-120.06954859,36.974539999999998
8349618,2017,2017-05-01,2002,2017-04-11,1119,4224,,2,5,4,2002,0,0,0,,0,002,"MERCED ST","SHERWOOD WY",0.00,,Y,A,-,N,,,,,,,,,,Y,4,0,2,3,A,-,03,22350,,N,E,I,A,A,H,-,A,D,0,,,,,Y,,A,01,0,0,2,0,0,0,0,0,0,"- ","- ",,,MADERA,MADERA,-120.05262988,36.977240049999999
8349745,2017,2017-05-01,2002,2017-04-06,0737,4224,,4,5,4,2002,0,0,0,,0,003,"YOSEMITE AV","N ST N",0.00,,Y,B,-,N,,,,,,,,,,N,3,0,1,2,A,-,10,21950,C,F,G,B,D,A,H,-,A,A,0,Y,,,,Y,,A,07,0,1,0,0,1,0,0,0,0,"- ","- ",,,MADERA,MADERA,-120.06895986000001,36.955670060000003
8349749,2017,2017-05-01,2002,2017-04-20,1849,3651,,4,5,4,2002,0,0,0,,0,002,"COUNTRY CLUB DR","SHERWOOD WY",0.00,,Y,A,-,N,,,,,,,,,,N,3,0,1,2,A,-,08,22107,,N,G,G,A,A,H,-,A,A,0,,Y,,,Y,,A,07,0,1,0,0,0,0,1,0,0,"- ","- ",,,MADERA,MADERA,-120.07420992,36.977260059999999
8349753,2017,2017-05-01,2002,2017-04-18,2156,4125,,2,5,4,2002,0,0,0,,0,002,"RAYMOND RD","LAGUNA WY",217.00,S,N,A,-,N,,,,,,,,,,Y,2,0,4,2,A,-,01,23152,A,N,A,C,A,A,H,-,C,D,0,,,,,Y,Y,A,01,1,1,2,0,0,0,0,0,0,"- ","- ",,,MADERA,MADERA,-120.04303134,36.976261999999998
8349757,2017,2017-05-01,2002,2017-04-22,2009,4364,MADRA,6,5,4,2002,0,0,0,,0,004,"PECAN AV","COLOMBARD DR",0.00,,Y,A,-,N,,,,,,,,,,Y,4,0,2,2,A,-,08,22107,,N,B,C,A,A,H,-,C,D,0,,,,,Y,,A,01,0,0,2,0,0,0,0,0,0,"- ","- ",,,MADERA,MADERA,-120.05774999,36.938360080000002
8351942,2016,2017-04-25,2002,2016-05-31,1502,3850,,2,5,4,2002,0,0,0,,0,004,"PECAN AV E","CONRAD ST",48.00,E,N,A,-,N,,,,,,,,,,Y,4,0,1,2,A,-,03,22350,,N,C,C,A,A,H,-,A,D,0,,,,,Y,,A,01,0,0,1,0,0,0,0,0,0,"- ","- ",,,MADERA,MADERA,-120.05436838,36.938305190000001
8351978,2017,2017-04-29,2002,2017-03-31,2010,43985,MADER,5,5,4,2002,0,0,0,,0,002,"D ST N","RIVERSIDE DR E",0.00,,Y,A,-,N,,,,,,,,,,Y,2,0,2,2,A,-,01,23152,A,N,D,C,A,A,H,-,C,A,0,,,,,Y,Y,A,01,2,0,0,0,0,0,0,0,0,"- ","- ",,,MADERA,MADERA,-120.06319997999999,36.968560060000001
8352205,2017,2017-06-23,2002,2017-04-05,1104,4224,,3,5,4,2002,0,0,0,,0,,"VALENCIA AV","SAUNDERS AV",0.00,,Y,A,-,N,,,,,,,,,,N,4,0,1,2,A,-,09,21801,A,N,D,C,A,A,H,-,A,A,0,,,,,Y,,A,01,0,0,1,0,0,0,0,0,0,"- ","- ",,,MADERA,MADERA,-120.04655991,36.937610110000001
8352209,2017,2017-07-21,2002,2017-04-19,1238,4224,,3,5,4,2002,0,0,0,,0,003,"W CLEVELAND AV","NORTH SCHNOOR AV",25.00,E,N,A,-,N,,,,,,,,,,N,4,0,1,2,A,-,03,22350,,N,C,C,A,A,H,-,A,A,0,,,,,Y,,A,01,0,0,1,0,0,0,0,0,0,"- ","- ",,,MADERA,MADERA,-120.08446446000001,36.974550000000001
8361828,2016,2017-07-17,2001,2016-03-06,1341,45,B,7,5,3,2001,0,0,0,,0,,"E ROBERTSON BL","RT 99",0.00,,N,A,-,Y,MAD,6,99,-,R,10.611,I,5,S,Y,4,0,1,2,D,-,00,,,N,C,C,A,A,H,-,A,D,0,,,,,Y,,-,"- ",0,0,1,0,0,0,0,0,0,"- ","- ",,,MADERA,CHOWCHILLA,-120.06041612,36.957120670000002
8372684,2017,2017-06-02,2002,2017-04-15,1152,4262,,6,5,4,2002,0,0,0,,0,011,"NORTH SCHNOOR AV","N SCHNOOR AV 2155",0.00,,N,A,-,N,,,,,,,,,,N,3,0,1,2,-,-,"- ",,,N,G,B,D,-,H,-,A,D,0,Y,,,,Y,,-,"- ",0,1,0,0,1,0,0,0,0,"- ","- ",,,MADERA,MADERA,-120.08662105000001,36.979340890000003
8372893,2017,2017-05-31,2002,2017-05-01,1234,4224,,1,5,4,2002,0,0,0,,0,003,"SCHNOOR AV","FOXGLOVE WY",0.00,,Y,A,-,N,,,,,,,,,,Y,4,0,1,2,A,-,12,21453,A,N,D,C,A,A,H,-,A,A,0,,,,,Y,,A,01,0,0,1,0,0,0,0,0,0,"- ","- ",,,MADERA,MADERA,-120.08594997,36.978529999999999
8372897,2017,2017-05-31,2002,2017-05-01,0058,4398,,1,5,4,2002,0,0,0,,0,002,"RIVERSIDE DR","D ST",119.00,E,N,A,-,N,,,,,,,,,,Y,2,0,1,1,A,-,01,23152,A,N,E,I,A,A,H,-,C,A,0,,,,,Y,Y,A,08,1,0,0,0,0,0,0,0,0,"- ","- ",,,MADERA,MADERA,-120.06281264,36.968660010000001
8372901,2017,2017-05-31,2002,2017-05-02,2030,3651,,2,5,4,2002,0,0,0,,0,004,"INDUSTRIAL AV","GRANADA DR",397.00,E,N,A,-,N,,,,,,,,,,N,2,0,1,2,A,-,10,21950,A,F,G,B,D,A,H,-,C,D,0,Y,,,,Y,Y,A,01,1,0,0,0,1,0,0,0,0,"- ","- ",,,MADERA,MADERA,-120.09073734,36.949926079999997
8373557,2017,2017-06-12,2001,2017-04-28,1433,053,B,5,5,3,2001,0,0,0,,0,,"TRINITY AV","TRINITY AV 305",0.00,,N,A,-,N,,,,,,,,,,N,2,0,1,2,D,-,00,,,N,G,B,D,A,H,-,A,D,0,Y,,,,Y,,-,"- ",1,0,0,0,1,0,0,0,0,"- ","- ",,,MADERA,CHOWCHILLA,-120.26011939,37.121245809999998
8376824,2017,2017-06-01,2002,2017-04-27,0808,4224,,4,5,4,2002,0,0,0,,0,003,"GRANADA DR N","RIVERVIEW DR",100.00,N,N,A,-,N,,,,,,,,,,N,4,0,1,1,A,-,00,22017,,N,E,I,A,A,H,-,A,D,0,,,,,Y,,A,01,0,0,1,0,0,0,0,0,0,"- ","- ",,,MADERA,MADERA,-120.09216704000001,36.967314479999999
8378328,2017,2017-07-13,2002,2017-05-24,2031,2628,,3,5,4,2002,0,0,0,,0,002,"D ST N","RIVERVIEW DR",225.00,N,N,A,-,N,,,,,,,,,,Y,3,0,1,2,A,-,01,23152,A,N,C,E,A,A,H,-,C,D,0,,,,,Y,Y,A,08,0,1,0,0,0,0,0,0,0,"- ","- ",,,MADERA,MADERA,,
8381291,2017,2017-06-14,2001,2017-05-26,1935,042,B,5,5,3,2001,0,0,0,,0,,"S 9TH ST","TRINITY AV",0.00,,Y,A,-,N,,,,,,,,,,N,3,0,1,2,A,-,12,22450,A,N,G,B,D,A,H,-,A,A,0,Y,,,,Y,,I,11,0,1,0,0,1,0,0,0,0,"- ","- ",,,MADERA,CHOWCHILLA,-120.26520995,37.117280049999998
8381307,2017,2017-06-23,2001,2017-05-12,1227,053,A,5,5,3,2001,0,0,0,,0,,"PINE ST","PINE ST 100",0.00,,Y,A,-,N,,,,,,,,,,Y,4,0,1,2,A,-,08,22103,,N,B,C,A,A,H,-,A,D,0,,,,,Y,,I,11,0,0,1,0,0,0,0,0,0,"- ","- ",,,MADERA,CHOWCHILLA,-120.28315365,37.114096449999998
8381311,2017,2017-06-13,2001,2017-05-19,1850,042,A,5,5,3,2001,0,0,0,,0,,"WASHINGTON RD","DEFENDER ST",158.00,W,N,A,-,N,,,,,,,,,,N,3,0,1,2,D,-,00,,,F,G,B,D,A,H,-,A,D,0,Y,,,,Y,,-,"- ",0,1,0,0,1,0,0,0,0,"- ","- ",,,MADERA,CHOWCHILLA,-120.27450165,37.112792679999998
8382776,2017,2017-08-02,2001,2017-03-14,1540,006,A,2,5,3,2001,0,0,0,,0,,"N 15TH ST","MONTEREY AV",0.00,,Y,A,-,N,,,,,,,,,,N,4,0,1,2,A,-,11,21950,B,N,G,B,D,A,H,-,A,D,0,Y,,,,Y,,N,60,0,0,1,0,0,0,0,0,0,"- ","- ",,,MADERA,CHOWCHILLA,-120.27484991,37.11691004
8384788,2017,2017-06-30,2002,2017-05-26,2051,3277,,5,5,4,2002,0,0,0,,0,001,"A ST","6TH ST",0.00,,Y,A,-,N,,,,,,,,,,Y,3,0,2,3,A,-,09,21802,A,N,D,C,A,A,H,-,C,A,0,,,,,Y,,A,01,0,1,1,0,0,0,0,0,0,"- ","- ",,,MADERA,MADERA,-120.05432994,36.963820009999999
8396969,2017,2017-06-28,2002,2017-05-16,0733,2990,CITY,2,5,4,2002,0,0,0,,0,001,"B ST N","5TH ST E",0.00,,Y,A,-,N,,,,,,,,,,Y,3,0,4,2,A,-,08,22107,,N,A,C,A,A,H,-,A,A,0,,,,,Y,,D,22,0,2,2,0,0,0,0,0,0,"- ","- ",,,MADERA,MADERA,-120.05730991,36.964960069999997
8397005,2017,2017-07-18,2002,2017-05-30,1807,4407,,2,5,4,2002,0,0,0,,0,002,"CLEVELAND AV","D ST",0.00,,Y,A,-,N,,,,,,,,,,N,4,0,1,3,A,-,12,21453,A,N,D,C,A,A,H,-,A,A,0,,,,Y,Y,,G,26,0,0,1,0,0,0,0,0,0,"- ","- ",,,MADERA,MADERA,-120.06317991,36.974530080000001
8397021,2017,2017-06-30,2002,2017-06-09,1539,4242,,5,5,4,2002,0,0,0,,0,004,"4TH ST E","GATEWAY DR",143.00,E,N,A,-,N,,,,,,,,,,Y,3,0,1,2,A,-,07,21658,A,N,B,C,A,A,H,-,A,D,0,,,Y,,Y,,C,02,0,1,0,0,0,0,0,0,1,"- ","- ",,,MADERA,MADERA,-120.06206896,36.963296210000003
8397046,2017,2017-06-26,2002,2017-05-15,1844,4224,,1,5,4,2002,0,0,0,,0,002,"LINCOLN AV EAST","FRESNO ST",0.00,,Y,A,-,N,,,,,,,,,,N,4,0,1,2,A,-,09,21804,A,N,D,G,A,A,H,-,B,A,0,,Y,,,Y,,L,04,0,0,1,0,0,0,1,0,0,"- ","- ",,,MADERA,MADERA,-120.05461991,36.971690019999997
8397106,2017,2017-06-27,2002,2017-05-21,1834,3608,,7,5,4,2002,0,0,0,,0,001,"B ST","SUNRISE AV",0.00,,Y,A,-,N,,,,,,,,,,N,3,0,1,2,A,-,12,22450,A,N,D,G,A,A,H,-,A,A,0,,Y,,,Y,,L,04,0,1,0,0,0,0,1,0,0,"- ","- ",,,MADERA,MADERA,-120.05219995,36.960030109999998
8398564,2017,2017-06-28,2002,2017-06-16,0350,3651,,5,5,4,2002,0,0,0,,0,001,"TOZER ST","AVE 15",277.00,N,N,A,-,N,,,,,,,,,,Y,3,0,2,1,A,-,01,23153,B,N,B,C,A,A,H,-,D,D,0,,,,,Y,Y,A,07,0,1,1,0,0,0,0,0,0,"- ","- ",,,MADERA,MADERA,-120.03796667,36.967842349999998
8398734,2017,2017-06-28,2002,2017-06-03,1012,4242,,6,5,4,2002,0,0,0,,0,001,"D ST","4TH ST",0.00,,Y,A,-,N,,,,,,,,,,N,4,0,1,2,A,-,12,21453,A,N,D,C,A,A,H,-,A,A,0,,,,,Y,,A,01,0,0,1,0,0,0,0,0,0,"- ","- ",,,MADERA,MADERA,-120.06035996999999,36.96444005
8403699,2017,2017-07-24,2002,2017-07-03,0856,4242,,1,5,4,2002,0,0,0,,0,001,"YOSEMITE AV E","TOZER ST",120.00,W,N,A,-,N,,,,,,,,,,N,4,0,1,2,A,-,03,22350,A,N,C,C,A,A,H,-,A,A,0,,,,,Y,,A,01,0,0,1,0,0,0,0,0,0,"- ","- ",,,MADERA,MADERA,-120.04335073999999,36.973366210000002
8403739,2017,2017-07-14,2002,2017-06-18,2341,4398,,7,5,4,2002,0,0,0,,0,004,"PECAN AV","RT 145",261.00,W,N,A,-,N,,,,,,,,,,Y,3,0,3,2,A,-,01,23152,A,N,D,C,A,A,H,-,C,D,0,,,,,Y,,A,01,0,1,2,0,0,0,0,0,0,"- ","- ",,,MADERA,MADERA,-120.05690251999999,36.93835026
8403940,2017,2017-07-14,2002,2017-06-21,2500,2791,CITY,3,5,4,2002,0,0,0,,0,002,"D ST","RUSH ST",0.00,,Y,A,-,N,,,,,,,,,,Y,4,0,3,2,A,-,09,21802,A,N,D,C,A,A,H,-,A,A,0,,,,,Y,,A,07,0,0,3,0,0,0,0,0,0,"- ","- ",,,MADERA,MADERA,-120.06317995000001,36.973130009999998
8403959,2017,2017-07-12,2002,2017-05-20,1239,4262,,6,5,4,2002,0,0,0,,0,004,"PECAN AV","PINE ST",0.00,,Y,A,-,N,,,,,,,,,,Y,3,0,2,2,A,-,09,21802,A,N,D,C,A,A,H,-,A,A,0,,,,,Y,,A,07,0,1,1,0,0,0,0,0,0,"- ","- ",,,MADERA,MADERA,-120.07403994000001,36.938330049999998
8404120,2017,2017-07-13,2002,2017-07-07,0302,2628,,5,5,4,2002,0,0,0,,0,003,"ACCORNERO AV","NATIONAL AV",0.00,,Y,A,-,N,,,,,,,,,,N,3,0,1,1,A,-,03,22350,,N,A,I,A,A,H,-,C,D,0,,,,,Y,,A,01,0,1,0,0,0,0,0,0,0,"- ","- ",,,MADERA,MADERA,-120.08009991999999,36.958290099999999
8404931,2018,2018-07-18,2002,2018-05-24,0759,4224,,4,5,4,2002,0,0,0,,0,004,"PINE ST","OAK ST",0.00,,Y,A,-,N,,,,,,,,,,Y,1,1,1,2,A,-,01,23152,A,N,D,C,A,A,H,-,A,D,0,,,Y,,Y,,D,22,0,0,1,0,0,0,0,1,0,"- ","- ",,,MADERA,MADERA,-120.07395935058594,36.951469421386719
8407138,2017,2018-03-22,2002,2017-06-01,1643,4224,,4,5,4,2002,0,0,0,,0,,"RT 145","PECAN AV W",315.00,N,N,A,-,Y,MAD,6,145,-,-,8.120,H,-,S,Y,4,0,1,2,A,-,03,22350,,N,C,C,A,A,H,-,A,A,0,,,,,Y,,A,01,0,0,1,0,0,0,0,0,0,"- ","- ",,,MADERA,MADERA,-120.05602077,36.939170570000002
8407146,2017,2018-03-22,2002,2017-06-23,1540,4262,,5,5,4,2002,0,0,0,,0,004,"RT 145","LEWIS ST",0.00,,Y,A,-,Y,MAD,6,145,-,-,8.990,I,5,N,Y,3,0,2,2,A,-,09,21801,A,N,D,C,A,A,H,-,A,A,0,,,,,Y,,A,01,0,1,1,0,0,0,0,0,0,"- ","- ",,,MADERA,MADERA,-120.05606999,36.951700170000002
8407150,2017,2018-03-22,2002,2017-06-08,1703,4224,,4,5,4,2002,0,0,0,,0,001,"FLUME ST","YOSEMITE AV",100.00,N,N,A,-,Y,MAD,6,145,-,-,9.680,I,6,S,Y,4,0,1,2,A,-,09,21801,A,N,D,C,A,A,H,-,A,D,0,,,,,Y,,A,01,0,0,1,0,0,0,0,0,0,"- ","- ",,,MADERA,MADERA,-120.06059042,36.961271179999997
8407569,2017,2018-06-19,2001,2017-05-26,0913,053,B,5,5,3,2001,0,0,0,,0,,"E ROBERTSON BL","RT 99",0.00,,Y,B,-,Y,MAD,6,233,-,-,3.880,H,-,S,Y,4,0,1,3,A,-,03,22350,,N,C,C,A,A,H,-,A,D,0,,,,,Y,,A,01,0,0,1,0,0,0,0,0,0,"- ","- ",,,MADERA,CHOWCHILLA,-120.25249255999999,37.12688369
8407573,2017,2017-07-26,2001,2017-06-13,1312,063,B,2,5,3,2001,0,0,0,,0,,"S CHOWCHILLA BL","AVE 24 1/2",0.00,,Y,A,-,N,,,,,,,,,,Y,4,0,1,1,A,-,08,22107,,N,E,J,A,A,H,-,A,D,0,,,,,Y,,A,01,0,0,1,0,0,0,0,0,0,"- ","- ",,,MADERA,CHOWCHILLA,-120.23584990000001,37.1076701
8413147,2017,2018-03-22,2001,2017-06-25,1212,0685,B,7,5,3,2001,0,0,0,,0,,"WEST ROBERTSON BL","COUNTY ROAD 15",0.00,,N,A,-,Y,MAD,6,233,-,-,1.910,H,-,S,Y,3,0,1,1,A,-,03,22350,,N,E,I,A,A,H,-,A,D,0,,,,,Y,,A,01,0,1,0,0,0,0,0,0,0,"- ","- ",,,MADERA,CHOWCHILLA,-120.27745456,37.106782039999999
8423254,2017,2017-11-14,2002,2017-07-29,1901,4274,,6,5,4,2002,0,0,0,,0,002,"CLEVELAND AV E","TULARE ST",15.00,E,N,A,-,N,,,,,,,,,,Y,4,0,1,2,A,-,01,23153,A,N,-,C,A,A,H,-,A,-,0,,,,,Y,,D,22,0,0,1,0,0,0,0,0,0,"- ","- ",,,MADERA,MADERA,-120.05137888,36.974573649999996
8423498,2017,2018-03-22,2002,2017-06-30,1933,4399,,5,5,4,2002,0,0,0,,0,001,"RT 145","LAKE ST",0.00,,Y,A,-,Y,MAD,6,145,-,-,10.150,I,5,S,Y,4,0,1,2,A,-,12,21453,A,F,D,C,A,A,H,-,A,A,0,,,,,Y,,A,01,0,0,1,0,0,0,0,0,0,"- ","- ",,,MADERA,MADERA,-120.05429375999999,36.965434080000001
8425054,2017,2017-08-10,2002,2017-07-11,1420,4224,,2,5,4,2002,0,0,0,,0,001,"TOZER RD","A ST",0.00,,Y,A,-,N,,,,,,,,,,N,4,0,1,2,A,-,09,21801,A,N,D,C,A,A,H,-,A,D,0,,,,,Y,,A,07,0,0,1,0,0,0,0,0,0,"- ","- ",,,MADERA,MADERA,-120.037662,36.956232
8425280,2017,2017-08-17,2002,2017-07-19,1935,2990,CITY,3,5,4,2002,0,0,0,,0,001,"ALMOND AV E","TOZER ST",0.00,,Y,A,-,N,,,,,,,,,,Y,4,0,1,2,A,-,12,22450,,N,D,C,A,A,H,-,B,A,0,,,,,Y,,D,22,0,0,1,0,0,0,0,0,0,"- ","- ",,,MADERA,MADERA,-120.0376395,36.945351000000002
8425897,2017,2017-12-06,2002,2017-07-25,1856,3850,,2,5,4,2002,0,0,0,,0,003,"GRANADA DR N","DEBORAH LN",576.00,S,N,A,-,N,,,,,,,,,,Y,3,0,3,2,A,-,01,23153,A,N,C,C,A,A,H,-,A,D,0,,,,,Y,Y,A,01,0,1,2,0,0,0,0,0,0,"- ","- ",,,MADERA,MADERA,-120.09219,36.971558680000001
8425901,2017,2017-08-22,2002,2017-08-05,1523,4024,CITY,6,5,4,2002,0,0,0,,0,001,"GATEWAY DR N","3RD ST E",177.00,S,N,A,-,N,,,,,,,,,,Y,3,0,1,3,A,-,03,22350,,N,C,C,A,A,H,-,A,D,0,,,,,Y,,A,01,0,1,0,0,0,0,0,0,0,"- ","- ",,,MADERA,MADERA,-120.0629885,36.963582649999999
8425978,2017,2017-08-16,2002,2017-07-23,1402,4364,,7,5,4,2002,0,0,0,,0,003,"WESTBERRY BL","REN WY",63.00,S,N,A,-,N,,,,,,,,,,Y,4,0,1,1,A,-,08,22107,,N,E,I,A,A,H,-,A,D,0,,,,,Y,,A,01,0,0,1,0,0,0,0,0,0,"- ","- ",,,MADERA,MADERA,-120.10128674000001,36.953757060000001
8425982,2017,2017-08-16,2002,2017-07-26,1433,4224,,3,5,4,2002,0,0,0,,0,003,"WILLIAMS AV","VENTURA AV",0.00,,Y,A,-,N,,,,,,,,,,Y,3,0,1,2,A,-,09,21800,A,N,D,C,A,A,H,-,A,A,0,,,,,Y,,A,01,0,1,0,0,0,0,0,0,0,"- ","- ",,,MADERA,MADERA,-120.07888991,36.961570029999997
8430803,2017,2018-05-11,2002,2017-07-25,1206,4224,,2,5,4,2002,0,0,0,,0,003,"4TH ST","RT 99",0.00,,Y,A,-,Y,MAD,6,99,-,-,10.883,R,4,S,Y,4,0,1,2,A,-,12,21453,A,N,D,C,A,A,H,-,A,A,0,,,,,Y,,A,07,0,0,1,0,0,0,0,0,0,"- ","- ",,,MADERA,MADERA,-120.06346071999999,36.960025950000002
8433098,2017,2017-12-02,2002,2017-07-12,2110,3660,MSC,3,5,4,2002,0,0,0,,0,002,"SONORA ST","ADELL ST E",2.00,S,N,A,-,N,,,,,,,,,,N,4,0,1,2,A,-,12,22450,A,F,G,B,B,A,-,-,C,A,0,Y,,,,Y,Y,-,99,0,0,1,0,1,0,0,0,0,"- ","- ",,,MADERA,MADERA,-120.06659000000001,36.98282451
8433102,2017,2018-05-11,2002,2017-07-10,1332,4224,,1,5,4,2002,0,0,0,,0,001,"LAKE ST","RT 145",33.00,S,N,A,-,Y,MAD,6,145,-,-,10.150,I,6,N,Y,4,0,1,2,A,-,03,22350,,N,C,C,A,A,H,-,A,A,0,,,,,Y,,A,01,0,0,1,0,0,0,0,0,0,"- ","- ",,,MADERA,MADERA,-120.05429375999999,36.965434080000001
8439707,2017,2017-09-12,2002,2017-07-12,1648,4224,,3,5,4,2002,0,0,0,,0,002,"LAKE ST","LINCOLN AV",20.00,N,N,A,-,N,,,,,,,,,,N,4,0,1,2,A,-,03,22350,,N,C,C,A,A,H,-,A,A,0,,,,,Y,,A,07,0,0,1,0,0,0,0,0,0,"- ","- ",,,MADERA,MADERA,-120.05623,36.971724909999999
8439711,2017,2017-09-25,2002,2017-08-12,2221,4473,,6,5,4,2002,0,0,0,,0,001,"D ST N","2ND ST E",226.00,S,N,A,-,N,,,,,,,,,,Y,2,0,1,2,A,-,01,23152,A,N,C,E,A,A,H,-,C,D,0,,,,,Y,Y,D,22,1,0,0,0,0,0,0,0,0,"- ","- ",,,MADERA,MADERA,-120.06178060000001,36.965796339999997
8440217,2017,2017-09-07,2002,2017-08-11,1924,3277,,5,5,4,2002,0,0,0,,0,001,"TOZER ST","A ST S",0.00,,Y,A,-,N,,,,,,,,,,Y,3,0,1,2,A,-,09,21801,A,N,D,C,A,A,H,-,A,A,0,,,,,Y,,A,01,0,1,0,0,0,0,0,0,0,"- ","- ",,,MADERA,MADERA,-120.037662,36.956232
8440221,2017,2017-09-20,2002,2017-08-18,2024,4473,,5,5,4,2002,0,0,0,,0,002,"LAKE ST N","RIVERVIEW DR",0.00,,Y,A,-,N,,,,,,,,,,N,4,0,1,2,A,-,10,21950,A,F,G,B,B,A,H,-,C,D,0,Y,,,,Y,Y,A,01,0,0,1,0,1,0,0,0,0,"- ","- ",,,MADERA,MADERA,,
8440225,2017,2017-09-07,2002,2017-08-16,1356,4224,,3,5,4,2002,0,0,0,,0,003,"GATEWAY DR","4TH ST",120.00,N,N,A,-,N,,,,,,,,,,N,4,0,1,2,A,-,09,21804,A,N,D,G,A,A,H,-,A,D,0,,Y,,,Y,,A,01,0,0,1,0,0,0,1,0,0,"- ","- ",,,MADERA,MADERA,-120.06270864,36.963305830000003
8445803,2017,2018-05-04,2002,2017-08-16,1555,4224,,3,5,4,2002,0,0,0,,0,003,"GATEWAY DR","RT 99",60.00,W,N,A,-,N,,,,,,,,,,Y,4,0,1,2,A,-,09,21801,A,N,D,C,A,A,H,-,A,D,0,,,,,Y,,A,07,0,0,1,0,0,0,0,0,0,"- ","- ",,,MADERA,MADERA,-120.0484137,36.949184350000003
8449800,2017,2017-09-27,2001,2017-07-22,2315,042,B,6,5,3,2001,0,0,0,,0,,"AVENUE 24 1/2","AVENUE 24 1/2 17000 BLK",0.00,,-,A,-,N,,,,,,,,,,Y,2,0,1,1,A,-,01,23152,A,N,A,I,A,A,H,-,D,A,0,,,,,Y,Y,A,01,1,0,0,0,0,0,0,0,0,"- ","- ",,,MADERA,CHOWCHILLA,,
8450083,2017,2017-09-25,2002,2017-08-11,2113,4274,,5,5,4,2002,0,0,0,,0,002,"ADELL ST","AUSTIN AV",32.00,W,N,A,-,N,,,,,,,,,,N,4,0,1,2,A,-,03,22350,A,F,C,C,A,A,H,-,D,A,0,,,,,Y,Y,A,08,0,0,1,0,0,0,0,0,0,"- ","- ",,,MADERA,MADERA,-120.0597795,36.98281077
8450087,2017,2017-09-25,2002,2017-08-03,1428,3651,,4,5,4,2002,0,0,0,,0,001,"6TH ST E","A ST S",16.00,E,N,A,-,N,,,,,,,,,,N,3,0,2,2,A,-,05,21650,1,N,A,G,A,A,H,-,A,A,0,,Y,,,Y,,L,04,0,2,0,0,0,0,2,0,0,"- ","- ",,,MADERA,MADERA,-120.05428706000001,36.963847250000001
8450102,2017,2017-09-25,2002,2017-08-30,0521,4479,,3,5,4,2002,0,0,0,,0,002,"LAKE ST N","JAMES WY",47.00,N,N,A,-,N,,,,,,,,,,N,4,0,1,2,A,-,11,21950,B,N,G,B,D,A,H,-,C,D,0,Y,,,,Y,,N,60,0,0,1,0,1,0,0,0,0,"- ","- ",,,MADERA,MADERA,-120.05616999999999,36.97891903