CASE_ID,ACCIDENT_YEAR,PROC_DATE,JURIS,COLLISION_DATE,COLLISION_TIME,OFFICER_ID,REPORTING_DISTRICT,DAY_OF_WEEK,CHP_SHIFT,POPULATION,CNTY_CITY_LOC,SPECIAL_COND,BEAT_TYPE,CHP_BEAT_TYPE,CITY_DIVISION_LAPD,CHP_BEAT_CLASS,BEAT_NUMBER,PRIMARY_RD,SECONDARY_RD,DISTANCE,DIRECTION,INTERSECTION,WEATHER_1,WEATHER_2,STATE_HWY_IND,CALTRANS_COUNTY,CALTRANS_DISTRICT,STATE_ROUTE,ROUTE_SUFFIX,POSTMILE_PREFIX,POSTMILE,LOCATION_TYPE,RAMP_INTERSECTION,SIDE_OF_HWY,TOW_AWAY,COLLISION_SEVERITY,NUMBER_KILLED,NUMBER_INJURED,PARTY_COUNT,PRIMARY_COLL_FACTOR,PCF_CODE_OF_VIOL,PCF_VIOL_CATEGORY,PCF_VIOLATION,PCF_VIOL_SUBSECTION,HIT_AND_RUN,TYPE_OF_COLLISION,MVIW,PED_ACTION,ROAD_SURFACE,ROAD_COND_1,ROAD_COND_2,LIGHTING,CONTROL_DEVICE,CHP_ROAD_TYPE,PEDESTRIAN_ACCIDENT,BICYCLE_ACCIDENT,MOTORCYCLE_ACCIDENT,TRUCK_ACCIDENT,NOT_PRIVATE_PROPERTY,ALCOHOL_INVOLVED,STWD_VEHTYPE_AT_FAULT,CHP_VEHTYPE_AT_FAULT,COUNT_SEVERE_INJ,COUNT_VISIBLE_INJ,COUNT_COMPLAINT_PAIN,COUNT_PED_KILLED,COUNT_PED_INJURED,COUNT_BICYCLIST_KILLED,COUNT_BICYCLIST_INJURED,COUNT_MC_KILLED,COUNT_MC_INJURED,PRIMARY_RAMP,SECONDARY_RAMP,LATITUDE,LONGITUDE,COUNTY,CITY,POINT_X,POINT_Y
8772840,2018,2019-02-01,2002,2018-12-17,2243,4497,,1,5,4,2002,0,0,0,,0,004,"RT 145","LEWIS ST",298.00,N,N,A,-,Y,MAD,6,145,-,-,9.054,I,5,N,Y,4,0,1,2,A,-,12,21453,,N,D,C,A,A,H,-,C,A,0,,,,,Y,,A,01,0,0,1,0,0,0,0,0,0,"- ","- ",,,MADERA,MADERA,-120.05609893798828,36.952594757080078
8779598,2018,2019-02-01,2002,2018-12-16,1326,4462,MADER,7,5,4,2002,0,0,0,,0,004,"RT 145","STANFORD AV",8.00,N,N,A,-,Y,MAD,6,145,-,-,7.830,H,-,S,Y,2,0,3,3,A,-,09,21801,,N,A,C,A,A,H,-,A,D,0,,,,Y,Y,,-,99,1,1,1,0,0,0,0,0,0,"- ","- ",,,MADERA,MADERA,-120.05604553222656,36.935001373291016
8782335,2018,2019-01-24,2002,2018-12-31,1501,4364,,1,5,4,2002,0,0,0,,0,003,"NORTH SCHNOOR AV","FOXGLOVE WY",80.00,E,N,A,-,N,,,,,,,,,,N,3,0,1,1,A,-,01,23152,A,N,E,I,A,A,H,-,A,D,0,,,,,Y,Y,A,01,0,1,0,0,0,0,0,0,0,"- ","- ",,,MADERA,MADERA,-120.08576965332031,36.978366851806641
8783472,2018,2019-05-25,2001,2018-11-27,2049,064,B,2,5,3,2001,0,0,0,,0,,"ORANGE AV","S 1ST ST",0.00,,Y,C,-,N,,,,,,,,,,Y,3,0,1,2,D,-,00,,,N,D,C,A,B,G,-,C,D,0,,,,,Y,,-,"- ",0,1,0,0,0,0,0,0,0,"- ","- ",,,MADERA,CHOWCHILLA,-120.25734710693359,37.122020721435547
8789279,2018,2019-03-04,2001,2018-07-30,0916,057,B,1,5,3,2001,0,0,0,,0,,"GOLF DRIVE WEST","PLUMCREEK WY",0.00,,Y,A,-,N,,,,,,,,,,N,3,0,1,2,A,-,08,22107,,N,B,G,A,A,H,-,A,D,0,,Y,,,Y,,A,01,0,1,0,0,0,0,1,0,0,"- ","- ",,,MADERA,CHOWCHILLA,-120.22075653076172,37.114921569824219
8791820,2019,2019-03-13,2002,2019-01-09,1629,2947,,3,5,4,2002,0,0,0,,0,001,"RT 145","D ST N",70.00,E,N,B,-,Y,MAD,6,145,-,-,9.850,H,-,S,N,4,0,1,2,A,-,03,22350,,N,C,C,A,A,H,-,A,D,0,,,,,Y,,A,01,0,0,1,0,0,0,0,0,0,"- ","- ",,,MADERA,MADERA,-120.05824279785156,36.962795257568359
8791975,2019,2019-02-15,2002,2019-01-10,1450,4224,,4,5,4,2002,0,0,0,,0,002,"CLEVELAND AV","OWENS ST",0.00,,Y,A,-,N,,,,,,,,,,Y,4,0,1,2,A,-,09,21800,A,N,D,C,A,A,H,-,A,A,0,,,,,Y,,A,07,0,0,1,0,0,0,0,0,0,"- ","- ",,,MADERA,MADERA,-120.07012176513672,36.974540710449219
8794266,2019,2019-03-22,2002,2019-01-22,1744,2947,,2,5,4,2002,0,0,0,,0,003,"CLEVELAND AV W","RT 99",100.00,E,N,A,-,Y,MAD,6,99,-,-,12.304,R,4,S,N,4,0,1,3,A,-,03,22350,,N,C,C,A,A,H,-,C,D,0,,,,,Y,,A,01,0,0,1,0,0,0,0,0,0,"- ",SF,,,MADERA,MADERA,-120.0787353515625,36.976467132568359
8796453,2018,2019-02-13,2001,2018-10-20,2109,064,A,6,5,3,2001,0,0,0,,0,,"KITES WY","KITES WY 147",0.00,,-,A,-,N,,,,,,,,,,Y,4,0,1,2,D,-,00,,,N,C,E,A,A,H,-,C,D,0,,,,,Y,,-,"- ",0,0,1,0,0,0,0,0,0,"- ","- ",,,MADERA,CHOWCHILLA,-120.279036,37.114612000000001
8796548,2018,2019-04-30,2001,2018-12-03,0731,069,A,1,5,3,2001,0,0,0,,0,,"ROBERTSON BL","ROBERTSON BL 1500 BLOCK",0.00,,-,A,-,N,,,,,,,,,,N,2,0,1,2,D,-,00,,,N,G,B,B,A,H,-,A,A,0,Y,,,,Y,,-,"- ",1,0,0,0,1,0,0,0,0,"- ","- ",,,MADERA,CHOWCHILLA,,
8797563,2019,2019-02-11,2002,2019-01-16,1837,4473,,3,5,4,2002,0,0,0,,0,004,"OLIVE AV W","6TH ST W",0.00,,Y,C,-,N,,,,,,,,,,Y,3,0,2,2,A,-,09,21800,A,N,A,C,A,B,G,-,C,D,0,,,,,Y,,A,01,0,2,0,0,0,0,0,0,0,"- ","- ",,,MADERA,MADERA,-120.07022857666016,36.952869415283203
8797904,2019,2019-02-11,2002,2019-01-26,0057,4462,MADER,6,5,4,2002,0,0,0,,0,002,"E KENNEDY ST","E KENNEDY ST 11010",0.00,,Y,A,-,N,,,,,,,,,,Y,3,0,1,1,A,-,01,23152,A,N,E,I,A,A,H,-,C,A,0,,,,,Y,Y,A,01,0,1,0,0,0,0,0,0,0,"- ","- ",,,MADERA,MADERA,,
8805684,2019,2019-02-21,2002,2019-01-31,1531,4262,,4,5,4,2002,0,0,0,,0,001,"6TH ST E","D ST S",0.00,,Y,A,-,N,,,,,,,,,,N,4,0,1,2,A,-,09,21800,A,N,D,C,A,A,H,-,A,A,0,,,,,Y,,A,01,0,0,1,0,0,0,0,0,0,"- ","- ",,,MADERA,MADERA,-120.05751037597656,36.961669921875
8825143,2019,2019-04-02,2002,2019-02-09,2214,4461,,6,5,4,2002,0,0,0,,0,003,"WEST 4TH ST","NORTH GATEWAY DR",172.00,E,N,C,-,N,,,,,,,,,,N,4,0,1,2,A,-,03,22350,,N,C,C,A,B,H,-,C,A,0,,,,,Y,,D,22,0,0,1,0,0,0,0,0,0,"- ","- ",,,MADERA,MADERA,-120.06244659423828,36.963050842285156
8825151,2019,2019-04-03,2002,2019-03-14,0641,4479,MADER,4,5,4,2002,0,0,0,,0,002,"CLEVELAND AV E","TULARE ST",34.00,E,N,A,-,N,,,,,,,,,,Y,4,0,1,2,A,-,01,23153,A,N,C,C,A,A,H,-,B,A,0,,,,,Y,Y,D,22,0,0,1,0,0,0,0,0,0,"- ","- ",,,MADERA,MADERA,-120.05131530761719,36.974578857421875
8825158,2019,2019-03-29,2002,2019-01-31,0749,4363,,4,5,4,2002,0,0,0,,0,002,"LINCOLN AV","DELLAVALLE AV",28.00,W,N,B,C,N,,,,,,,,,,N,3,0,1,2,A,-,11,21954,A,N,G,B,D,B,H,-,A,A,0,Y,,,Y,Y,,N,60,0,1,0,0,1,0,0,0,0,"- ","- ",,,MADERA,MADERA,-120.06096649169922,36.971668243408203
8825537,2019,2019-04-15,2002,2019-02-28,0646,4479,MADER,4,5,4,2002,0,0,0,,0,001,"LILLY ST","SAWMILL ST",221.00,E,N,A,-,N,,,,,,,,,,Y,3,0,2,2,B,-,22,,,N,A,E,A,A,H,-,A,D,0,,,,,Y,,A,01,0,1,1,0,0,0,0,0,0,"- ","- ",,,MADERA,MADERA,-120.04530334472656,36.962791442871094
8826352,2019,2019-05-07,2002,2019-03-02,1931,4462,MADER,6,5,4,2002,0,0,0,,0,004,"RT 145","ALMOND AV",0.00,,Y,B,C,Y,MAD,6,145,-,-,8.564,I,5,N,N,4,0,1,2,A,-,08,22107,,N,D,G,A,B,H,-,C,A,0,,Y,,,Y,,A,01,0,0,1,0,0,0,1,0,0,"- ","- ",,,MADERA,MADERA,-120.0560302734375,36.945575714111328
8827764,2019,2019-04-09,2002,2019-03-20,0837,4363,,3,5,4,2002,0,0,0,,0,004,"PECAN AV","WATT ST",0.00,,Y,B,-,N,,,,,,,,,,N,3,0,3,2,A,-,09,21801,A,N,D,C,A,B,H,-,A,D,0,,,,,Y,,A,01,0,1,2,0,0,0,0,0,0,"- ","- ",,,MADERA,MADERA,-120.05126,36.938299999999998
8827784,2019,2019-04-12,2002,2019-02-18,1714,4515,MSC,1,5,4,2002,0,0,0,,0,002,"CLEVELAND AV E","D ST N",43.00,W,N,A,-,N,,,,,,,,,,N,3,0,1,2,A,-,11,21954,A,N,G,B,D,A,H,-,A,A,0,Y,,,,Y,Y,N,60,0,1,0,0,1,0,0,0,0,"- ","- ",,,MADERA,MADERA,-120.06332397460938,36.974529266357422
8831704,2019,2019-05-16,2002,2019-02-16,0054,4462,MADER,6,5,4,2002,0,0,0,,0,003,"COUNTY ROAD 24","KENNEDY ST W",31.00,N,N,C,-,N,,,,,,,,,,Y,3,0,1,1,A,-,01,23152,,N,F,I,A,B,H,-,D,A,0,,,,,Y,Y,A,01,0,1,0,0,0,0,0,0,0,"- ","- ",,,MADERA,MADERA,,
8835123,2019,2019-08-26,2002,2019-03-08,1251,4466,,5,5,4,2002,0,0,0,,0,003,"CLEVELAND AV W","RT 99",566.00,E,N,A,-,Y,MAD,6,99,-,-,12.001,R,4,S,N,3,0,3,3,A,-,03,22350,,N,C,C,A,A,H,-,A,A,0,,,,,Y,,A,01,0,1,2,0,0,0,0,0,0,"- ","- ",,,MADERA,MADERA,-120.07494354248047,36.973358154296875
8835127,2019,2019-05-09,2002,2019-03-07,1629,4224,,4,5,4,2002,0,0,0,,0,003,"CLEVELAND AV","RT 99",754.00,W,N,B,C,N,,,,,,,,,,Y,3,0,2,2,A,-,01,23152,F,N,A,C,A,B,H,-,B,D,0,,,,,Y,,A,01,0,1,1,0,0,0,0,0,0,"- ","- ",,,MADERA,MADERA,-120.07903289794922,36.974540710449219
8835135,2019,2019-04-05,2002,2019-03-01,1449,4262,,5,5,4,2002,0,0,0,,0,004,"COUNTY ROAD 28 1/4","PECAN AV EAST",0.00,,Y,A,-,N,,,,,,,,,,Y,3,0,2,2,A,-,09,21802,A,N,D,C,A,A,H,-,A,A,0,,,,,Y,,A,01,0,2,0,0,0,0,0,0,0,"- ","- ",,,MADERA,MADERA,-120.03816986083984,36.9381103515625
8836896,2019,2019-04-16,2002,2019-03-31,1720,4224,,7,5,4,2002,0,0,0,,0,003,"G ST","2ND ST",0.00,,Y,A,-,N,,,,,,,,,,N,4,0,1,2,A,-,12,22450,A,N,D,C,A,A,H,-,A,A,0,,,,,Y,,A,08,0,0,1,0,0,0,0,0,0,"- ","- ",,,MADERA,MADERA,-120.06535339355469,36.964160919189453
8837362,2019,2019-05-20,2001,2019-03-24,1757,069,A,7,5,3,2001,0,0,0,,0,,"WEST ROBERTSON BL","3RD ST",0.00,,Y,A,-,N,,,,,,,,,,Y,4,0,1,2,A,-,09,21802,A,N,D,C,A,A,H,-,A,D,0,,,,,Y,,A,01,0,0,1,0,0,0,0,0,0,"- ","- ",,,MADERA,CHOWCHILLA,-120.26094999999999,37.122140000000002
8838041,2019,2019-05-24,2002,2019-03-12,1137,4363,,2,5,4,2002,0,0,0,,0,004,"RT 145","LEWIS ST",80.00,S,N,A,-,Y,MAD,6,145,-,-,8.970,H,-,S,Y,3,0,1,2,A,-,09,21801,,N,D,C,A,A,H,-,A,A,0,,,,,Y,,A,01,0,1,0,0,0,0,0,0,0,"- ","- ",,,MADERA,MADERA,-120.05606842041016,36.951419830322266
8840055,2019,2019-04-23,2001,2019-03-20,0838,070,A,3,5,3,2001,0,0,0,,0,,"S FRONT ST","WEST ROBERTSON BL",0.00,,N,C,-,N,,,,,,,,,,N,4,0,1,2,A,-,09,21804,A,N,D,A,A,B,G,-,A,D,0,,,,,Y,,A,01,0,0,1,0,0,0,0,0,0,"- ","- ",,,MADERA,CHOWCHILLA,-120.25830999999999,37.124220000000001
8843655,2018,2019-05-17,2001,2018-12-26,1955,064,A,3,5,3,2001,0,0,0,,0,,"HOWELL RD","COTTONWOOD DR",0.00,,Y,A,-,N,,,,,,,,,,Y,3,0,1,2,A,-,01,23152,A,N,C,E,A,A,H,-,C,D,0,,,,,Y,Y,A,01,0,1,0,0,0,0,0,0,0,"- ","- ",,,MADERA,CHOWCHILLA,-120.28482,37.119990000000001
8846764,2019,2019-08-27,2002,2019-04-18,0732,4262,,4,5,4,2002,0,0,0,,0,003,"GATEWAY DR","RT 145",0.00,,Y,A,-,Y,MAD,6,145,-,-,9.680,I,5,N,N,4,0,1,2,A,-,12,21453,A,N,D,C,A,A,H,-,A,A,0,,,,,Y,,D,22,0,0,1,0,0,0,0,0,0,"- ","- ",,,MADERA,MADERA,-120.06059265136719,36.961269378662109
8847781,2019,2019-04-23,2001,2019-02-24,1650,064,A,7,5,3,2001,0,0,0,,0,,"KITES WY","MYER DR",0.00,,Y,A,-,N,,,,,,,,,,N,4,0,1,2,C,-,18,,,N,H,G,A,A,H,-,A,D,0,,Y,,,Y,,-,"- ",0,0,1,0,0,0,1,0,0,"- ","- ",,,MADERA,CHOWCHILLA,-120.279077,37.110855000000001
8856015,2019,2019-05-16,2002,2019-05-05,0831,4466,,7,5,4,2002,0,0,0,,0,002,"COUNTRY CLUB DR","W SHERWOOD WY",0.00,,Y,A,-,N,,,,,,,,,,Y,4,0,1,2,A,-,12,21453,A,N,D,C,A,A,H,-,A,A,0,,,,,Y,,A,01,0,0,1,0,0,0,0,0,0,"- ","- ",,,MADERA,MADERA,-120.07421112060547,36.977260589599609
8857139,2019,2019-05-16,2002,2019-04-12,1549,4262,,5,5,4,2002,0,0,0,,0,004,"K ST S","6TH ST W",0.00,,Y,A,-,N,,,,,,,,,,N,3,0,2,2,A,-,09,21804,A,N,D,C,A,A,H,-,A,A,0,,,,,Y,,D,22,0,1,1,0,0,0,0,0,0,"- ","- ",,,MADERA,MADERA,-120.06477355957031,36.956729888916016
8857143,2019,2019-05-17,2002,2019-04-27,1149,4467,,6,5,4,2002,0,0,0,,0,001,"WALLACE AV","A ST S",0.00,,Y,A,-,N,,,,,,,,,,N,4,0,2,2,A,-,09,21800,A,N,D,C,A,A,H,-,A,D,0,,,,,Y,,D,22,0,0,2,0,0,0,0,0,0,"- ","- ",,,MADERA,MADERA,-120.04550170898438,36.956310272216797
8857190,2019,2019-05-16,2002,2019-04-05,1812,4467,,5,5,4,2002,0,0,0,,0,,"A ST S","6TH ST E",0.00,,Y,A,-,N,,,,,,,,,,Y,3,0,1,2,A,-,09,21802,A,N,D,C,A,A,H,-,A,A,0,,,,,Y,,D,22,0,1,0,0,0,0,0,0,0,"- ","- ",,,MADERA,MADERA,-120.05432891845703,36.963821411132812
8857390,2019,2019-05-16,2002,2019-04-29,0740,4479,MADER,1,5,4,2002,0,0,0,,0,002,"LAKE ST N","LINCOLN AV E",0.00,,Y,A,-,N,,,,,,,,,,N,4,0,1,2,A,-,08,22107,,N,G,B,B,A,H,-,A,D,0,Y,,,,Y,,A,01,0,0,1,0,1,0,0,0,0,"- ","- ",,,MADERA,MADERA,-120.05622863769531,36.971668243408203
8857394,2019,2019-05-16,2002,2019-04-02,1921,4365,,2,5,4,2002,0,0,0,,0,002,"LA JOLLA WY","SALVADOR WY",155.00,E,N,A,-,N,,,,,,,,,,N,2,0,1,2,A,-,03,22350,,N,G,B,D,A,H,-,A,D,0,Y,,,,Y,,A,01,1,0,0,0,1,0,0,0,0,"- ","- ",,,MADERA,MADERA,-120.04588317871094,36.986263275146484
8871960,2019,2019-07-18,2002,2019-05-19,1805,4497,MSC,7,5,4,2002,0,0,0,,0,011,"TOZER ST","AVE 15",62.00,,N,B,-,N,,,,,,,,,,Y,4,0,1,1,A,-,01,23152,,N,E,I,A,B,H,-,A,D,0,,,,,Y,Y,D,22,0,0,1,0,0,0,0,0,0,"- ","- ",,,MADERA,MADERA,-120.03769699999999,36.967109000000001
8871976,2019,2019-07-19,2002,2019-06-20,0113,3651,,4,5,4,2002,0,0,0,,0,004,"ALMOND AV W","SCHNOOR AV S",510.00,E,N,A,-,N,,,,,,,,,,N,3,0,1,2,A,-,01,23152,A,N,E,E,A,A,H,-,C,D,0,,,,,Y,Y,-,,0,1,0,0,0,0,0,0,0,"- ","- ",,,MADERA,MADERA,-120.08136749267578,36.945571899414062
8872297,2021,2021-10-04,2002,2021-09-12,2311,4614,CITY,7,5,4,2002,0,0,0,,0,004,"PECAN AV W","RT 145",139.00,W,N,A,-,Y,MAD,6,145,-,-,8.060,I,6,S,Y,4,0,1,1,A,-,03,22350,,N,E,I,A,A,G,H,C,D,0,,,,,Y,,A,01,0,0,1,0,0,0,0,0,0,"- ","- ",,,MADERA,MADERA,-120.05602264404297,36.9383544921875
8872597,2019,2019-06-13,2002,2019-05-11,1853,4483,,6,5,4,2002,0,0,0,,0,002,"GATEWAY DR S","10TH ST W",186.00,S,N,A,-,N,,,,,,,,,,Y,3,0,1,1,C,-,18,,,N,A,I,A,A,H,-,A,D,0,,,,,Y,,-,"- ",0,1,0,0,0,0,0,0,0,"- ","- ",,,MADERA,MADERA,-120.05496215820312,36.955863952636719
8875125,2019,2019-06-14,2002,2019-05-11,1146,4483,,6,5,4,2002,0,0,0,,0,001,"YOSEMITE AV","MAGNOLIA ST",275.00,E,N,A,-,N,,,,,,,,,,Y,3,0,2,2,A,-,08,22107,,N,B,C,A,A,H,-,A,D,0,,,,,Y,,A,01,0,1,1,0,0,0,0,0,0,"- ","- ",,,MADERA,MADERA,-120.04869079589844,36.969528198242188
8875909,2019,2019-09-23,2002,2019-05-07,1008,3567,,2,5,4,2002,0,0,0,,0,003,"CLEVELAND AV","RT 99",400.00,W,N,A,-,N,,,,,,,,,,N,3,0,1,2,A,-,05,21650,1,N,B,G,A,A,H,-,A,D,0,,Y,,,Y,,L,04,0,1,0,0,0,0,1,0,0,"- ","- ",,,MADERA,MADERA,-120.07781982421875,36.974529266357422
8877220,2019,2019-06-12,2002,2019-05-31,2009,4465,MADER,5,5,4,2002,0,0,0,,0,004,"YOSEMITE AV W","G ST N",7.00,W,N,A,-,N,,,,,,,,,,N,3,0,1,2,A,-,10,21950,,F,D,G,A,A,H,-,B,A,0,,Y,,,Y,,A,01,0,1,0,0,0,0,1,0,0,"- ","- ",,,MADERA,MADERA,-120.06166076660156,36.960597991943359
8877613,2019,2019-06-13,2002,2019-05-16,1515,3567,CITY,4,5,4,2002,0,0,0,,0,003,"SUNSET AV","PINE ST N",0.00,,Y,A,-,N,,,,,,,,,,N,3,0,1,2,A,-,05,21650,1,N,D,G,A,A,H,-,A,A,0,,Y,,,Y,,L,04,0,1,0,0,0,0,1,0,0,"- ","- ",,,MADERA,MADERA,-120.07404327392578,36.960109710693359
8877621,2019,2019-06-13,2002,2019-05-02,1611,4363,MSC,4,5,4,2002,0,0,0,,0,003,"GATEWAY DR","CLEVELAND AV",26.00,N,N,A,-,N,,,,,,,,,,N,3,0,1,2,A,-,00,21650,5,N,D,G,A,A,H,-,A,A,0,,Y,,,Y,,L,04,0,1,0,0,0,0,1,0,0,"- ","- ",,,MADERA,MADERA,-120.07472991943359,36.974910736083984
8877625,2019,2019-06-13,2002,2019-05-02,1729,4536,,4,5,4,2002,0,0,0,,0,004,"PECAN AV E","GOLDEN STATE BL S",0.00,,Y,A,-,N,,,,,,,,,,Y,2,0,1,2,A,-,09,21804,A,N,D,C,A,A,H,-,A,D,0,,,,,Y,,A,01,1,0,0,0,0,0,0,0,0,"- ","- ",,,MADERA,MADERA,-120.03816986083984,36.9381103515625
8877629,2019,2019-06-13,2002,2019-05-03,1728,4497,,5,5,4,2002,0,0,0,,0,002,"LAKE ST N","LINCOLN AV E",140.00,N,N,A,-,N,,,,,,,,,,N,4,0,1,2,A,-,06,21755,,N,D,C,A,A,H,-,A,A,0,,,Y,,Y,,C,02,0,0,1,0,0,0,0,0,1,"- ","- ",,,MADERA,MADERA,-120.05622863769531,36.972053527832031
8882884,2019,2019-07-08,2002,2019-05-19,0937,4483,,7,5,4,2002,0,0,0,,0,002,"TOZER ST","RAYMOND RD",60.00,E,N,A,-,N,,,,,,,,,,Y,4,0,1,3,A,-,03,22350,,N,C,C,A,A,H,-,A,A,0,,,,,Y,,A,01,0,0,1,0,0,0,0,0,0,"- ","- ",,,MADERA,MADERA,-120.04433441162109,36.974498748779297
8883152,2019,2019-07-10,2002,2019-05-25,1104,4497,,6,5,4,2002,0,0,0,,0,001,"3RD ST E","B ST N",86.00,E,N,A,-,N,,,,,,,,,,Y,4,0,1,2,A,-,08,22107,,N,C,E,A,A,H,-,A,A,0,,,,,Y,,A,07,0,0,1,0,0,0,0,0,0,"- ","- ",,,MADERA,MADERA,-120.05898284912109,36.966941833496094
8883378,2019,2019-07-12,2002,2019-06-12,0921,4262,,3,5,4,2002,0,0,0,,0,003,"GRANADA DR N","CLEVELAND AV W",0.00,,Y,A,-,N,,,,,,,,,,N,4,0,1,2,A,-,09,21802,A,N,D,C,A,A,H,-,A,A,0,,Y,,,Y,,-,,0,0,1,0,0,0,1,0,0,"- ","- ",,,MADERA,MADERA,-120.09226989746094,36.974620819091797
8883379,2019,2019-11-20,2002,2019-06-06,2311,4498,MSC,4,5,4,2002,0,0,0,,0,001,"RT 145","ELM AV",0.00,,Y,A,-,Y,MAD,6,145,-,-,10.830,H,-,N,N,3,0,3,3,A,-,01,23153,,N,C,C,A,A,H,-,C,A,0,,,,,Y,Y,-,,0,1,2,0,0,0,0,0,0,"- ","- ",,,MADERA,MADERA,-120.045654296875,36.971942901611328
8888160,2019,2019-11-20,2002,2019-06-06,1532,4499,MSC,4,5,4,2002,0,0,0,,0,001,"RT 145","TOZER ST",346.00,E,N,A,-,Y,MAD,6,145,-,-,11.090,H,-,S,Y,3,0,2,2,A,-,09,21804,A,N,D,C,A,A,H,-,A,D,0,,,,,Y,,A,01,0,2,0,0,0,0,0,0,0,"- ","- ",,,MADERA,MADERA,-120.04205322265625,36.974132537841797
8890644,2019,2019-11-20,2002,2019-06-02,1657,4224,,7,5,4,2002,0,0,0,,0,004,"RT 145","STANFORD AV",850.00,S,N,A,-,Y,MAD,6,145,-,-,7.660,H,-,N,Y,2,0,2,2,A,-,05,21650,,N,A,C,A,A,H,-,A,D,0,,,,,Y,,A,07,2,0,0,0,0,0,0,0,0,"- ","- ",,,MADERA,MADERA,-120.05605316162109,36.932540893554688
8892129,2019,2020-01-03,2002,2019-06-14,1721,4224,,5,5,4,2002,0,0,0,,0,004,"RT 145","ALMOND AV",47.00,N,N,A,-,Y,MAD,6,145,-,-,8.570,H,-,S,Y,4,0,1,2,A,-,08,22107,,N,B,C,A,A,H,-,A,A,0,,,,,Y,,A,07,0,0,1,0,0,0,0,0,0,"- ","- ",,,MADERA,MADERA,-120.0560302734375,36.945663452148438
8892133,2019,2020-01-03,2002,2019-06-25,1342,4363,,2,5,4,2002,0,0,0,,0,004,"RT 145","6TH ST",0.00,,Y,A,-,Y,MAD,6,145,-,-,9.600,I,5,S,Y,3,0,2,2,A,-,12,21453,A,N,D,C,A,A,H,-,A,A,0,,,,,Y,,A,01,0,1,1,0,0,0,0,0,0,"- ","- ",,,MADERA,MADERA,-120.05958557128906,36.9603271484375
8897033,2019,2020-10-09,2002,2019-06-21,1820,4224,,5,5,4,2002,0,0,0,,0,004,"GATEWAY DR","OLIVE AV",1205.00,S,N,A,-,Y,MAD,6,99,-,-,9.560,R,4,N,Y,4,0,1,2,A,-,01,23152,A,N,B,C,A,A,H,-,A,D,0,,,,,Y,Y,A,01,0,0,1,0,0,0,0,0,0,"- ","- ",,,MADERA,MADERA,-120.05056762695312,36.950244903564453
8899365,2019,2019-07-30,2002,2019-07-04,1534,3657,,4,5,4,2002,0,0,0,,0,002,"D ST N","CLEVELAND AV E",0.00,,Y,A,-,N,,,,,,,,,,Y,4,0,1,2,A,-,00,24153,A,N,D,C,A,A,H,-,A,A,0,,,,,Y,,D,22,0,0,1,0,0,0,0,0,0,"- ","- ",,,MADERA,MADERA,-120.06317901611328,36.974529266357422
8899590,2019,2019-07-26,2002,2019-06-14,2059,3567,MSC,5,5,4,2002,0,0,0,,0,004,"W OLIVE AV","MONTEREY ST",10.00,E,N,A,-,N,,,,,,,,,,N,2,0,1,2,A,-,10,21950,C,F,G,B,B,A,H,-,C,D,0,Y,,,,Y,,A,01,1,0,0,0,1,0,0,0,0,"- ","- ",,,MADERA,MADERA,-120.06058502197266,36.952812194824219
8899594,2019,2020-01-03,2002,2019-06-19,1906,4498,MADER,3,5,4,2002,0,0,0,,0,001,"RT 145","N C ST",7.00,W,N,A,-,Y,MAD,6,145,-,-,9.910,I,5,S,N,3,0,1,2,A,-,10,21950,A,N,G,B,B,A,H,-,A,A,0,Y,,,,Y,,A,01,0,1,0,0,1,0,0,0,0,"- ","- ",,,MADERA,MADERA,-120.05743408203125,36.963306427001953
8899598,2019,2019-07-26,2002,2019-06-10,1720,4274,,1,5,4,2002,0,0,0,,0,002,"N D ST","E SOUTH ST",228.00,S,N,A,-,N,,,,,,,,,,Y,4,0,2,2,A,-,01,23152,A,F,A,C,A,A,H,-,A,D,0,,,,,Y,Y,A,07,0,0,2,0,0,0,0,0,0,"- ","- ",,,MADERA,MADERA,-120.06320190429688,36.969715118408203
8904191,2019,2020-01-03,2002,2019-06-16,1739,4497,,7,5,4,2002,0,0,0,,0,003,"CLEVELAND AV W","GATEWAY DR N",245.00,W,N,A,-,Y,MAD,6,99,-,-,12.242,R,4,N,N,4,0,1,2,A,-,08,22107,,N,D,G,A,A,H,-,A,A,0,,Y,,,Y,,L,04,0,0,1,0,0,0,1,0,0,"- ","- ",,,MADERA,MADERA,-120.07763671875,36.975818634033203
8910879,2019,2020-04-03,2002,2019-05-12,0030,4461,2002,7,5,4,2002,0,0,0,,0,002,"E CLEVELAND AV","N D ST",8.00,W,N,A,-,N,,,,,,,,,,N,1,1,0,2,A,-,10,21950,A,F,G,B,B,A,H,-,C,A,0,Y,,,,Y,,D,22,0,0,0,1,0,0,0,0,0,"- ","- ",,,MADERA,MADERA,-120.06320953369141,36.974529266357422
8910980,2019,2020-04-16,2002,2019-10-27,1530,,,7,5,4,2002,0,0,0,,0,,"BEASORE RD","COUNTY ROAD 274",8.00,N,N,A,G,N,,,,,,,,,,Y,1,2,0,1,C,-,18,,,N,E,J,A,A,H,-,A,D,0,,,,,Y,,-,"- ",0,0,0,0,0,0,0,0,0,"- ","- ",37.385658264160156,-119.51959228515625,MADERA,MADERA,-119.51979064941406,37.385662078857422
8911565,2020,2020-09-16,2002,2020-08-22,0646,4499,MSC,6,5,4,2002,0,0,0,,0,001,"TOZER ST","KNOX ST S",0.00,,Y,A,-,N,,,,,,,,,,Y,1,1,0,2,A,-,05,21650,,F,A,C,A,A,H,-,A,D,0,,,,,Y,,D,22,0,0,0,0,0,0,0,0,0,"- ","- ",,,MADERA,MADERA,-120.03752,36.941160000000004
8913113,2019,2019-08-26,2001,2019-07-10,0012,064,B,3,5,3,2001,0,0,0,,0,,"CHOWCHILLA BL","CHOWCHILLA BL 100 BLK",0.00,S,N,A,-,N,,,,,,,,,,N,3,0,1,2,A,-,00,23103,A,F,G,B,D,A,H,-,C,D,0,Y,,,,Y,,-,,0,1,0,0,1,0,0,0,0,"- ","- ",,,MADERA,CHOWCHILLA,,
8915719,2019,2019-08-20,2002,2019-07-18,0148,4479,MADER,4,5,4,2002,0,0,0,,0,002,"CLEVELAND AV","LAKE ST N",0.00,,Y,A,-,N,,,,,,,,,,Y,3,0,1,2,A,-,01,23152,A,F,B,C,A,A,H,-,C,A,0,,,,,Y,Y,A,07,0,1,0,0,0,0,0,0,0,"- ","- ",,,MADERA,MADERA,-120.05623626708984,36.974510192871094