CASE_ID,ACCIDENT_YEAR,PROC_DATE,JURIS,COLLISION_DATE,COLLISION_TIME,OFFICER_ID,REPORTING_DISTRICT,DAY_OF_WEEK,CHP_SHIFT,POPULATION,CNTY_CITY_LOC,SPECIAL_COND,BEAT_TYPE,CHP_BEAT_TYPE,CITY_DIVISION_LAPD,CHP_BEAT_CLASS,BEAT_NUMBER,PRIMARY_RD,SECONDARY_RD,DISTANCE,DIRECTION,INTERSECTION,WEATHER_1,WEATHER_2,STATE_HWY_IND,CALTRANS_COUNTY,CALTRANS_DISTRICT,STATE_ROUTE,ROUTE_SUFFIX,POSTMILE_PREFIX,POSTMILE,LOCATION_TYPE,RAMP_INTERSECTION,SIDE_OF_HWY,TOW_AWAY,COLLISION_SEVERITY,NUMBER_KILLED,NUMBER_INJURED,PARTY_COUNT,PRIMARY_COLL_FACTOR,PCF_CODE_OF_VIOL,PCF_VIOL_CATEGORY,PCF_VIOLATION,PCF_VIOL_SUBSECTION,HIT_AND_RUN,TYPE_OF_COLLISION,MVIW,PED_ACTION,ROAD_SURFACE,ROAD_COND_1,ROAD_COND_2,LIGHTING,CONTROL_DEVICE,CHP_ROAD_TYPE,PEDESTRIAN_ACCIDENT,BICYCLE_ACCIDENT,MOTORCYCLE_ACCIDENT,TRUCK_ACCIDENT,NOT_PRIVATE_PROPERTY,ALCOHOL_INVOLVED,STWD_VEHTYPE_AT_FAULT,CHP_VEHTYPE_AT_FAULT,COUNT_SEVERE_INJ,COUNT_VISIBLE_INJ,COUNT_COMPLAINT_PAIN,COUNT_PED_KILLED,COUNT_PED_INJURED,COUNT_BICYCLIST_KILLED,COUNT_BICYCLIST_INJURED,COUNT_MC_KILLED,COUNT_MC_INJURED,PRIMARY_RAMP,SECONDARY_RAMP,LATITUDE,LONGITUDE,COUNTY,CITY,POINT_X,POINT_Y
90199704,2016,2016-06-13,9450,2016-06-02,0750,014354,,4,1,9,2000,0,1,3,,1,041,SR-145,"COUNTY ROAD 37",62.00,E,N,A,-,Y,,,,,,,,,,Y,4,0,1,2,A,-,03,22350,,N,C,C,A,A,H,-,A,D,0,,,,,Y,,A,01,0,0,1,0,0,0,0,0,0,"- ","- ",37.012099999999997,-119.87560000000001,MADERA,UNINCORPORATED,-119.87535779,37.010308549999998
90199718,2016,2016-06-13,9456,2016-06-06,1530,018052,,1,2,9,2000,0,3,5,,2,050,"LAKEWOOD DRIVE",SR-49,100.00,N,N,A,-,N,,,,,,,,,,N,3,0,1,2,A,-,09,21804,A,N,D,C,A,A,H,-,A,D,0,,,,,Y,,D,22,0,1,0,0,0,0,0,0,0,"- ","- ",37.338380000000001,-119.66946,MADERA,UNINCORPORATED,-119.66946,37.338380000000001
90200501,2016,2016-06-13,9450,2016-06-01,0120,012114,,3,3,9,2000,0,3,5,,2,040,"AVENUE 9","COUNTY ROAD 35",1320.00,E,N,A,-,N,,,,,,,,,,Y,2,0,2,1,A,-,08,22107,,N,E,I,A,A,H,-,D,D,0,,,,,Y,,A,01,1,1,0,0,0,0,0,0,0,"- ","- ",36.880400000000002,-119.90664,MADERA,UNINCORPORATED,-119.90671949,36.880327659999999
90200634,2016,2016-06-14,9450,2016-06-05,1335,016486,,7,1,9,2000,0,1,3,,1,043,SR-41,"COUNTY ROAD 406",528.00,N,N,A,-,Y,,,41,,,,,,,Y,2,0,4,3,A,-,01,23152,A,N,B,C,A,A,H,-,A,D,0,,,,,Y,Y,A,01,1,2,1,0,0,0,0,0,0,"- ","- ",37.09686,-119.74974,MADERA,UNINCORPORATED,-119.74976366999999,37.096886310000002
90200640,2016,2016-06-14,9450,2016-06-09,1122,016967,,4,1,9,2000,0,3,5,,2,020,"COUNTY ROAD 603","COUNTY ROAD 407",720.00,E,N,A,-,N,,,,,,,,,,Y,3,0,1,1,A,-,08,22107,,N,E,I,A,A,H,-,A,D,0,,,,,Y,,D,22,0,1,0,0,0,0,0,0,0,"- ","- ",37.100290000000001,-119.88206,MADERA,UNINCORPORATED,-119.88787246,37.103869039999999
90203659,2016,2016-06-17,9450,2016-05-29,1520,014354,,7,2,9,2000,0,1,3,,1,042,SR-41,"AVENUE 15",236.00,S,N,A,-,Y,,,,,,,,,,Y,4,0,1,2,A,-,09,21801,A,N,D,C,A,A,H,-,A,A,0,,,Y,,Y,,D,22,0,0,1,0,0,0,0,0,1,"- ","- ",37.016530000000003,-120.12757000000001,MADERA,UNINCORPORATED,-119.79396088,36.96627221
90203696,2016,2016-06-17,9450,2016-06-10,1410,012316,,5,2,4,2002,0,1,3,,2,012,"SR-99 S/B","ELLIS ST. O/C",200.00,N,N,A,-,Y,,,99,,,,,,S,Y,4,0,2,3,A,-,04,21703,,N,C,C,A,A,H,-,A,D,0,,,,,Y,,A,01,0,0,2,0,0,0,0,0,0,"- ","- ",36.985550000000003,-120.08811,MADERA,MADERA,-120.08806645999999,36.985603169999997
90205751,2016,2016-06-21,9450,2016-06-06,1901,018676,,1,2,9,2000,0,3,5,,2,020,"COUNTY ROAD 24","AVENUE 24",5280.00,S,N,A,-,N,,,,,,,,,,Y,2,0,2,1,A,-,01,23152,A,N,E,I,A,A,H,-,A,D,0,,,,,Y,Y,A,01,1,0,1,0,0,0,0,0,0,"- ","- ",37.083550000000002,-120.11086,MADERA,UNINCORPORATED,-120.11082044,37.083474699999996
90205754,2016,2016-06-21,9450,2016-06-03,1703,020253,,5,2,4,2002,0,1,3,,2,011,"STATE ROUTE 99 N/B FROM AVENUE 17","AVENUE 17",37.00,N,N,A,-,Y,,,99,,,,R,,N,Y,1,1,0,1,C,-,18,,,N,E,I,A,A,H,-,A,D,0,,,,,Y,,-,"- ",0,0,0,0,0,0,0,0,0,"- ","- ",36.996600000000001,-120.10164,MADERA,MADERA,-120.10164,36.996600000000001
90205755,2016,2016-06-21,9450,2016-05-14,1717,018676,,6,2,9,2000,0,3,5,,2,040,"AVENUE 9","COUNTY ROAD 40",2368.00,W,N,A,-,N,,,,,,,,,,Y,1,1,2,2,A,-,03,22350,,N,D,C,A,A,H,-,A,D,0,,,,,Y,,A,01,1,1,0,0,0,0,0,0,0,"- ","- ",36.52814,-119.49773999999999,MADERA,UNINCORPORATED,-119.82951485,36.880198149999998
90206579,2016,2016-06-21,9456,2016-06-12,1200,013782,,7,1,9,2000,0,3,5,,2,050,"COUNTY ROAD 222","TUNOI PLACE",5280.00,N,N,B,-,N,,,,,,,,,,Y,3,0,1,1,C,-,18,,,N,F,A,A,A,A,-,A,D,0,,,Y,,Y,,-,"- ",0,1,0,0,0,0,0,0,1,"- ","- ",37.174239999999998,-119.51321,MADERA,UNINCORPORATED,-119.51319694999999,37.174239479999997
90206658,2016,2016-06-21,9456,2016-06-15,1455,018088,,3,2,9,2000,0,3,5,,2,050,"WELLS RD","DOUGLAS RD",700.00,N,N,A,-,N,,,,,,,,,,Y,3,0,1,1,A,-,08,22107,,N,E,I,A,A,H,-,A,D,0,,,,,Y,,A,01,0,1,0,0,0,0,0,0,0,"- ","- ",37.269550000000002,-119.73747,MADERA,UNINCORPORATED,-119.73536722,37.266416720000002
90207196,2016,2016-06-22,9456,2016-06-18,1125,018999,,6,1,9,2000,0,3,5,,2,050,"COUNTY ROAD 600","APACHE RANCH ROAD",415.00,W,N,A,-,N,,,,,,,,,,Y,3,0,2,1,A,-,03,22350,,N,E,I,A,A,H,-,A,D,0,,,Y,,Y,,C,02,0,2,0,0,0,0,0,0,2,"- ","- ",37.329599999999999,-119.77043999999999,MADERA,UNINCORPORATED,-119.77043152,37.329613209999998
90207446,2016,2016-06-22,9456,2016-06-16,1735,013980,,4,2,9,2000,0,3,5,,2,050,"COUNTY ROAD 225","COUNTY ROAD 230",0.00,,Y,A,-,N,,,,,,,,,,Y,3,0,3,2,A,-,09,21802,A,N,D,C,A,A,H,-,A,A,0,,,,,Y,,A,01,0,1,2,0,0,0,0,0,0,"- ","- ",37.230260000000001,-119.49933,MADERA,UNINCORPORATED,-119.499498,37.230047999999996
90207658,2016,2016-06-22,9456,2016-06-17,2102,018088,,5,2,9,2000,0,3,5,,2,050,"COUNTY ROAD 426","COUNTY ROAD 427",528.00,E,N,A,-,N,,,,,,,,,,N,3,0,1,2,A,-,05,21650,,N,D,G,A,A,H,-,D,D,0,,Y,,,Y,,L,04,0,1,0,0,0,0,1,0,0,"- ","- ",37.32667,-119.64511,MADERA,UNINCORPORATED,-119.64513838000001,37.326583880000001
90207775,2016,2016-06-23,9450,2016-06-11,1350,012316,,6,1,9,2000,0,1,3,,2,012,"SR-99 S/B","AVE. 21 1/2",4224.00,N,N,B,-,Y,,,99,,,,,,S,Y,3,0,1,1,A,-,07,21658,A,N,E,I,A,A,H,-,A,D,0,,,,,Y,,A,01,0,1,0,0,0,0,0,0,0,"- ","- ",37.074390000000001,-120.19705,MADERA,UNINCORPORATED,-120.19711522999999,37.074316279999998
90207790,2016,2016-06-23,9450,2016-06-14,1010,016486,,2,1,9,2000,0,1,3,,1,043,SR-41,"COUNTY ROAD 208",3696.00,N,N,A,-,Y,,,41,,,,,,,Y,4,0,1,2,A,-,05,21650,,N,D,C,A,A,D,-,A,D,0,,,,,Y,,A,01,0,0,1,0,0,0,0,0,0,"- ","- ",37.051900000000003,-119.77441,MADERA,UNINCORPORATED,-119.77431369,37.05185419
90207794,2016,2016-06-23,9450,2016-06-15,2120,016486,,3,2,9,2000,0,1,3,,2,031,"SR-99 SOUTHBOUND","AVENUE 11",3168.00,S,N,A,-,Y,,,99,,,,,,S,Y,4,0,2,2,A,-,03,22350,,N,C,C,A,A,H,-,D,D,0,,,,,Y,,A,01,0,0,2,0,0,0,0,0,0,"- ","- ",36.902079999999998,-119.99871,MADERA,UNINCORPORATED,-119.99865423,36.902137879999998
90207795,2016,2016-06-23,9450,2016-06-15,0211,018075,,3,3,9,2000,0,1,3,,1,043,SR-41,"COUNTY ROAD 208",10032.00,N,N,A,-,Y,,,41,,,,,,,Y,3,0,5,3,A,-,01,23152,A,N,C,C,A,A,D,-,D,A,0,,,,,Y,Y,A,07,0,1,4,0,0,0,0,0,0,"- ","- ",37.065150000000003,-119.76786,MADERA,UNINCORPORATED,-119.76786971,37.065154149999998
90207796,2016,2016-08-08,9450,2016-06-11,0035,016341,,6,3,9,2000,0,3,5,,2,020,"COUNTY ROAD 27","AVENUE 17",3696.00,N,N,A,-,N,,,,,,,,,,Y,4,0,1,2,A,-,01,23152,A,M,C,C,A,A,H,-,D,D,0,,,,,Y,Y,A,01,0,0,1,0,0,0,0,0,0,"- ","- ",37.006680000000003,-120.05624,MADERA,UNINCORPORATED,-120.05620836999999,37.006416520000002
90209292,2016,2016-06-27,9450,2016-06-16,2015,018676,,4,2,9,2000,0,1,3,,2,031,"SR-99 NORTHBOUND","AVENUE 7",2640.00,N,N,A,-,Y,,,,,,,,,,N,3,0,2,1,A,-,08,22107,,N,F,A,A,A,H,-,B,D,0,,,Y,,Y,,C,02,0,2,0,0,0,0,0,0,2,"- ","- ",,,MADERA,UNINCORPORATED,-119.95198932,36.857444000000001
90209296,2016,2016-06-27,9450,2016-06-17,1310,016938,,5,1,9,2000,0,3,5,,2,030,"COUNTY ROAD 33","AVENUE 8",1584.00,N,N,A,-,N,,,,,,,,,,Y,4,0,1,2,A,-,03,22350,,N,D,C,A,A,H,-,A,D,0,,,,,Y,,D,22,0,0,1,0,0,0,0,0,0,"- ","- ",36.870220000000003,-119.94710000000001,MADERA,UNINCORPORATED,-119.94703903,36.870118290000001
90209297,2016,2016-06-27,9450,2016-06-18,0742,019818,,6,1,9,2000,0,3,5,,2,020,"COUNTY ROAD 22","AVENUE 21",2640.00,N,N,A,-,N,,,,,,,,,,Y,3,0,1,1,A,-,08,22107,,N,F,A,A,A,H,-,A,D,0,,,,,Y,,D,22,0,1,0,0,0,0,0,0,0,"- ","- ",37.063490000000002,-120.14699,MADERA,UNINCORPORATED,-120.14698507999999,37.061827700000002
90209299,2016,2016-06-27,9450,2016-06-19,1215,017496,,7,1,9,2000,0,3,5,,2,010,"AVENUE 17","COUNTY ROAD 23",0.00,,Y,A,-,N,,,,,,,,,,Y,4,0,3,2,A,-,09,21802,A,N,D,C,A,A,H,-,A,D,0,,,,,Y,,A,01,0,0,3,0,0,0,0,0,0,"- ","- ",36.996510000000001,-120.12873999999999,MADERA,UNINCORPORATED,-120.12862989999999,36.99645005
90209300,2016,2016-06-27,9450,2016-06-19,2228,017868,,7,3,9,2000,0,1,3,,2,011,"SR-99 N/B","AVENUE 17",3696.00,S,N,B,-,Y,,,,,,,,,,Y,4,0,1,1,A,-,08,22107,,N,F,A,A,A,H,-,D,D,0,,,,,Y,,D,22,0,0,1,0,0,0,0,0,0,"- ","- ",37.105499999999999,-120.21726,MADERA,UNINCORPORATED,-120.09272572,36.989730450000003
90209305,2016,2016-06-27,9450,2016-06-19,1705,019818,,7,2,9,2000,0,3,5,,2,040,"AVENUE 9","COUNTY ROAD 40 1/2",0.00,,Y,A,-,N,,,,,,,,,,Y,3,0,1,3,A,-,09,21801,A,N,A,C,A,A,H,-,A,D,0,,,,,Y,,A,01,0,1,0,0,0,0,0,0,0,"- ","- ",36.880470000000003,-119.81097,MADERA,UNINCORPORATED,-119.81097993,36.88051007
90209306,2016,2016-06-27,9450,2016-06-20,1735,017899,,1,2,9,2000,0,3,5,,2,040,"COUNTY ROAD 36","AVENUE 16 1/2",1056.00,S,N,A,-,N,,,,,,,,,,Y,4,0,1,1,A,-,08,22107,,N,F,A,A,A,H,-,A,D,0,,,,,Y,,A,07,0,0,1,0,0,0,0,0,0,"- ","- ",36.985039999999998,-119.89373999999999,MADERA,UNINCORPORATED,-119.89375185999999,36.985551280000003
90209309,2016,2016-06-27,9450,2016-06-22,0120,017899,,3,3,9,2000,0,2,4,,2,044,"COUNTY ROAD 145",SR-41,5808.00,E,N,A,-,N,,,,,,,,,,Y,2,0,1,1,A,-,01,23152,A,N,F,A,A,A,H,-,D,D,0,,,Y,,Y,Y,C,02,1,0,0,0,0,0,0,0,1,"- ","- ",37.010559999999998,-119.77361000000001,MADERA,UNINCORPORATED,-119.77402205,37.010525199999996
90209313,2016,2016-06-27,9450,2016-06-22,0630,016938,,3,1,9,2000,0,1,3,,1,013,"SR 152 WESTBOUND","COUNTY ROAD 13",125.00,E,N,A,-,Y,,,,,,,,,,Y,4,0,1,2,A,-,03,22350,,N,C,C,A,A,H,-,A,D,0,,,,Y,Y,,G,25,0,0,1,0,0,0,0,0,0,"- ","- ",37.051000000000002,-120.18429999999999,MADERA,UNINCORPORATED,-120.31032163,37.083571040000002
90209506,2016,2016-06-27,9450,2016-06-21,1258,014354,,2,1,9,2000,0,3,5,,2,040,"AVENUE 10","BRICKYARD DRIVE",0.00,,Y,A,-,N,,,,,,,,,,Y,4,0,2,2,A,-,09,21802,A,N,D,C,A,A,H,-,A,A,0,,,,,Y,,A,07,0,0,2,0,0,0,0,0,0,"- ","- ",36.895159999999997,-119.81222,MADERA,UNINCORPORATED,-119.81468989,36.894870009999998
90211615,2016,2016-06-29,9450,2016-06-20,1945,018676,,1,2,9,2000,0,3,5,,2,020,"AVENUE 21","COUNTY ROAD 27",1056.00,E,N,A,-,N,,,,,,,,,,Y,4,0,1,2,A,-,08,22107,,N,B,C,A,A,H,-,A,D,0,,,,,Y,,D,22,0,0,1,0,0,0,0,0,0,"- ","- ",37.05444,-120.05189,MADERA,UNINCORPORATED,-120.05279302,37.054332250000002
90211619,2016,2016-06-29,9450,2016-06-22,2155,017899,,3,2,9,2000,0,3,5,,2,040,"COUNTY ROAD 36","AVENUE 16",617.00,N,N,A,-,N,,,,,,,,,,Y,3,0,1,1,A,-,01,23152,A,N,E,I,A,A,H,-,D,D,0,,,,,Y,Y,A,01,0,1,0,0,0,0,0,0,0,"- ","- ",36.982880000000002,-119.87564999999999,MADERA,UNINCORPORATED,-119.89376308,36.982803670000003
90211624,2016,2016-06-29,9450,2016-06-26,2335,018676,,7,3,9,2000,0,1,3,,1,042,"SR-41 NORTHBOUND","AVENUE 15",100.00,S,N,A,-,Y,,,41,,,,,,N,N,4,0,1,2,A,-,03,22350,,N,C,C,A,A,H,-,C,D,0,,,,,Y,,A,07,0,0,1,0,0,0,0,0,0,"- ","- ",36.966900000000003,-119.79395,MADERA,UNINCORPORATED,-119.79395311,36.966900070000001
90212584,2016,2016-06-30,9450,2016-06-13,2055,018612,,1,2,9,2000,0,3,5,,2,020,"COUNTY ROAD 28 1/2","AVENUE 17",2640.00,N,N,A,-,N,,,,,,,,,,Y,2,0,1,1,A,-,01,23152,A,N,E,I,A,A,H,-,B,D,0,,,,,Y,Y,A,01,1,0,0,0,0,0,0,0,0,"- ","- ",37.004010000000001,-120.02863000000001,MADERA,UNINCORPORATED,-120.02866883999999,37.003337309999999
90215087,2016,2016-07-04,9450,2016-06-18,2500,017868,,6,4,9,2000,0,1,3,,1,042,"SR-41 N/B","COUNTY ROAD 406",3696.00,N,N,A,-,Y,,,41,,,,,,N,Y,4,0,1,1,A,-,01,23152,A,N,E,I,A,A,H,-,D,D,0,,,,,Y,,A,07,0,0,1,0,0,0,0,0,0,"- ","- ",37.103920000000002,-119.74572000000001,MADERA,UNINCORPORATED,-119.74566245,37.103910229999997
90215088,2016,2016-07-04,9450,2016-06-26,1835,018676,,7,2,9,2000,0,3,5,,2,040,"MILLERTON ROAD","COUNTY ROAD 211",6864.00,E,N,A,-,N,,,,,,,,,,Y,3,0,1,1,A,-,01,23152,A,N,F,A,A,A,H,-,A,D,0,,,,,Y,Y,D,22,0,1,0,0,0,0,0,0,0,"- ","- ",37.030110000000001,-119.70406,MADERA,UNINCORPORATED,-119.70406294,37.030159920000003
90215089,2016,2016-08-08,9450,2016-06-26,1818,017475,,7,2,9,2000,0,1,3,,2,012,"SR-99 S/B","AVENUE 21 O/C",1000.00,N,N,A,-,Y,,,99,,,,,,S,Y,3,0,1,3,A,-,03,22350,,N,B,C,A,A,H,-,A,D,0,,,Y,,Y,,C,02,0,1,0,0,0,0,0,0,1,"- ","- ",37.065770000000001,-120.18689000000001,MADERA,UNINCORPORATED,-120.18693690000001,37.065712849999997
90215467,2016,2016-07-04,9456,2016-06-26,1340,018999,,7,1,9,2000,0,2,4,,1,053,"COUNTY ROAD 200","COUNTY ROAD 211",6.00,E,N,A,-,N,,,,,,,,,,N,4,0,1,1,A,-,03,22350,,N,F,A,A,A,B,-,A,D,0,,,Y,,Y,,C,02,0,0,1,0,0,0,0,0,1,"- ","- ",37.12021,-119.70121,MADERA,UNINCORPORATED,-119.70123409999999,37.120149259999998
90216416,2016,2016-07-05,9456,2016-07-03,1240,017711,,7,1,9,2000,0,1,3,,1,052,"STATE ROUTE 41","TEDDY BEAR LANE",650.00,S,N,A,-,Y,,,41,,,,,,,N,4,0,1,2,A,-,09,21804,A,N,D,C,A,A,H,-,A,D,0,,,,,Y,,D,22,0,0,1,0,0,0,0,0,0,"- ","- ",37.335340000000002,-119.64597999999999,MADERA,UNINCORPORATED,-119.64596668999999,37.33533448
90216541,2016,2016-07-06,9450,2016-06-28,0545,018554,,2,3,9,2000,0,3,5,,2,040,"COUNTY ROAD 400","COUNTY ROAD 603",6329.00,N,N,A,-,N,,,,,,,,,,N,3,0,1,1,C,-,18,,,N,H,H,A,A,H,-,B,D,0,,,,,Y,,-,"- ",0,1,0,0,0,0,0,0,0,"- ","- ",37.114069999999998,-119.86700999999999,MADERA,UNINCORPORATED,-119.86732859999999,37.112845229999998
90217602,2016,2016-07-07,9450,2016-06-30,1700,014354,,4,2,9,2000,0,3,5,,2,030,"AVENUE 7",SR-145,20.00,E,N,A,-,Y,,,,,,,,,,N,4,0,1,2,A,-,03,22350,,N,C,C,A,A,H,-,A,A,0,,,,,Y,,D,22,0,0,1,0,0,0,0,0,0,"- ","- ",36.851320000000001,-120.05559,MADERA,UNINCORPORATED,-120.05583168,36.851370000000003
90217604,2016,2016-08-08,9450,2016-07-01,1408,016967,,5,2,9,2000,0,3,5,,2,040,"AVE 9 E/B","COUNTY ROAD 35",2640.00,E,N,A,F,N,,,,,,,,,,Y,3,0,4,2,A,-,03,22350,,N,C,C,A,A,H,-,A,D,0,,,,,Y,,A,07,0,3,1,0,0,0,0,0,0,"- ","- ",36.880310000000001,-119.90273999999999,MADERA,UNINCORPORATED,-119.902209,36.880345140000003
90217606,2016,2016-07-07,9450,2016-07-01,0525,018554,,5,3,9,2000,0,3,5,,2,030,"AVENUE 14","COUNTY ROAD 12",500.00,E,N,A,-,N,,,,,,,,,,Y,4,0,1,1,A,-,08,22107,,N,E,I,A,A,H,-,B,D,0,,,,,Y,,A,01,0,0,1,0,0,0,0,0,0,"- ","- ",36.95279,-120.32631000000001,MADERA,UNINCORPORATED,-120.32610834,36.952656879999999
90217608,2016,2016-07-07,9450,2016-07-01,0814,016967,,5,1,9,2000,0,2,4,,2,045,"AVE 12 E/B","RD. 36",685.00,W,N,A,-,N,,,,,,,,,,Y,4,0,1,2,A,-,03,22350,,N,C,C,A,A,H,-,A,D,0,,,,,Y,,A,07,0,0,1,0,0,0,0,0,0,"- ","- ",36.922969999999999,-119.89633000000001,MADERA,UNINCORPORATED,-119.89665195000001,36.923028510000002
90217609,2016,2016-07-07,9450,2016-07-01,1716,017496,,5,2,9,2000,0,1,3,,2,012,"SR-99 N/B","AVENUE 20 1/2",1550.00,N,N,A,-,Y,,,99,,,,,,N,Y,4,0,2,1,C,-,18,,,N,E,I,A,A,H,-,A,D,0,,,,,Y,,-,"- ",0,0,2,0,0,0,0,0,0,"- ","- ",37.046370000000003,-120.16161,MADERA,UNINCORPORATED,-120.16172754999999,37.046239960000001
90219895,2016,2016-07-11,9456,2016-07-03,1645,017677,,7,2,9,2000,0,3,5,,2,050,"COUNTY ROAD 274","ROAD 434",2640.00,W,N,A,-,N,,,,,,,,,,N,3,0,1,1,A,-,03,22350,,N,F,A,A,A,H,-,A,D,0,,,Y,,Y,,C,02,0,1,0,0,0,0,0,0,1,"- ","- ",37.324779999999997,-119.56262,MADERA,UNINCORPORATED,-119.56264435999999,37.324775899999999
90221948,2016,2016-07-13,9456,2016-07-04,2200,018970,,1,3,9,2000,0,1,3,,1,051,SR-41,"LUCKY LANE",1056.00,S,N,A,-,Y,,,41,,,,,,,N,4,0,1,2,A,-,03,22350,,F,C,C,A,A,H,-,D,D,0,,,,,Y,,-,99,0,0,1,0,0,0,0,0,0,"- ","- ",37.210990000000002,-119.71004000000001,MADERA,UNINCORPORATED,-119.71000173,37.210960180000001
90222663,2016,2016-07-14,9456,2016-07-07,1009,018463,,4,1,9,2000,0,1,3,,1,052,"SR-41 S/B","RIVER FALLS RD",322.00,N,N,A,-,Y,,,,,,,,,,Y,3,0,1,3,A,-,03,22350,,N,C,C,A,A,H,-,A,D,0,,,,Y,Y,,F,26,0,1,0,0,0,0,0,0,0,"- ","- ",37.287010000000002,-119.28637999999999,MADERA,UNINCORPORATED,-119.64359885,37.355524330000001
90223090,2016,2016-07-14,9456,2016-07-12,1830,018970,,2,2,9,2000,0,3,5,,2,050,"MINARETS RD","CASCADEL RD",1056.00,W,N,A,-,N,,,,,,,,,,Y,4,0,1,1,A,-,08,22107,,N,E,I,A,A,H,-,A,D,0,,,,,Y,,D,22,0,0,1,0,0,0,0,0,0,"- ","- ",37.20487,-119.40949999999999,MADERA,UNINCORPORATED,-119.40948129,37.204752360000001
90223326,2016,2016-12-14,9450,2016-06-25,1300,012316,,6,1,9,2000,0,1,3,,2,012,"SR-99 S/B",SR-152,3696.00,S,N,A,-,Y,,,99,,,,,,S,Y,2,0,5,1,A,-,07,21658,A,N,F,A,A,A,H,-,A,D,0,,,,,Y,,A,01,3,1,1,0,0,0,0,0,0,"- ","- ",37.076129999999999,-120.19938,MADERA,UNINCORPORATED,-120.19931973,37.076203720000002
90223327,2016,2016-07-15,9450,2016-06-29,1930,020253,,3,2,9,2000,0,3,5,,2,040,"AVENUE 9","COUNTY ROAD 38",0.00,,Y,A,-,N,,,,,,,,,,N,4,0,1,2,A,-,03,22350,,N,C,C,A,A,H,-,A,D,0,,,,,Y,,D,22,0,0,1,0,0,0,0,0,0,"- ","- ",36.880479999999999,-119.85715999999999,MADERA,UNINCORPORATED,-119.85718994,36.880430089999997
90223330,2016,2016-07-15,9450,2016-07-01,1720,017899,,5,2,9,2000,0,1,3,,1,042,SR-41,"AVENUE 11",930.00,S,N,A,-,Y,,,41,,,,,,,N,4,0,2,2,A,-,03,22350,,N,C,C,A,A,H,-,A,D,0,,,,,Y,,D,22,0,0,2,0,0,0,0,0,0,"- ","- ",36.906109999999998,-119.79242000000001,MADERA,UNINCORPORATED,-119.79247422,36.90610822
90223333,2016,2016-07-15,9450,2016-07-02,1843,016341,,6,2,9,2000,0,3,5,,2,020,"FAIRMEAD BLVD.","COUNTY ROAD 21",37.00,S,N,A,-,N,,,,,,,,,,Y,3,0,1,1,C,-,18,,,N,E,I,A,A,H,-,A,D,0,,,,,Y,,-,"- ",0,1,0,0,0,0,0,0,0,"- ","- ",37.0505,-120.16592,MADERA,UNINCORPORATED,-120.16579754999999,37.050543150000003
90223344,2016,2016-07-15,9450,2016-07-03,1500,017496,,7,2,9,2000,0,1,3,,2,012,SR-99,SR-152,2000.00,S,N,A,-,Y,,,99,,,,,,,Y,4,0,1,2,A,-,05,21651,B,F,E,I,A,A,H,-,A,D,0,,,,,Y,,A,01,0,0,1,0,0,0,0,0,0,"- ","- ",37.079169999999998,-120.20262,MADERA,UNINCORPORATED,-120.20261721,37.07917338
90224245,2016,2016-07-18,9450,2016-07-05,0215,020253,,2,3,9,2000,0,1,3,,1,013,"STATE ROUTE 152 E/B","STATE ROUTE 59",3960.00,E,N,A,-,Y,,,152,,,,,,E,Y,4,0,1,2,A,-,03,22350,,N,C,C,A,A,H,-,D,D,0,,,,,Y,,A,01,0,0,1,0,0,0,0,0,0,"- ","- ",37.083570000000002,-120.4787,MADERA,UNINCORPORATED,-120.47870003,37.08355427
90224249,2016,2016-07-18,9450,2016-07-05,1714,018551,,2,2,9,2000,0,1,3,,2,031,"SR-99 S/B","AVENUE 11",2640.00,S,N,A,-,Y,,,99,,,,,,S,Y,3,0,1,2,A,-,03,22350,,N,C,C,A,A,H,-,A,D,0,,,,Y,Y,,A,01,0,1,0,0,0,0,0,0,0,"- ","- ",36.904730000000001,-120.00127999999999,MADERA,UNINCORPORATED,-120.00131186999999,36.904696739999999
90224256,2016,2016-07-18,9450,2016-07-07,1439,016967,,4,2,9,2000,0,2,4,,2,044,"RD. 145","RD. 206",1056.00,W,N,A,-,N,,,,,,,,,,Y,4,0,1,3,A,-,03,22350,,N,C,C,A,A,H,-,A,D,0,,,,,Y,,B,01,0,0,1,0,0,0,0,0,0,"- ","- ",37.010640000000002,-119.73904,MADERA,UNINCORPORATED,-119.73907364,37.010669999999998
90224731,2016,2016-07-18,9450,2016-07-16,1328,016967,,6,1,9,2000,0,3,5,,2,010,"RD. 12 S/B","AVE. 18 1/2",75.00,N,N,A,-,N,,,,,,,,,,Y,2,0,1,2,A,-,08,22107,,F,G,B,E,A,H,-,A,A,0,Y,,,,Y,,D,22,1,0,0,0,1,0,0,0,0,"- ","- ",37.018270000000001,-120.32884,MADERA,UNINCORPORATED,-120.32857086,37.01838592
90224964,2016,2016-07-18,9456,2016-07-07,1050,014885,,4,1,9,2000,0,2,4,,1,053,"COUNTY ROAD 200","DUKE ROAD",15.00,E,N,A,-,N,,,,,,,,,,N,4,0,1,2,A,-,03,22350,,N,C,C,A,A,H,-,A,D,0,,,,,Y,,D,22,0,0,1,0,0,0,0,0,0,"- ","- ",37.209829999999997,-119.55902,MADERA,UNINCORPORATED,-119.55895275,37.209793210000001