CASE_ID,ACCIDENT_YEAR,PROC_DATE,JURIS,COLLISION_DATE,COLLISION_TIME,OFFICER_ID,REPORTING_DISTRICT,DAY_OF_WEEK,CHP_SHIFT,POPULATION,CNTY_CITY_LOC,SPECIAL_COND,BEAT_TYPE,CHP_BEAT_TYPE,CITY_DIVISION_LAPD,CHP_BEAT_CLASS,BEAT_NUMBER,PRIMARY_RD,SECONDARY_RD,DISTANCE,DIRECTION,INTERSECTION,WEATHER_1,WEATHER_2,STATE_HWY_IND,CALTRANS_COUNTY,CALTRANS_DISTRICT,STATE_ROUTE,ROUTE_SUFFIX,POSTMILE_PREFIX,POSTMILE,LOCATION_TYPE,RAMP_INTERSECTION,SIDE_OF_HWY,TOW_AWAY,COLLISION_SEVERITY,NUMBER_KILLED,NUMBER_INJURED,PARTY_COUNT,PRIMARY_COLL_FACTOR,PCF_CODE_OF_VIOL,PCF_VIOL_CATEGORY,PCF_VIOLATION,PCF_VIOL_SUBSECTION,HIT_AND_RUN,TYPE_OF_COLLISION,MVIW,PED_ACTION,ROAD_SURFACE,ROAD_COND_1,ROAD_COND_2,LIGHTING,CONTROL_DEVICE,CHP_ROAD_TYPE,PEDESTRIAN_ACCIDENT,BICYCLE_ACCIDENT,MOTORCYCLE_ACCIDENT,TRUCK_ACCIDENT,NOT_PRIVATE_PROPERTY,ALCOHOL_INVOLVED,STWD_VEHTYPE_AT_FAULT,CHP_VEHTYPE_AT_FAULT,COUNT_SEVERE_INJ,COUNT_VISIBLE_INJ,COUNT_COMPLAINT_PAIN,COUNT_PED_KILLED,COUNT_PED_INJURED,COUNT_BICYCLIST_KILLED,COUNT_BICYCLIST_INJURED,COUNT_MC_KILLED,COUNT_MC_INJURED,PRIMARY_RAMP,SECONDARY_RAMP,LATITUDE,LONGITUDE,COUNTY,CITY,POINT_X,POINT_Y
90318804,2016,2016-11-14,9450,2016-11-09,1200,018999,,3,1,9,2000,0,1,3,,2,031,"STATE ROUTE 99 N/B","AVENUE 11",1584.00,S,N,A,-,Y,,,99,,,,,,N,Y,4,0,4,2,A,-,03,22350,,N,C,C,A,A,H,-,A,D,0,,,,,Y,,A,01,0,0,4,0,0,0,0,0,0,"- ","- ",36.905940000000001,-120.00232,MADERA,UNINCORPORATED,-120.00230309,36.905957659999999
90318848,2016,2016-11-14,9450,2016-11-10,0849,016967,,4,1,9,2000,0,1,3,,2,011,"STATE ROUTE 99 N/B","AVENUE 17",528.00,S,N,A,-,Y,,,,,,,,,,Y,4,0,1,1,A,-,08,22107,,N,E,I,A,A,H,-,A,D,0,,,,,Y,,D,22,0,0,1,0,0,0,0,0,0,"- ","- ",36.9953,-120.09993,MADERA,UNINCORPORATED,-120.10076812,36.99553014
90318912,2016,2016-11-14,9450,2016-11-03,0158,019070,,4,3,9,2000,0,3,5,,2,020,"COUNTY ROAD 208",SR-41,3168.00,E,N,A,-,N,,,,,,,,,,N,4,0,1,1,A,-,08,22107,,N,F,A,A,A,H,-,D,D,0,,,Y,,Y,,C,02,0,0,1,0,0,0,0,0,1,"- ","- ",37.04121,-119.77213,MADERA,UNINCORPORATED,-119.77209985,37.041196589999998
90318928,2016,2016-11-14,9450,2016-11-13,1843,016946,,7,2,9,2000,0,1,3,,2,031,"SR-99 NORTHBOUND","AVENUE 11",10.00,N,N,A,-,Y,,,99,,,,,,N,N,4,0,2,2,A,-,03,22350,,N,C,C,A,A,H,-,D,D,0,,,,,Y,,A,07,0,0,2,0,0,0,0,0,0,"- ","- ",36.909469999999999,-120.00628,MADERA,UNINCORPORATED,-120.006131,36.909625149999997
90318956,2016,2016-11-14,9450,2016-11-13,1935,016946,,7,2,9,2000,0,1,3,,2,031,"SR-99 NORTHBOUND","AVENUE 11",5280.00,N,N,A,-,Y,,,99,,,,,,N,Y,4,0,2,3,A,-,03,22350,,N,C,C,A,A,H,-,D,D,0,,,,,Y,,A,01,0,0,2,0,0,0,0,0,0,"- ","- ",36.923690000000001,-120.02212,MADERA,UNINCORPORATED,-120.02195295,36.923839100000002
90319200,2016,2016-11-14,9456,2016-11-05,1435,017677,,6,2,9,2000,0,1,3,,2,056,"RT 49","OAK PARK WAY",230.00,S,N,A,-,Y,,,49,,,,,,,Y,4,0,1,2,A,-,08,22107,,N,B,C,A,A,H,-,A,D,0,,,,,Y,,A,07,0,0,1,0,0,0,0,0,0,"- ","- ",37.335410000000003,-119.66233,MADERA,UNINCORPORATED,-119.66234635000001,37.335387230000002
90319431,2016,2016-11-15,9450,2016-11-13,2048,017868,,7,2,9,2000,0,3,5,,2,020,"COUNTY ROAD 27","AVENUE 21",62.00,N,N,B,-,N,,,,,,,,,,Y,4,0,2,1,A,-,01,23152,E,N,E,I,A,A,H,-,D,A,0,,,,,Y,,A,01,0,0,2,0,0,0,0,0,0,"- ","- ",37.054389999999998,-120.05646,MADERA,UNINCORPORATED,-120.05641,37.054340000000003
90319485,2016,2016-11-15,9450,2016-11-14,1716,017868,,1,2,9,2000,0,1,3,,2,031,"STATE ROUTE 99 SOUTHBOUND","AVENUE 11",2640.00,N,N,A,-,Y,,,99,,,,,,S,Y,3,0,3,2,A,-,03,22350,,N,C,C,A,A,H,-,D,D,0,,,,,Y,,A,01,0,1,2,0,0,0,0,0,0,"- ","- ",36.914490000000001,-120.01112000000001,MADERA,UNINCORPORATED,-120.01130259,36.914300070000003
90319804,2016,2016-11-15,9450,2016-11-04,1730,018075,,5,2,9,2000,0,1,3,,1,042,"STATE ROUTE 41","AVENUE 15",6864.00,N,N,A,-,Y,,,41,,,,,,,Y,4,0,6,2,A,-,05,21460,C,N,A,C,A,A,H,-,A,D,0,,,,,Y,,A,07,0,0,6,0,0,0,0,0,0,"- ","- ",36.985610000000001,-119.79398999999999,MADERA,UNINCORPORATED,-119.79395146,36.985609959999998
90319826,2016,2016-11-15,9450,2016-10-28,0138,019105,,5,3,4,2002,0,3,5,,2,030,"STATE ROUTE 99","4TH STREET",1110.00,N,N,B,C,Y,,,99,,,,,,,Y,3,0,1,1,A,-,03,22350,,N,E,I,A,B,H,-,D,D,0,,,,Y,Y,,G,27,0,1,0,0,0,0,0,0,0,"- ","- ",36.968960000000003,-120.07158,MADERA,MADERA,-120.07148204000001,36.969009880000002
90320038,2016,2016-11-15,9456,2016-11-13,1442,017677,,7,2,9,2000,0,1,3,,1,051,"HIGHWAY 41","COUNTY ROAD 425B",141.00,N,N,A,-,Y,,,,,,,,,,Y,4,0,1,1,A,-,08,22107,,N,E,I,A,A,H,-,A,D,0,,,,,Y,,D,22,0,0,1,0,0,0,0,0,0,"- ","- ",37.301070000000003,-119.64910999999999,MADERA,UNINCORPORATED,-119.64898893,37.300933000000001
90320226,2016,2016-11-17,9450,2016-10-27,2122,019604,,4,2,9,2000,0,2,4,,2,035,"AVENUE 12","COUNTY ROAD 26 1/2",20.00,W,N,C,-,N,,,,,,,,,,N,1,1,0,2,A,-,11,21954,A,N,G,B,E,B,H,-,D,D,0,Y,,,,Y,Y,N,60,0,0,0,1,0,0,0,0,0,"- ","- ",36.923099999999998,-120.06578,MADERA,UNINCORPORATED,-120.06516839,36.92383993
90321275,2016,2016-11-16,9456,2016-11-04,2227,019070,,5,3,9,2000,0,1,3,,1,052,"SR-41 S/B","EL CID ROAD",65.00,N,N,A,-,Y,,,41,,,,,,S,Y,3,0,3,3,A,-,05,21460,A,N,B,C,A,A,H,-,D,D,0,,,,,Y,,D,22,0,2,1,0,0,0,0,0,0,"- ","- ",37.357709999999997,-119.64429,MADERA,UNINCORPORATED,-119.6441976,37.357749269999999
90321676,2016,2016-11-17,9450,2016-11-13,1655,020253,,7,2,9,2000,0,1,3,,2,011,"STATE ROUTE 99 N/B","AVENUE 17",1000.00,N,N,A,-,Y,,,,,,,,,,N,4,0,1,2,A,-,07,21658,A,M,C,C,A,A,H,-,A,D,0,,,,,Y,,-,99,0,0,1,0,0,0,0,0,0,"- ","- ",37.227510000000002,-120.33565,MADERA,UNINCORPORATED,-120.10425905,36.99863062
90324654,2016,2016-11-18,9450,2016-11-07,1600,012316,,1,2,9,2000,0,3,5,,2,020,"ROAD 613","CHAPMAN CREEK",140.00,E,N,A,-,N,,,,,,,,,,Y,3,0,2,1,A,-,03,22350,,N,E,I,A,A,H,-,A,D,0,,,,,Y,,A,07,0,2,0,0,0,0,0,0,0,"- ","- ",37.260300000000001,-119.94477000000001,MADERA,UNINCORPORATED,-119.94518012,37.260056499999997
90326083,2016,2016-11-21,9450,2016-11-14,1610,016967,,1,2,9,2000,0,1,3,,2,012,"STATE ROUTE 99 S/B","AVENUE 24 1/2",5280.00,N,N,A,-,Y,,,,,,,,,,Y,4,0,3,1,A,-,08,22107,,N,E,I,A,A,H,-,A,D,0,,,,,Y,,A,07,0,0,3,0,0,0,0,0,0,"- ","- ",37.115349999999999,-120.23783,MADERA,UNINCORPORATED,,
90326369,2016,2016-11-21,9450,2016-11-19,0333,012114,,6,3,9,2000,0,1,3,,2,031,"STATE ROUTE 99 N/B TO AVENUE 12","AVENUE 12",367.00,S,N,A,-,Y,,,99,,,,R,,N,Y,3,0,1,1,A,-,01,23152,A,N,E,I,A,A,H,-,C,D,0,,,,,Y,Y,A,01,0,1,0,0,0,0,0,0,0,"- ","- ",36.922690000000003,-120.02033,MADERA,UNINCORPORATED,-120.02033,36.922690000000003
90327332,2016,2016-11-22,9456,2016-11-01,0026,019159,,2,3,9,2000,0,1,3,,1,051,SR-41,"KONKLIN RD",57.00,N,N,A,-,Y,,,41,,,,,,,Y,3,0,1,1,A,-,08,22107,,N,F,A,A,A,H,-,D,D,0,,,,,Y,,A,01,0,1,0,0,0,0,0,0,0,"- ","- ",37.258159999999997,-119.70305,MADERA,UNINCORPORATED,-119.70304805000001,37.258159239999998
90327360,2016,2016-11-22,9450,2016-11-13,1705,016938,,7,2,9,2000,0,3,5,,2,030,"AVENUE 14","COUNTY ROAD 17",0.00,,Y,A,-,N,,,,,,,,,,Y,3,0,1,2,A,-,04,21703,,N,C,C,A,A,H,-,A,D,0,,,,,Y,,D,22,0,1,0,0,0,0,0,0,0,"- ","- ",36.952849999999998,-120.23827,MADERA,UNINCORPORATED,-120.23803997,36.952770059999999
90327397,2016,2016-11-22,9450,2016-11-17,1832,016946,,4,2,9,2000,0,1,3,,1,013,"STATE ROUTE 152 W/B","COUNTY ROAD 7",0.00,,Y,A,-,Y,,,152,,,,,,W,Y,3,0,3,2,A,-,09,21802,A,N,D,C,A,A,H,-,D,A,0,,,,,Y,,M,46,0,1,2,0,0,0,0,0,0,"- ","- ",37.083509999999997,-120.41889,MADERA,UNINCORPORATED,-120.41888989,37.083538930000003
90327516,2016,2016-11-22,9450,2016-11-21,0625,016341,,1,1,9,2000,0,1,3,,1,042,"CHILDREN BLVD. W/B TO SR-41 S/B","CHILDRENS BLVD",30.00,S,N,B,-,Y,,,,,,,,,,N,4,0,1,1,A,-,03,22350,,N,E,I,A,B,H,-,B,D,0,,,,,Y,,D,22,0,0,1,0,0,0,0,0,0,"- ","- ",36.893720000000002,-119.79325,MADERA,UNINCORPORATED,,
90327632,2016,2016-11-22,9450,2016-11-21,2250,016946,,1,3,9,2000,0,1,3,,2,031,"SR-99 SOUTHBOUND","AVE 9",500.00,S,N,A,-,Y,,,,,,,,,,N,4,0,1,2,A,-,08,22107,,N,B,C,A,A,H,-,D,D,0,,,,,Y,,A,01,0,0,1,0,0,0,0,0,0,"- ","- ",,,MADERA,UNINCORPORATED,-119.97583204,36.879190829999999
90327672,2016,2016-11-29,9450,2016-11-09,1922,017899,,3,2,9,2000,0,1,3,,2,031,"STATE ROUTE 99 S/B","AVENUE 12",2112.00,S,N,A,-,Y,,,99,,,,,,S,Y,4,0,1,1,A,-,08,22107,,N,F,A,A,A,H,-,D,D,0,,,,,Y,,A,01,0,0,1,0,0,0,0,0,0,"- ","- ",36.91968,-120.01703000000001,MADERA,UNINCORPORATED,-120.01696415000001,36.919754570000002
90328317,2016,2016-11-23,9450,2016-11-22,2120,019105,,2,2,9,2000,0,1,3,,1,042,"STATE ROUTE 41 N/B","AVENUE 12",100.00,S,N,A,-,Y,,,41,,,,,,N,Y,4,0,2,3,A,-,03,22350,,N,C,C,A,A,H,-,D,D,0,,,,,Y,,A,01,0,0,2,0,0,0,0,0,0,"- ","- ",36.922899999999998,-119.79398,MADERA,UNINCORPORATED,-119.79399359,36.922899749999999
90329222,2016,2016-12-05,9456,2016-11-21,1300,014985,CHP,1,1,9,2000,0,1,3,,1,051,SR-41,"COUNTY ROAD 425C",0.00,,Y,B,-,Y,,,41,,,,,,,Y,3,0,4,2,A,-,09,21802,A,N,D,C,A,A,H,-,A,A,0,,,,,Y,,D,22,0,2,2,0,0,0,0,0,0,"- ","- ",37.28651,-119.65446,MADERA,UNINCORPORATED,-119.65444348,37.286479649999997
90330385,2016,2016-11-28,9456,2016-11-16,1815,013980,,3,2,9,2000,0,2,4,,1,053,"COUNTY ROAD 200","QUAIL CREEK RD",23760.00,W,N,A,-,N,,,,,,,,,,Y,3,0,1,1,A,-,08,22107,,N,E,I,A,A,H,-,D,D,0,,,,,Y,,A,07,0,1,0,0,0,0,0,0,0,"- ","- ",37.192590000000003,-119.60603999999999,MADERA,UNINCORPORATED,-119.60695088,37.194025830000001
90330463,2016,2016-11-28,9450,2016-11-20,1536,016967,,7,2,4,2002,0,1,3,,2,011,"STATE ROUTE 99 S/B","AVENUE 16",1056.00,S,N,B,C,Y,,,99,,,,,,S,Y,4,0,2,1,A,-,08,22107,,N,E,I,A,B,H,-,A,D,0,,,,,Y,,A,01,0,0,2,0,0,0,0,0,0,"- ","- ",36.97954,-120.08256,MADERA,MADERA,-120.08250331000001,36.979602569999997
90330996,2016,2016-11-28,9450,2016-11-23,1125,017899,,3,1,9,2000,0,3,5,,2,030,"AVENUE 7 1/2","COUNTY ROAD 9",2165.00,W,N,B,-,N,,,,,,,,,,Y,3,0,1,1,A,-,08,22107,,N,E,I,A,A,H,-,A,D,0,,,,,Y,,A,01,0,1,0,0,0,0,0,0,0,"- ","- ",36.85369,-120.38925999999999,MADERA,UNINCORPORATED,-120.38924768,36.858558739999999
90331226,2016,2016-11-28,9450,2016-11-26,1515,016938,,6,2,9,2000,0,1,3,,1,042,"SR 41 NORTHBOUND","MADERA COUNTY LINE",50.00,N,N,B,C,Y,,,41,,,,,,N,Y,3,0,1,1,A,-,03,22350,,N,E,I,A,B,H,-,A,D,0,,,,,Y,,A,01,0,1,0,0,0,0,0,0,0,"- ","- ",36.876480000000001,-119.79255000000001,MADERA,UNINCORPORATED,-119.79250021,36.87648385
90331253,2016,2016-11-28,9450,2016-11-26,1335,016938,,6,1,9,2000,0,1,3,,2,031,"SR 99 SOUTHBOUND TO OLIVE AVENUE","OLIVE STREET",125.00,N,N,B,C,Y,,,,,,,,,,Y,3,0,1,2,A,-,03,22350,,N,C,C,A,B,H,-,A,A,0,,,,,Y,,A,01,0,1,0,0,0,0,0,0,0,"- ","- ",36.953380000000003,-120.05761,MADERA,UNINCORPORATED,,
90331323,2016,2016-11-28,9450,2016-11-26,1430,018551,,6,2,9,2000,0,1,3,,2,011,"SR-99 S/B","AVENUE 20 1/2 O/C",1800.00,N,N,B,C,Y,,,99,,,,,,S,N,4,0,2,3,A,-,03,22350,,N,C,C,A,B,H,-,A,D,0,,,,,Y,,D,22,0,0,2,0,0,0,0,0,0,"- ","- ",37.046779999999998,-120.16264,MADERA,UNINCORPORATED,-120.16271863999999,37.046693859999998
90331998,2016,2016-11-29,9450,2016-11-29,0138,012114,,2,3,9,2000,0,1,3,,2,011,"STATE ROUTE 99 SOUTHBOUND","AVENUE 17",2640.00,N,N,B,-,Y,,,99,,,,,,S,Y,3,0,1,2,A,-,08,22107,,N,E,I,A,A,H,-,D,D,0,,,,Y,Y,,A,01,0,1,0,0,0,0,0,0,0,"- ","- ",37.002690000000001,-120.10894,MADERA,UNINCORPORATED,-120.10892705000001,37.002705710000001
90333070,2016,2016-11-30,9450,2016-11-23,1736,017868,,3,2,9,2000,0,1,3,,2,011,"SR-99 S/B","AVENUE 21 1/2",158.00,S,N,A,-,Y,,,,,,,,,,Y,4,0,4,2,A,-,03,22350,,N,C,C,A,A,H,-,D,D,0,,,,,Y,,A,01,0,0,4,0,0,0,0,0,0,"- ","- ",37.343000000000004,-120.1054,MADERA,UNINCORPORATED,,
90333171,2016,2016-11-30,9450,2016-11-22,0830,018551,,2,1,9,2000,0,3,5,,2,030,"COUNTY ROAD 23","AVENUE 13",0.00,,Y,E,-,N,,,,,,,,,,N,3,0,1,2,A,-,09,21801,A,N,B,C,A,A,H,-,A,D,0,,,,Y,Y,,G,25,0,1,0,0,0,0,0,0,0,"- ","- ",36.938119999999998,-120.12841,MADERA,UNINCORPORATED,-120.12845986000001,36.9382801
90333234,2016,2016-11-30,9456,2016-11-28,0940,017711,,1,1,9,2000,0,3,5,,2,050,"COUNTY ROAD 222","COUNTY ROAD 432",570.00,S,N,B,-,N,,,,,,,,,,Y,3,0,1,1,A,-,08,22107,,N,E,I,A,B,H,-,A,D,0,,,,,Y,,A,01,0,1,0,0,0,0,0,0,0,"- ","- ",37.334380000000003,-119.58183,MADERA,UNINCORPORATED,-119.5817969,37.333974349999998
90333298,2016,2016-11-30,9450,2016-11-26,1610,018551,,6,2,9,2000,0,3,5,,2,030,"SR-99 S/B","SR-145 O/C",0.00,,N,B,-,Y,,,,,,,,,,N,4,0,1,2,A,-,03,22350,,N,C,C,A,B,H,-,A,D,0,,,,,Y,,D,22,0,0,1,0,0,0,0,0,0,"- ","- ",36.956139999999998,-120.05928,MADERA,UNINCORPORATED,,
90333311,2016,2016-11-30,9450,2016-11-29,0720,016486,,2,1,9,2000,0,3,5,,2,040,"AVENUE 9","COUNTY ROAD 40 1/2",300.00,W,N,A,-,N,,,,,,,,,,Y,4,0,1,3,A,-,03,22350,,N,C,C,A,A,H,-,A,D,0,,,,,Y,,A,01,0,0,1,0,0,0,0,0,0,"- ","- ",36.88017,-119.81191,MADERA,UNINCORPORATED,-119.81199829000001,36.880420639999997
90334012,2016,2016-11-30,9450,2016-11-27,1645,016938,,7,2,9,2000,0,3,5,,2,030,"AVENUE 12","COUNTY ROAD 23",0.00,,Y,A,-,N,,,,,,,,,,N,4,0,1,2,A,-,09,21802,B,N,D,C,A,A,H,-,D,A,0,,,,,Y,,A,07,0,0,1,0,0,0,0,0,0,"- ","- ",36.923760000000001,-120.13057000000001,MADERA,UNINCORPORATED,-120.12865993,36.923740080000002
90334440,2016,2016-12-01,9450,2016-11-30,0735,018551,,3,1,9,2000,0,1,3,,2,031,"STATE ROUTE-99 S/B","AVENUE 12",0.00,,N,B,-,Y,,,99,,,,,,S,N,4,0,1,2,A,-,03,22350,,N,C,C,A,A,H,-,A,D,0,,,,,Y,,A,01,0,0,1,0,0,0,0,0,0,"- ","- ",36.932780000000001,-120.03059,MADERA,UNINCORPORATED,-120.03052812,36.932844699999997
90334516,2016,2016-12-01,9450,2016-11-26,2228,019105,,6,3,9,2000,0,1,3,,1,013,"STATE ROUTE-99 NORTHBOUND",SR-152,100.00,S,N,B,C,Y,,,99,,,,,,N,Y,3,0,3,1,A,-,08,22107,,N,E,I,A,B,H,-,D,D,0,,,,,Y,,A,07,0,1,2,0,0,0,0,0,0,"- ","- ",37.084229999999998,-120.20910000000001,MADERA,UNINCORPORATED,-120.20900362,37.084368120000001
90334571,2016,2016-12-01,9450,2016-10-20,1500,016938,,4,2,9,2000,0,3,5,,2,030,"AVENUE 6","COUNTY ROAD 18 3/4",3696.00,W,N,A,-,N,,,,,,,,,,Y,1,1,0,1,A,-,08,22107,,N,E,I,A,A,H,-,A,D,0,,,,,Y,,A,01,0,0,0,0,0,0,0,0,0,"- ","- ",36.836500000000001,-120.22467,MADERA,UNINCORPORATED,-120.22398444,36.836547899999999
90335074,2016,2016-12-01,9456,2016-11-26,1642,013980,,6,2,9,2000,0,3,5,,2,050,"COUNTY ROAD 222","COUNTY ROAD 225",168.00,N,N,C,-,N,,,,,,,,,,Y,3,0,1,1,A,-,01,23152,A,N,E,I,A,B,H,-,D,D,0,,,,,Y,Y,A,07,0,1,0,0,0,0,0,0,0,"- ","- ",37.230220000000003,-119.50977,MADERA,UNINCORPORATED,-119.50998902000001,37.229706210000003
90335484,2016,2016-12-02,9450,2016-11-25,1803,016946,,5,2,9,2000,0,3,5,,2,030,"COUNTY ROAD 25","AVENUE 13",375.00,S,N,A,-,N,,,,,,,,,,Y,4,0,1,2,A,-,01,23152,A,N,C,C,A,A,H,-,D,D,0,,,,,Y,Y,A,01,0,0,1,0,0,0,0,0,0,"- ","- ",36.937289999999997,-120.09215,MADERA,UNINCORPORATED,-120.09211977,36.937360609999999
90336506,2016,2016-12-05,9450,2016-10-21,0615,018551,,5,1,9,2000,0,3,5,,2,030,"COUNTY ROAD 9","AVENUE 14",2640.00,S,N,A,-,N,,,,,,,,,,Y,1,1,0,2,A,-,14,25803,A,N,C,C,A,A,H,-,D,D,0,,,,,Y,,M,46,0,0,0,0,0,0,0,0,0,"- ","- ",36.944760000000002,-120.0818,MADERA,UNINCORPORATED,-120.3825046,36.945261629999997
90336546,2016,2016-12-05,9450,2016-11-24,1805,020253,,4,2,9,2000,0,1,3,,1,042,"STATE ROUTE 41 SOUTHBOUND","AVENUE 12",1000.00,N,N,A,-,Y,,,41,,,,,,S,Y,4,0,6,3,A,-,03,22350,,N,C,C,A,A,H,-,D,D,0,,,,,Y,,D,22,0,0,6,0,0,0,0,0,0,"- ","- ",36.926009999999998,-119.79393,MADERA,UNINCORPORATED,-119.79396482,36.926010089999998
90336770,2016,2016-12-05,9450,2016-11-24,1810,020253,,4,2,9,2000,0,1,3,,1,042,"STATE ROUTE 41 NORTHBOUND","AVENUE 12",900.00,N,N,A,-,Y,,,41,,,,,,N,Y,3,0,2,3,A,-,03,22350,,N,A,C,E,A,H,-,D,D,0,Y,,,,Y,,A,01,0,1,1,0,1,0,0,0,0,"- ","- ",36.925780000000003,-119.79397,MADERA,UNINCORPORATED,-119.79396545,36.925779990000002
90337633,2016,2016-12-06,9450,2016-12-01,1325,018551,,4,1,9,2000,0,1,3,,2,031,"SR-99 N/B","AVENUE 9 O/C",1500.00,N,N,A,-,Y,,,99,,,,,,N,N,4,0,1,3,A,-,03,22350,,N,C,C,A,A,H,-,A,D,0,,,,,Y,,A,01,0,0,1,0,0,0,0,0,0,"- ","- ",36.883319999999998,-119.97899,MADERA,UNINCORPORATED,-119.97906287000001,36.883262129999999
90337885,2016,2016-12-06,9456,2016-12-02,1054,017711,,5,1,9,2000,0,1,3,,2,056,"STATE ROUTE 49","COUNTY ROAD 619",0.00,,Y,A,-,Y,,,49,,,,,,,Y,4,0,1,2,A,-,03,22350,,N,C,C,A,A,H,-,A,D,0,,,,,Y,,D,22,0,0,1,0,0,0,0,0,0,"- ","- ",37.365029999999997,-119.72602999999999,MADERA,UNINCORPORATED,-119.72603974,37.365026389999997
90339824,2016,2016-12-08,9450,2016-12-02,1816,017868,,5,2,9,2000,0,3,5,,2,020,"COUNTY ROAD 603","COUNTY ROAD 602",494.00,W,N,A,-,N,,,,,,,,,,Y,3,0,1,1,A,-,01,23152,A,N,E,I,A,A,H,-,D,D,0,,,,,Y,Y,A,07,0,1,0,0,0,0,0,0,0,"- ","- ",37.119190000000003,-119.9824,MADERA,UNINCORPORATED,-119.98233329999999,37.119112010000002
90339993,2016,2016-12-08,9450,2016-11-27,1711,019105,,7,2,4,2002,0,3,5,,2,030,"SR-99 SOUTHBOUND","FOURTH STREET",200.00,N,N,A,-,Y,,,99,,,,,,S,N,4,0,2,2,A,-,03,22350,,N,C,C,A,A,H,-,D,D,0,,,,,Y,,A,07,0,0,2,0,0,0,0,0,0,"- ","- ",36.961930000000002,-120.06538999999999,MADERA,MADERA,-120.06540926,36.961910000000003
90340353,2016,2016-12-08,9456,2016-12-04,0615,021555,,7,1,9,2000,0,2,S,,2,057,"COUNTY ROAD 415","GLOBAL PLACE",248.00,W,N,A,-,N,,,,,,,,,,Y,3,0,1,1,A,-,08,22107,,N,E,I,A,A,H,-,B,D,0,,,,,Y,,A,01,0,1,0,0,0,0,0,0,0,"- ","- ",37.239420000000003,-119.79116999999999,MADERA,UNINCORPORATED,-119.79122846999999,37.23944899
90341652,2016,2016-12-09,9450,2016-11-10,1955,012114,,4,2,4,2002,0,1,3,,2,031,"STATE ROUTE 99 SOUTHBOUND","4TH STREET",528.00,N,N,A,-,Y,,,99,,,,,,S,N,4,0,3,2,A,-,07,21658,A,N,B,C,A,A,H,-,C,D,0,,,,Y,Y,,G,25,0,0,3,0,0,0,0,0,0,"- ","- ",36.962829999999997,-120.06637000000001,MADERA,MADERA,-120.06636675999999,36.962833349999997
90342107,2016,2016-12-12,9450,2016-12-01,1730,019105,,4,2,9,2000,0,3,5,,2,040,"BUSINESS ROUTE 41","AVENUE 12",0.00,,Y,A,-,N,,,,,,,,,,Y,4,0,2,2,A,-,09,21802,A,N,D,C,A,A,H,-,D,A,0,,,,,Y,,D,22,0,0,2,0,0,0,0,0,0,"- ","- ",36.92324,-119.79855999999999,MADERA,UNINCORPORATED,-119.79930281999999,36.923216029999999
90342156,2016,2016-12-12,9450,2016-12-06,0710,016938,,2,1,9,2000,0,1,3,,1,037,"SR-145 SOUTHBOUND","AVENUE 7",150.00,N,N,B,E,Y,,,145,,,,,,S,Y,4,0,3,3,A,-,03,22350,,N,C,C,A,B,H,-,A,A,0,,,,,Y,,A,01,0,0,3,0,0,0,0,0,0,"- ","- ",36.851990000000001,-120.05595,MADERA,UNINCORPORATED,-120.05589827999999,36.851990450000002
90342599,2016,2017-02-23,9456,2016-12-10,1315,014985,CHP,6,1,9,2000,0,1,3,,1,051,SR-41,"COUNTY ROAD 415",338.00,S,N,B,C,Y,,,41,,,,,,,Y,4,0,1,2,A,-,03,22350,,N,C,C,A,B,H,-,A,D,0,,,,,Y,,D,22,0,0,1,0,0,0,0,0,0,"- ","- ",37.260350000000003,-119.70229999999999,MADERA,UNINCORPORATED,-119.70224521,37.260306829999998
90343874,2016,2016-12-13,9456,2016-12-10,1100,017711,,6,1,9,2000,0,3,5,,2,050,"ROAD 223","COUNTY ROAD 420",1056.00,S,N,B,C,N,,,,,,,,,,Y,3,0,1,1,A,-,08,22107,,N,E,I,A,B,H,-,A,D,0,,,,,Y,,A,07,0,1,0,0,0,0,0,0,0,"- ","- ",37.287750000000003,-119.58203,MADERA,UNINCORPORATED,-119.57949757999999,37.286969569999997
90345440,2016,2016-12-15,9450,2016-12-10,1525,018999,,6,2,9,2000,0,3,5,,2,010,"AVENUE 18 1/2","COUNTY ROAD 19",20.00,E,N,C,-,N,,,,,,,,,,N,4,0,2,2,A,-,03,22350,,M,C,C,A,B,H,-,A,D,0,,,,,Y,,A,01,0,0,2,0,0,0,0,0,0,"- ","- ",37.018369999999997,-120.20226,MADERA,UNINCORPORATED,-120.20228152999999,37.018359240000002
90345797,2016,2016-12-15,9450,2016-12-14,2035,020253,,3,2,9,2000,0,3,5,,2,040,"AVENUE 9","COUNTY ROAD 33 1/2",50.00,E,N,B,-,N,,,,,,,,,,N,4,0,2,3,A,-,03,22350,,N,C,C,A,A,H,-,D,D,0,,,,,Y,,A,01,0,0,2,0,0,0,0,0,0,"- ","- ",36.880299999999998,-119.93433,MADERA,UNINCORPORATED,-119.93799914,36.88028928
90348036,2016,2016-12-19,9456,2016-12-12,0545,020635,,1,3,9,2000,0,1,3,,1,051,SR-41,"SAFARI WORLD DR",154.00,N,N,A,-,Y,,,,,,,,,,Y,2,0,3,2,A,-,06,21751,,N,A,C,A,A,H,-,B,D,0,,,,,Y,,A,08,1,1,1,0,0,0,0,0,0,"- ","- ",37.133200000000002,-119.42270000000001,MADERA,UNINCORPORATED,-119.70762195,37.225502509999998