CASE_ID,ACCIDENT_YEAR,PROC_DATE,JURIS,COLLISION_DATE,COLLISION_TIME,OFFICER_ID,REPORTING_DISTRICT,DAY_OF_WEEK,CHP_SHIFT,POPULATION,CNTY_CITY_LOC,SPECIAL_COND,BEAT_TYPE,CHP_BEAT_TYPE,CITY_DIVISION_LAPD,CHP_BEAT_CLASS,BEAT_NUMBER,PRIMARY_RD,SECONDARY_RD,DISTANCE,DIRECTION,INTERSECTION,WEATHER_1,WEATHER_2,STATE_HWY_IND,CALTRANS_COUNTY,CALTRANS_DISTRICT,STATE_ROUTE,ROUTE_SUFFIX,POSTMILE_PREFIX,POSTMILE,LOCATION_TYPE,RAMP_INTERSECTION,SIDE_OF_HWY,TOW_AWAY,COLLISION_SEVERITY,NUMBER_KILLED,NUMBER_INJURED,PARTY_COUNT,PRIMARY_COLL_FACTOR,PCF_CODE_OF_VIOL,PCF_VIOL_CATEGORY,PCF_VIOLATION,PCF_VIOL_SUBSECTION,HIT_AND_RUN,TYPE_OF_COLLISION,MVIW,PED_ACTION,ROAD_SURFACE,ROAD_COND_1,ROAD_COND_2,LIGHTING,CONTROL_DEVICE,CHP_ROAD_TYPE,PEDESTRIAN_ACCIDENT,BICYCLE_ACCIDENT,MOTORCYCLE_ACCIDENT,TRUCK_ACCIDENT,NOT_PRIVATE_PROPERTY,ALCOHOL_INVOLVED,STWD_VEHTYPE_AT_FAULT,CHP_VEHTYPE_AT_FAULT,COUNT_SEVERE_INJ,COUNT_VISIBLE_INJ,COUNT_COMPLAINT_PAIN,COUNT_PED_KILLED,COUNT_PED_INJURED,COUNT_BICYCLIST_KILLED,COUNT_BICYCLIST_INJURED,COUNT_MC_KILLED,COUNT_MC_INJURED,PRIMARY_RAMP,SECONDARY_RAMP,LATITUDE,LONGITUDE,COUNTY,CITY,POINT_X,POINT_Y
90551489,2017,2017-09-19,9450,2017-09-11,0252,019159,,1,3,9,2000,0,1,3,,1,043,"SR-41 S/B","COUNTY ROAD 406",150.00,S,N,A,-,Y,,,41,,,,,,S,Y,4,0,1,1,A,-,08,22107,,N,E,I,A,A,H,-,D,D,0,,,,,Y,,A,01,0,0,1,0,0,0,0,0,0,"- ","- ",37.09422,-119.75304,MADERA,UNINCORPORATED,-119.75291564,37.0941215
90551670,2017,2017-09-20,9450,2017-09-09,1156,018612,,6,1,9,2000,0,3,5,,2,040,"COUNTY ROAD 30 1/2","AVENUE 11",0.00,,Y,A,-,N,,,,,,,,,,Y,2,0,5,2,A,-,09,21801,A,N,D,C,A,A,H,-,A,D,0,,,,,Y,,A,01,1,0,4,0,0,0,0,0,0,"- ","- ",36.90934,-119.99226,MADERA,UNINCORPORATED,-119.99232988,36.909290040000002
90552298,2017,2017-09-20,9450,2017-09-12,0720,017032,,2,1,9,2000,0,1,3,,2,031,"SR-99 SOUTHBOUND","AVENUE 8 OVERCROSSIING",1954.00,N,N,A,-,Y,,,99,,,,,,S,Y,3,0,1,2,A,-,07,21658,A,F,E,I,A,A,H,-,A,D,0,,,,,Y,,A,01,0,1,0,0,0,0,0,0,0,"- ","- ",36.870109999999997,-119.96553,MADERA,UNINCORPORATED,-119.96547991,36.870161860000003
90552376,2017,2017-09-20,9450,2017-09-13,1314,018676,,3,1,9,2000,0,3,5,,2,030,"AVENUE 9","COUNTY ROAD 33 1/2",1056.00,W,N,A,-,N,,,,,,,,,,Y,4,0,6,3,A,-,03,22350,,N,C,C,A,A,H,-,A,D,0,,,,,Y,,D,22,0,0,6,0,0,0,0,0,0,"- ","- ",36.880270000000003,-119.94202,MADERA,UNINCORPORATED,-119.94177851000001,36.880290080000002
90552846,2017,2017-09-21,9456,2017-09-11,2110,020993,,1,2,9,2000,0,3,5,,2,050,"COUNTY ROAD 400","LILLEY MOUNTAIN ROAD",1056.00,S,N,B,-,N,,,,,,,,,,Y,4,0,1,1,A,-,08,22107,,N,F,A,A,B,H,-,D,D,0,,,,,Y,,A,01,0,0,1,0,0,0,0,0,0,"- ","- ",37.177990000000001,-119.83302,MADERA,UNINCORPORATED,-119.83290871,37.178111860000001
90554088,2017,2017-09-22,9450,2017-09-14,1942,019070,,4,2,4,2002,0,1,3,,2,031,"STATE ROUTE 99 (NORTHBOUND)","SOUTH MADERA AVENUE",900.00,N,N,A,-,Y,,,,,,,,,,Y,4,0,2,4,A,-,03,22350,,N,C,C,A,A,H,-,C,D,0,,,,,Y,,E,22,0,0,2,0,0,0,0,0,0,"- ","- ",36.995730000000002,-120.05949,MADERA,MADERA,-120.05820598,36.955278159999999
90554177,2017,2017-09-22,9450,2017-09-15,1514,018551,,5,2,9,2000,0,1,3,,2,031,"SR-99 N/B","AVENUE 9",2640.00,N,N,A,-,Y,,,99,,,,,,N,N,4,0,2,3,A,-,04,21703,,N,C,C,A,A,H,-,A,D,0,,,,,Y,,A,01,0,0,2,0,0,0,0,0,0,"- ","- ",36.890599999999999,-119.98654999999999,MADERA,UNINCORPORATED,-119.98648836,36.890663140000001
90554789,2017,2017-09-25,9450,2017-09-09,1710,019159,,6,2,9,2000,0,1,3,,1,041,"STATE ROUTE 145 SOUTHBOUND","COUNTY ROAD 37",814.00,W,N,A,-,Y,,,145,,,,,,S,Y,3,0,1,1,A,-,01,23152,A,N,F,A,A,A,H,-,A,D,0,,,,,Y,Y,D,22,0,1,0,0,0,0,0,0,0,"- ","- ",37.010300000000001,-119.87712999999999,MADERA,UNINCORPORATED,-119.87712935,37.010339049999999
90554843,2017,2017-09-25,9450,2017-09-15,0940,018551,,5,1,9,2000,0,3,5,,2,040,"COUNTY ROAD 36","AVENUE 17",550.00,S,N,A,-,N,,,,,,,,,,Y,2,0,1,1,A,-,08,22107,,N,E,I,A,A,H,-,A,D,0,,,,,Y,,A,01,1,0,0,0,0,0,0,0,0,"- ","- ",36.994340000000001,-119.89369000000001,MADERA,UNINCORPORATED,-119.89372410999999,36.994300250000002
90554880,2017,2017-09-25,9450,2017-09-15,0255,019070,,5,3,9,2000,0,1,3,,2,012,"STATE ROUTE 99 N/B TO SR-152 W/B","SR-99 SOUTHBOUND",120.00,E,N,A,-,Y,,,99,,,,R,,N,Y,4,0,2,1,A,-,08,22107,,N,E,I,A,A,H,-,C,D,0,,,,,Y,,A,07,0,0,2,0,0,0,0,0,0,"- ","- ",37.084420000000001,-120.21024,MADERA,UNINCORPORATED,-120.21024,37.084420000000001
90554920,2017,2017-09-25,9450,2017-09-15,1635,018551,,5,2,9,2000,0,1,3,,1,037,SR-145,"AVENUE 7",1500.00,S,N,A,-,Y,,,145,,,,,,,Y,4,0,4,2,A,-,03,22350,,N,C,C,A,A,H,-,A,D,0,,,,,Y,,A,07,0,0,4,0,0,0,0,0,0,"- ","- ",36.848170000000003,-120.05583,MADERA,UNINCORPORATED,-120.05588029,36.848169800000001
90555023,2017,2017-09-25,9450,2017-09-15,1540,017032,,5,2,9,2000,0,3,5,,2,020,"AVENUE 17","RODEO DRIVE",0.00,,Y,A,-,N,,,,,,,,,,Y,4,0,2,3,A,-,09,21801,A,N,D,C,A,A,H,-,A,A,0,,,,,Y,,A,08,0,0,2,0,0,0,0,0,0,"- ","- ",36.996450000000003,-120.07877000000001,MADERA,UNINCORPORATED,-120.07874999000001,36.99637001
90555298,2017,2017-09-25,9450,2017-09-17,1827,020882,,7,2,9,2000,0,1,3,,1,041,"STATE ROUTE 145 E/B","STATE ROUTE 41",8448.00,W,N,A,-,Y,,,,,,,,,,Y,2,0,1,2,A,-,01,23152,A,F,B,C,A,A,H,-,A,D,0,,,Y,,Y,Y,A,01,1,0,0,0,0,0,0,0,1,"- ","- ",37.010420000000003,-119.82375,MADERA,UNINCORPORATED,-119.8228148,37.010407479999998
90555355,2017,2017-09-25,9450,2017-09-17,0350,020253,,7,3,9,2000,0,1,3,,2,031,"STATE ROUTE 99 S/B","AVENUE 12",1000.00,N,N,A,-,Y,,,99,,,,,,S,Y,3,0,1,1,A,-,01,23152,A,N,E,I,A,A,H,-,D,D,0,,,,,Y,Y,A,07,0,1,0,0,0,0,0,0,0,"- ","- ",36.925370000000001,-120.02366000000001,MADERA,UNINCORPORATED,-120.02358303,36.92542813
90555369,2017,2017-09-25,9450,2017-09-17,1150,018551,,7,1,9,2000,0,3,5,,2,040,"COUNTY ROAD 211","COUNTY ROAD 145",3696.00,N,N,A,-,N,,,,,,,,,,Y,4,0,2,1,A,-,03,22350,,N,F,A,A,A,H,-,A,D,0,,,,,Y,,A,01,0,0,2,0,0,0,0,0,0,"- ","- ",37.036230000000003,-119.72028,MADERA,UNINCORPORATED,-119.72025633,37.036208019999997
90555414,2017,2017-09-25,9450,2017-09-19,2302,019159,,2,3,9,2000,0,1,3,,2,031,"SR-99 NORTHBOUND","AVENUE 12",2640.00,S,N,A,-,Y,,,99,,,,,,N,Y,4,0,2,2,A,-,03,22350,,N,C,C,A,A,D,-,D,D,0,,,,,Y,,D,22,0,0,2,0,0,0,0,0,0,"- ","- ",36.917270000000002,-120.01417000000001,MADERA,UNINCORPORATED,-120.01412781000001,36.917314060000002
90555779,2017,2017-09-26,9450,2017-09-19,0705,020253,,2,1,9,2000,0,3,5,,2,030,"AVENUE 12","COUNTY ROAD 25",30.00,E,N,A,-,N,,,,,,,,,,Y,4,0,2,3,A,-,03,22350,,N,C,C,A,A,H,-,A,D,0,,,,Y,Y,,G,25,0,0,2,0,0,0,0,0,0,"- ","- ",36.923949999999998,-120.09247000000001,MADERA,UNINCORPORATED,-120.09230742,36.923780229999998
90556054,2017,2017-09-26,9450,2017-09-20,1115,017032,,3,1,9,2000,0,3,5,,2,010,"COUNTY ROAD 13","AVENUE 19",94.00,S,N,A,-,N,,,,,,,,,,N,2,0,1,1,A,-,08,22107,,N,E,I,A,A,H,-,A,D,0,,,Y,,Y,,C,06,1,0,0,0,0,0,0,0,1,"- ","- ",37.025500000000001,-120.3105,MADERA,UNINCORPORATED,-120.31051555000001,37.025541930000003
90556416,2017,2017-10-23,9450,2017-05-27,2115,018612,,6,2,9,2000,0,2,4,,2,044,"COUNTY ROAD 145","COUNTY ROAD 211",5808.00,E,N,A,-,N,,,,,,,,,,Y,1,1,2,1,A,-,01,23152,A,N,E,I,A,A,H,-,D,D,0,,,,,Y,Y,A,01,2,0,0,0,0,0,0,0,0,"- ","- ",37.030970000000003,-119.70834000000001,MADERA,UNINCORPORATED,-119.70828295,37.030937190000003
90556422,2017,2017-09-27,9450,2017-09-15,0035,012114,,5,3,9,2000,0,1,3,,1,013,"STATE ROUTE 152 E/B","COUNTY ROAD 16",60.00,W,N,A,-,Y,,,152,,,,,,E,Y,4,0,1,2,A,-,03,22350,,N,C,C,A,A,H,-,C,D,0,,,,Y,Y,,G,25,0,0,1,0,0,0,0,0,0,"- ","- ",37.083750000000002,-120.25704,MADERA,UNINCORPORATED,-120.25704011000001,37.0837583
90556780,2017,2017-09-27,9450,2017-09-21,0359,019105,,4,3,9,2000,0,1,3,,2,031,"SR-99 SOUTHBOUND","AVENUE 12",2640.00,S,N,C,-,Y,,,99,,,,,,S,Y,4,0,1,1,A,-,03,22350,,N,E,I,A,B,H,-,D,D,0,,,,,Y,,A,01,0,0,1,0,0,0,0,0,0,"- ","- ",36.91892,-120.01600000000001,MADERA,UNINCORPORATED,-120.01602877000001,36.918890840000003
90557158,2017,2017-09-27,9450,2017-09-26,1405,017032,,2,2,9,2000,0,1,3,,2,012,"SR-99 NORTHBOUND","AVENUE 24 1/2",5280.00,N,N,A,-,Y,,,,,,,,,,Y,4,0,1,2,A,-,03,22350,,N,C,C,A,A,H,-,A,D,0,,,,,Y,,A,01,0,0,1,0,0,0,0,0,0,"- ","- ",37.115670000000001,-120.23752,MADERA,UNINCORPORATED,,
90557518,2017,2017-09-27,9456,2017-09-17,0135,021555,,7,3,9,2000,0,3,5,,2,050,"GRIFFIN DR","GOLDSIDE DR",0.00,,Y,A,-,N,,,,,,,,,,Y,2,0,3,1,A,-,01,23153,A,N,F,A,A,A,H,-,C,D,0,,,,,Y,Y,A,07,1,1,1,0,0,0,0,0,0,"- ","- ",37.343249999999998,-119.71221,MADERA,UNINCORPORATED,-119.71214988,37.343279930000001
90557598,2017,2017-09-28,9450,2017-09-10,2230,012114,,7,3,9,2000,0,3,5,,2,020,"ROAD 603 (DAULTON ROAD)","COUNTY ROAD 29",6864.00,E,N,A,-,N,,,,,,,,,,Y,2,0,1,1,A,-,01,23152,A,N,F,A,A,A,H,-,D,D,0,,,Y,,Y,Y,C,02,1,0,0,0,0,0,0,0,1,"- ","- ",37.119230000000002,-119.99554000000001,MADERA,UNINCORPORATED,-119.99680197000001,37.119287159999999
90557899,2017,2017-09-28,9450,2017-09-19,0830,018612,,2,1,9,2000,0,3,5,,2,020,"COUNTY ROAD 22","AVENUE 24",0.00,,Y,A,-,N,,,,,,,,,,Y,2,0,3,2,A,-,12,22450,A,N,D,C,A,A,H,-,A,A,0,,,,,Y,,A,07,3,0,0,0,0,0,0,0,0,"- ","- ",37.09825,-120.14706,MADERA,UNINCORPORATED,-120.14706997,37.098130040000001
90557943,2017,2017-09-28,9450,2017-09-19,0633,018075,,2,1,9,2000,0,1,3,,1,041,"STATE ROUTE 145","COUNTY ROAD 33",0.00,,Y,A,-,Y,,,145,,,,,,,Y,4,0,1,1,A,-,01,23152,A,N,E,J,A,A,H,-,B,A,0,,,,,Y,Y,A,01,0,0,1,0,0,0,0,0,0,"- ","- ",37.008710000000001,-119.94681,MADERA,UNINCORPORATED,-119.94687094,37.008848460000003
90558429,2017,2017-09-28,9456,2017-09-20,1330,019295,,3,1,9,2000,0,1,3,,1,052,SR-41,"COUNTY ROAD 630",7920.00,S,N,A,-,Y,,,41,,,,,,,Y,3,0,1,1,A,-,03,22350,,N,A,I,A,A,H,-,A,D,0,,,,,Y,,A,01,0,1,0,0,0,0,0,0,0,"- ","- ",37.416429999999998,-119.62643,MADERA,UNINCORPORATED,-119.62665416999999,37.416349439999998
90558439,2017,2017-09-28,9450,2017-09-24,1620,018554,,7,2,9,2000,0,3,5,,2,030,"AVENUE 7","GOLDEN STATE BLVD.",0.00,,Y,A,-,N,,,,,,,,,,Y,4,0,4,2,A,-,09,21801,A,N,D,C,A,A,H,-,A,D,0,,,,,Y,,A,01,0,0,4,0,0,0,0,0,0,"- ","- ",36.851669999999999,-119.94913,MADERA,UNINCORPORATED,-119.94902998000001,36.851320100000002
90558467,2017,2017-09-28,9456,2017-09-21,2350,017165,,4,3,9,2000,0,1,3,,1,051,"STATE HIGHWAY 41","SERPA CANYON RD",2112.00,S,N,A,-,Y,,,41,,,,,,,Y,3,0,1,1,A,-,01,23152,,N,E,I,A,A,H,-,D,D,0,,,,,Y,Y,A,01,0,1,0,0,0,0,0,0,0,"- ","- ",37.274619999999999,-119.66673,MADERA,UNINCORPORATED,-119.66686378999999,37.27461838
90560241,2017,2017-09-29,9450,2017-09-25,0515,016341,,1,3,4,2002,0,1,3,,2,011,"SR-99 N/B","CLEVELAND AVENUE",500.00,S,N,A,-,Y,,,99,,,,,,N,N,4,0,1,2,A,-,03,22350,,N,C,C,A,A,H,-,A,D,0,,,,,Y,,A,08,0,0,1,0,0,0,0,0,0,"- ","- ",36.973649999999999,-120.07511,MADERA,MADERA,-120.07506567,36.973704670000004
90560885,2017,2017-10-02,9450,2017-09-24,0200,017899,,7,3,9,2000,0,1,3,,2,031,"SR-99 S/B","AVENUE 12",2112.00,S,N,A,-,Y,,,99,,,,,,S,Y,4,0,1,1,A,-,08,22107,,N,F,A,A,A,H,-,D,D,0,,,,,Y,,A,07,0,0,1,0,0,0,0,0,0,"- ","- ",36.919469999999997,-120.01676,MADERA,UNINCORPORATED,-120.01670827,36.919528360000001
90561030,2017,2017-10-02,9450,2017-09-25,1645,017032,,1,2,9,2000,0,1,3,,2,031,"SR-99 SOUTHBOUND","AVENUE 11 OVERCROSSING",2693.00,S,N,A,-,Y,,,99,,,,,,S,Y,4,0,3,3,A,-,03,22350,,N,C,C,A,A,H,-,A,D,0,,,,,Y,,A,01,0,0,3,0,0,0,0,0,0,"- ","- ",36.90363,-120.00015999999999,MADERA,UNINCORPORATED,-120.00018068,36.90360853
90561098,2017,2017-10-02,9456,2017-09-23,1310,020944,,6,1,9,2000,0,3,5,,2,050,"MAMMOTH RD","COUNTY ROAD 8009",3960.00,N,N,B,-,N,,,,,,,,,,Y,4,0,1,1,A,-,08,22107,,N,E,I,A,A,H,-,A,D,0,,,,,Y,,D,22,0,0,1,0,0,0,0,0,0,"- ","- ",37.250079999999997,-119.34706,MADERA,UNINCORPORATED,-119.36503955000001,37.241201750000002
90561344,2017,2017-10-02,9456,2017-09-24,0058,015905,,7,3,9,2000,0,2,4,,1,054,"COUNTY ROAD 274","ROAD 331",141.00,E,N,A,-,N,,,,,,,,,,Y,2,0,1,1,A,-,01,23152,A,N,F,A,A,A,H,-,D,D,0,,,,,Y,Y,A,01,1,0,0,0,0,0,0,0,0,"- ","- ",37.335859999999997,-119.57785,MADERA,UNINCORPORATED,-119.57898234,37.336415449999997
90561782,2017,2017-10-03,9456,2017-09-22,1404,017677,,5,2,9,2000,0,1,3,,2,056,"RT 49","COUNTY ROAD 601",2446.00,N,N,A,-,Y,,,49,,,,,,,Y,2,0,2,1,A,-,08,22107,,N,E,I,A,A,H,-,A,D,0,,,,,Y,,A,01,1,0,1,0,0,0,0,0,0,"- ","- ",37.409570000000002,-119.73313,MADERA,UNINCORPORATED,-119.7331946,37.40958809
90561866,2017,2017-10-03,9456,2017-09-25,1520,017711,,1,2,9,2000,0,1,3,,1,052,"STATE ROUTE 41","CEDAR VALLEY DRIVE",3168.00,N,N,A,-,Y,,,41,,,,,,,Y,3,0,1,1,A,-,08,22107,,N,E,I,A,A,H,-,A,D,0,,,,,Y,,A,01,0,1,0,0,0,0,0,0,0,"- ","- ",37.397370000000002,-119.63283,MADERA,UNINCORPORATED,-119.63281261,37.397376149999999
90563800,2017,2017-10-05,9450,2017-09-27,0213,019159,,3,3,9,2000,0,1,3,,2,012,"SR-99 N/B TO SR-152 W/B","N/B SR-99",201.00,W,N,A,-,Y,,,99,,,,R,,N,Y,3,0,1,3,A,-,08,22107,,N,E,I,A,A,H,-,C,D,0,,,,Y,Y,,G,25,0,1,0,0,0,0,0,0,0,"- ","- ",37.08437,-120.20974,MADERA,UNINCORPORATED,-120.20974,37.08437
90564155,2017,2017-10-05,9450,2017-09-28,0720,018676,,4,1,9,2000,0,3,5,,2,020,"COUNTY ROAD 26","LA BREA AVENUE",220.00,N,N,A,-,N,,,,,,,,,,N,4,0,4,2,A,-,03,22350,,N,C,C,A,A,H,-,A,D,0,,,,,Y,,A,01,0,0,4,0,0,0,0,0,0,"- ","- ",36.999650000000003,-120.07443000000001,MADERA,UNINCORPORATED,-120.0742872,36.999653960000003
90564277,2017,2017-10-05,9450,2017-10-01,1215,018551,,7,1,9,2000,0,1,3,,1,037,SR-145,"AVENUE 5 1/2",0.00,,Y,A,-,Y,,,,,,,,,,N,4,0,1,2,A,-,09,21801,A,N,D,C,A,A,H,-,A,D,0,,,,,Y,,A,07,0,0,1,0,0,0,0,0,0,"- ","- ",36.892560000000003,-120.05651,MADERA,UNINCORPORATED,-120.05626992000001,36.82957004
90564303,2017,2017-10-05,9450,2017-10-02,1735,016341,,1,2,9,2000,0,3,5,,2,020,"AVENUE 24","COUNTY ROAD 20",150.00,W,N,A,-,N,,,,,,,,,,Y,3,0,1,1,A,-,08,22107,,N,E,J,A,A,H,-,A,D,0,,,,,Y,,A,07,0,1,0,0,0,0,0,0,0,"- ","- ",37.098129999999998,-120.18521,MADERA,UNINCORPORATED,-120.1844641,37.098192519999998
90564538,2017,2017-10-06,9450,2017-10-02,0157,019159,,1,3,9,2000,0,1,3,,2,011,"STATE ROUTE 99 S/B","AVENUE 17",2640.00,N,N,A,-,Y,,,99,,,,,,S,Y,3,0,2,2,A,-,03,22350,,N,C,C,A,A,H,-,D,D,0,,,,,Y,,A,01,0,1,1,0,0,0,0,0,0,"- ","- ",37.004010000000001,-120.11056000000001,MADERA,UNINCORPORATED,-120.11053923,37.004035190000003
90565542,2017,2017-10-09,9450,2017-09-26,2113,020882,,2,2,9,2000,0,3,5,,2,040,"AVENUE 15","COUNTY ROAD 39 1/2",800.00,W,N,A,-,N,,,,,,,,,,Y,3,0,4,2,A,-,05,21460,A,N,A,C,A,A,H,-,D,D,0,,,,,Y,,D,22,0,3,1,0,0,0,0,0,0,"- ","- ",36.966729999999998,-119.83194,MADERA,UNINCORPORATED,-119.83339657,36.9667545
90565925,2017,2017-10-30,9450,2017-09-27,0255,020882,,3,3,9,2000,0,1,3,,2,012,"STATE ROUTE 99 S/B","COUNTY ROAD 15",2112.00,S,N,A,-,Y,,,99,,,,,,S,Y,3,0,1,1,A,-,08,22107,,N,E,I,A,A,H,-,D,D,0,,,,Y,Y,,G,25,0,1,0,0,0,0,0,0,0,"- ","- ",37.136839999999999,-120.26698,MADERA,UNINCORPORATED,-120.26696305999999,37.136864969999998
90566793,2017,2017-10-10,9450,2017-10-04,0604,018551,,3,1,9,2000,0,3,5,,2,030,"AVENUE 9","COUNTY ROAD 30",0.00,,Y,A,-,N,,,,,,,,,,N,4,0,1,2,A,-,12,22450,A,N,D,C,A,A,H,-,D,A,0,,,,,Y,,D,22,0,0,1,0,0,0,0,0,0,"- ","- ",36.88035,-120.00176999999999,MADERA,UNINCORPORATED,-120.00143998,36.880350069999999
90567053,2017,2017-10-10,9450,2017-09-29,1645,018075,,5,2,9,2000,0,3,5,,2,040,"CHILDRENS BOULEVARD",PECK,42.00,E,N,A,-,N,,,,,,,,,,N,4,0,2,2,A,-,03,22350,,N,C,C,A,A,H,-,A,A,0,,,,,Y,,A,07,0,0,2,0,0,0,0,0,0,"- ","- ",36.888109999999998,-119.80441999999999,MADERA,UNINCORPORATED,-119.80475187,36.88800861
90567135,2017,2017-10-10,9450,2017-10-05,1723,019604,,4,2,9,2000,0,3,5,,2,040,"AVENUE 12 E/B","COUNTY ROAD 36",60.00,W,N,A,-,N,,,,,,,,,,N,4,0,2,3,A,-,03,22350,,N,C,C,A,A,H,-,A,D,0,,,,,Y,,A,01,0,0,2,0,0,0,0,0,0,"- ","- ",36.922879999999999,-119.89541,MADERA,UNINCORPORATED,-119.89451513,36.923039000000003
90567842,2017,2017-10-11,9450,2017-09-23,2035,016341,,6,2,3,2001,0,1,3,,2,012,"SR-99 S/B FROM ROBERTSON BLVD.","ROBERTSON BLVD.",1056.00,S,N,A,-,Y,,,99,,,,R,,S,Y,3,0,2,2,A,-,08,22107,,N,F,J,A,A,H,-,A,D,0,,,Y,Y,Y,,C,02,0,2,0,0,0,0,0,0,2,"- ","- ",37.125239999999998,-120.2505,MADERA,CHOWCHILLA,-120.2505,37.125239999999998
90568838,2017,2017-10-12,9450,2017-10-07,1222,018612,,6,1,9,2000,0,3,5,,2,020,"COUNTY ROAD 26","AVENUE 17",0.00,,Y,A,-,N,,,,,,,,,,Y,2,0,8,3,A,-,12,21453,A,N,D,C,A,A,H,-,A,A,0,,,,,Y,,A,01,2,6,0,0,0,0,0,0,0,"- ","- ",36.996290000000002,-120.0742,MADERA,UNINCORPORATED,-120.07424985999999,36.99635009
90568878,2017,2017-10-12,9450,2017-10-08,0910,019070,,7,1,9,2000,0,3,5,,2,040,"COUNTY ROAD 145","COUNTY ROAD 211",8448.00,S,N,A,-,N,,,,,,,,,,N,2,0,1,1,A,-,08,22107,,N,F,A,A,A,H,-,A,D,0,,,Y,,Y,,C,02,1,0,0,0,0,0,0,0,1,"- ","- ",37.02628,-119.7025,MADERA,UNINCORPORATED,-119.70244378,37.026269159999998
90569045,2017,2017-10-27,9450,2017-10-09,1520,019070,,1,2,9,2000,0,1,3,,1,042,"STATE ROUTE 41 (SOUTHBOUND)","AVENUE 15",137.00,S,N,A,-,Y,,,41,,,,,,,Y,4,0,4,2,A,-,09,21801,A,N,D,C,A,A,H,-,A,D,0,,,,,Y,,E,22,0,0,4,0,0,0,0,0,0,"- ","- ",36.966470000000001,-119.79421000000001,MADERA,UNINCORPORATED,-119.79395715,36.966469580000002
90569719,2017,2017-10-13,9450,2017-10-07,1539,019070,,6,2,9,2000,0,3,5,,2,010,"AVENUE 20","GOLDEN STATE BLVD.",0.00,,Y,A,-,N,,,,,,,,,,Y,4,0,1,2,A,-,09,21802,A,M,D,C,A,A,H,-,A,D,0,,,,,Y,,A,07,0,0,1,0,0,0,0,0,0,"- ","- ",37.041710000000002,-120.15998,MADERA,UNINCORPORATED,-120.18823989000001,37.06339002
90569974,2017,2017-10-13,9456,2017-10-05,1955,020993,,4,2,9,2000,0,1,3,,1,051,SR-41,"VAN TERI ROAD",5.00,N,N,A,-,Y,,,41,,,,,,,Y,2,0,2,2,A,-,08,22107,,N,A,C,A,A,H,-,D,D,0,,,,,Y,,A,07,1,1,0,0,0,0,0,0,0,"- ","- ",37.246879999999997,-119.70509,MADERA,UNINCORPORATED,-119.70506372,37.246880349999998
90570826,2017,2017-10-16,9450,2017-10-05,1320,018551,,4,1,9,2000,0,3,5,,2,030,"COUNTY ROAD 23","AVENUE 13",50.00,S,N,A,-,N,,,,,,,,,,Y,3,0,2,2,A,-,09,21802,A,N,C,C,A,A,H,-,A,A,0,,,,,Y,,A,01,0,1,1,0,0,0,0,0,0,"- ","- ",36.937669999999997,-120.1284,MADERA,UNINCORPORATED,-120.12846124000001,36.938142730000003
90571037,2017,2017-10-16,9450,2017-10-09,1610,017868,,1,2,9,2000,0,1,3,,2,031,"SR-99 N/B","AVENUE 7",4224.00,N,N,A,-,Y,,,99,,,,,,N,Y,2,0,2,2,A,-,07,21658,A,F,F,A,A,A,H,-,A,D,0,,,Y,,Y,,A,01,1,1,0,0,0,0,0,0,2,"- ","- ",36.862110000000001,-119.95696,MADERA,UNINCORPORATED,-119.95689347,36.862178700000001
90571101,2017,2017-10-16,9456,2017-10-09,1400,020944,,1,2,9,2000,0,3,5,,2,050,"RD 415","BEAN GULCH RANCH RD",1056.00,E,N,A,-,N,,,,,,,,,,Y,3,0,1,1,A,-,08,22107,,N,E,I,A,A,H,-,A,D,0,,,,,Y,,D,22,0,1,0,0,0,0,0,0,0,"- ","- ",37.235289999999999,-119.77476,MADERA,UNINCORPORATED,-119.77434486,37.235512739999997
90571130,2017,2017-10-16,9450,2017-10-11,1620,018554,,3,2,9,2000,0,3,5,,2,020,"COUNTY ROAD 603","COUNTY ROAD 600",4224.00,E,N,A,-,N,,,,,,,,,,Y,3,0,1,2,A,-,08,22107,,N,D,C,A,A,H,-,A,D,0,,,,,Y,,E,22,0,1,0,0,0,0,0,0,0,"- ","- ",37.113720000000001,-119.91833,MADERA,UNINCORPORATED,-119.91838038,37.113674369999998
90571178,2017,2017-10-16,9450,2017-10-13,2030,020882,,5,2,4,2002,0,1,3,,2,031,"STATE ROUTE 99 S/B","SOUTH MADERA AVENUE",320.00,S,N,A,-,Y,,,99,,,,,,S,Y,3,0,1,1,A,-,08,22107,,N,E,J,A,A,H,-,C,D,0,,,,,Y,,A,01,0,1,0,0,0,0,0,0,0,"- ","- ",36.9527,-120.05511,MADERA,MADERA,-120.05515566,36.952621630000003
90571212,2017,2017-10-16,9450,2017-10-13,1749,020882,,5,2,9,2000,0,3,5,,2,040,"COUNTY ROAD 211","COUNTY ROAD 210",2640.00,S,N,A,-,N,,,,,,,,,,Y,3,0,2,2,A,-,05,21460,A,N,A,C,A,A,H,-,A,D,0,,,Y,,Y,,C,02,0,2,0,0,0,0,0,0,1,"- ","- ",37.10718,-119.69116,MADERA,UNINCORPORATED,-119.7155714,37.04958792
90573461,2017,2017-10-18,9456,2017-10-14,0735,020787,,6,1,9,2000,0,1,3,,1,051,"SR-41 N/B","SERPA CANYON RD",1200.00,S,N,A,-,Y,,,41,,,,,,N,Y,4,0,1,1,A,-,08,22107,,N,E,I,A,A,H,-,B,D,0,,,,,Y,,A,01,0,0,1,0,0,0,0,0,0,"- ","- ",37.278700000000001,-119.6682,MADERA,UNINCORPORATED,-119.66824609,37.278677389999999