CASE_ID,ACCIDENT_YEAR,PROC_DATE,JURIS,COLLISION_DATE,COLLISION_TIME,OFFICER_ID,REPORTING_DISTRICT,DAY_OF_WEEK,CHP_SHIFT,POPULATION,CNTY_CITY_LOC,SPECIAL_COND,BEAT_TYPE,CHP_BEAT_TYPE,CITY_DIVISION_LAPD,CHP_BEAT_CLASS,BEAT_NUMBER,PRIMARY_RD,SECONDARY_RD,DISTANCE,DIRECTION,INTERSECTION,WEATHER_1,WEATHER_2,STATE_HWY_IND,CALTRANS_COUNTY,CALTRANS_DISTRICT,STATE_ROUTE,ROUTE_SUFFIX,POSTMILE_PREFIX,POSTMILE,LOCATION_TYPE,RAMP_INTERSECTION,SIDE_OF_HWY,TOW_AWAY,COLLISION_SEVERITY,NUMBER_KILLED,NUMBER_INJURED,PARTY_COUNT,PRIMARY_COLL_FACTOR,PCF_CODE_OF_VIOL,PCF_VIOL_CATEGORY,PCF_VIOLATION,PCF_VIOL_SUBSECTION,HIT_AND_RUN,TYPE_OF_COLLISION,MVIW,PED_ACTION,ROAD_SURFACE,ROAD_COND_1,ROAD_COND_2,LIGHTING,CONTROL_DEVICE,CHP_ROAD_TYPE,PEDESTRIAN_ACCIDENT,BICYCLE_ACCIDENT,MOTORCYCLE_ACCIDENT,TRUCK_ACCIDENT,NOT_PRIVATE_PROPERTY,ALCOHOL_INVOLVED,STWD_VEHTYPE_AT_FAULT,CHP_VEHTYPE_AT_FAULT,COUNT_SEVERE_INJ,COUNT_VISIBLE_INJ,COUNT_COMPLAINT_PAIN,COUNT_PED_KILLED,COUNT_PED_INJURED,COUNT_BICYCLIST_KILLED,COUNT_BICYCLIST_INJURED,COUNT_MC_KILLED,COUNT_MC_INJURED,PRIMARY_RAMP,SECONDARY_RAMP,LATITUDE,LONGITUDE,COUNTY,CITY,POINT_X,POINT_Y
90754002,2018,2018-06-22,9456,2018-06-13,0840,018463,,3,1,9,2000,0,1,3,,1,052,SR-41,"HARTWELL RD",0.00,,Y,A,-,Y,,,41,,,,,,,Y,4,0,1,2,A,-,09,21801,A,N,D,C,A,A,H,-,A,D,0,,,,,Y,,A,08,0,0,1,0,0,0,0,0,0,"- ","- ",37.338981628417969,-119.64408111572266,MADERA,UNINCORPORATED,-119.64423370361328,37.339054107666016
90755009,2018,2018-06-25,9450,2018-06-15,1140,016425,,5,1,9,2000,0,3,5,,2,020,"COUNTY ROAD 407","COUNTY ROAD 600",2100.00,S,N,A,-,N,,,,,,,,,,Y,3,0,1,1,A,-,08,22107,,N,E,I,A,A,H,-,A,D,0,,,,,Y,,A,01,0,1,0,0,0,0,0,0,0,"- ","- ",37.144100189208984,-119.90889739990234,MADERA,UNINCORPORATED,-119.90899658203125,37.144069671630859
90755146,2018,2018-06-25,9450,2018-06-16,0110,017868,,6,3,9,2000,0,3,5,,2,020,"SR-99 NORTHBOUND TO AVENUE 17","AVENUE 17",82.00,N,N,A,-,Y,,,,,,,,,,Y,2,0,1,1,A,-,01,23152,A,N,F,A,A,A,H,-,C,A,0,,,,,Y,Y,A,01,1,0,0,0,0,0,0,0,0,"- ","- ",36.9970703125,-120.10153961181641,MADERA,UNINCORPORATED,-120.10230255126953,36.996662139892578
90755211,2018,2018-06-25,9450,2018-06-16,2040,020253,,6,2,9,2000,0,3,5,,2,030,"POSEY AVENUE E/B","ENTRADA ROAD",700.00,E,N,A,-,N,,,,,,,,,,Y,4,0,1,3,A,-,08,22107,,N,C,E,A,A,H,-,D,D,0,,,,,Y,,A,01,0,0,1,0,0,0,0,0,0,"- ","- ",36.946048736572266,-120.03420257568359,MADERA,UNINCORPORATED,-120.03307342529297,36.946079254150391
90755227,2018,2018-06-25,9450,2018-06-14,1256,018551,,4,1,9,2000,0,1,3,,1,042,"SR-41 N/B","AVENUE 15",5280.00,N,N,A,-,Y,,,41,,,,,,N,N,3,0,1,2,A,-,08,22107,,N,G,B,E,A,D,-,A,A,0,Y,,,,Y,,A,01,0,1,0,0,1,0,0,0,0,"- ","- ",36.977058410644531,-119.79395294189453,MADERA,UNINCORPORATED,-119.7939453125,36.977058410644531
90755256,2018,2018-06-25,9450,2018-06-16,0311,018612,,6,3,9,2000,0,3,5,,2,010,"SR-233 (ROBERTSON BLVD.) S/B","AVENUE 23 1/2",255.00,N,N,A,-,Y,,,233,,,,,,S,Y,2,0,1,1,A,-,01,23152,A,N,E,I,A,A,H,-,D,D,0,,,,,Y,Y,D,22,1,0,0,0,0,0,0,0,0,"- ","- ",37.093521118164062,-120.28878021240234,MADERA,UNINCORPORATED,-120.28881072998047,37.093544006347656
90755364,2018,2018-06-25,9450,2018-06-17,1900,019105,,7,2,9,2000,0,2,4,,2,045,"AVENUE 12","COUNTY ROAD 40",50.00,E,N,A,-,N,,,,,,,,,,Y,4,0,1,2,A,-,03,22350,,N,C,C,A,A,H,-,A,D,0,,,,,Y,,D,22,0,0,1,0,0,0,0,0,0,"- ","- ",36.923168182373047,-119.82080841064453,MADERA,UNINCORPORATED,-119.82089233398438,36.923141479492188
90755743,2018,2018-06-26,9450,2018-06-16,1705,018676,,6,2,9,2000,0,3,5,,2,010,"AVENUE 18 1/2","COUNTY ROAD 13",1584.00,W,N,A,-,N,,,,,,,,,,Y,4,0,1,1,A,-,08,22107,,M,E,I,A,A,H,-,A,D,0,,,,,Y,,A,01,0,0,1,0,0,0,0,0,0,"- ","- ",37.018108367919922,-120.31574249267578,MADERA,UNINCORPORATED,-120.31591033935547,37.0181884765625
90755995,2018,2018-06-26,9456,2018-06-18,0330,021135,,1,3,9,2000,0,2,4,,1,053,"COUNTY ROAD 200","COUNTY ROAD 8066",1584.00,W,N,A,-,N,,,,,,,,,,Y,2,0,1,1,A,-,01,23152,A,N,E,I,A,A,H,-,D,D,0,,,Y,,Y,Y,C,02,1,0,0,0,0,0,0,0,1,"- ","- ",37.178581237792969,-119.63001251220703,MADERA,UNINCORPORATED,-119.62994384765625,37.178512573242188
90756039,2018,2018-06-26,9450,2018-06-19,1615,018676,,2,2,9,2000,0,3,5,,2,030,"AVENUE 7 1/2","COUNTY ROAD 25",1056.00,W,N,A,-,N,,,,,,,,,,Y,4,0,1,2,A,-,21,22106,,N,C,C,A,A,H,-,A,D,0,,,,,Y,,D,22,0,0,1,0,0,0,0,0,0,"- ","- ",36.858528137207031,-120.09603118896484,MADERA,UNINCORPORATED,-120.09573364257812,36.858489990234375
90756480,2018,2018-06-26,9450,2018-06-19,2040,018823,,2,2,9,2000,0,1,3,,2,011,"SR-99 S/B","AVENUE 18 1/2",375.00,S,N,A,-,Y,,,99,,,,,,S,Y,4,0,1,1,A,-,08,22107,,N,E,I,A,A,H,-,D,D,0,,,,,Y,,A,01,0,0,1,0,0,0,0,0,0,"- ","- ",37.017200469970703,-120.12760162353516,MADERA,UNINCORPORATED,-120.12763214111328,37.017143249511719
90757003,2018,2018-06-27,9450,2018-06-20,2055,020882,,3,2,9,2000,0,1,3,,1,043,"STATE ROUTE 41 N/B","COUNTY ROAD 200",20.00,S,N,A,-,Y,,,41,,,,,,N,Y,4,0,2,2,A,-,03,22350,,N,C,C,A,A,H,-,C,A,0,,,,,Y,,A,07,0,0,2,0,0,0,0,0,0,"- ","- ",37.124179840087891,-119.73703002929688,MADERA,UNINCORPORATED,-119.73703765869141,37.124183654785156
90757142,2018,2018-06-27,9450,2018-06-20,2223,019648,,3,3,9,2000,0,1,3,,2,031,"SR-99 N/B","AVENUE 12",3168.00,S,N,A,-,Y,,,99,,,,,,N,Y,3,0,1,2,A,-,01,23152,A,N,C,C,A,A,H,-,D,D,0,,,,,Y,Y,A,01,0,1,0,0,0,0,0,0,0,"- ","- ",36.919609069824219,-120.01648712158203,MADERA,UNINCORPORATED,-120.01650238037109,36.919597625732422
90757964,2018,2018-06-28,9450,2018-06-23,1450,020882,,6,2,9,2000,0,1,3,,1,042,"STATE ROUTE 41 N/B","AVENUE 12",40.00,S,N,A,-,Y,,,41,,,,,,N,Y,4,0,2,2,A,-,03,22350,,N,C,C,A,A,H,-,A,D,0,,,,,Y,,A,01,0,0,2,0,0,0,0,0,0,"- ","- ",36.922969818115234,-119.79392242431641,MADERA,UNINCORPORATED,-119.79399108886719,36.922969818115234
90758032,2018,2018-06-28,9450,2018-06-24,1529,020253,,7,2,9,2000,0,1,3,,1,041,"STATE ROUTE 145 E/B","EL CAMINO ROAD",40.00,W,N,A,-,Y,,,,,,,,,,N,4,0,1,2,A,-,03,22350,,N,C,C,A,A,H,-,A,D,0,,,,,Y,,A,01,0,0,1,0,0,0,0,0,0,"- ","- ",36.999458312988281,-119.97722625732422,MADERA,UNINCORPORATED,-119.97718048095703,36.999015808105469
90758140,2018,2018-06-28,9456,2018-06-19,1355,018052,,2,1,9,2000,0,3,5,,2,050,"COUNTY ROAD 222",221,380.00,N,N,A,-,N,,,,,,,,,,Y,3,0,1,1,A,-,08,22107,,N,E,J,A,A,H,-,A,D,0,,,,,Y,,A,07,0,1,0,0,0,0,0,0,0,"- ","- ",37.262138366699219,-119.53574371337891,MADERA,UNINCORPORATED,-119.53607940673828,37.261661529541016
90760067,2018,2018-06-29,9450,2018-06-29,0500,016425,,5,3,9,2000,0,3,5,,2,010,"COUNTY ROAD 4","AVENUE 18 1/2",5265.00,N,N,A,-,N,,,,,,,,,,N,4,0,1,1,C,-,18,,,N,H,H,A,A,H,-,D,D,0,,,,,Y,,-,"- ",0,0,1,0,0,0,0,0,0,"- ","- ",37.032791137695312,-120.47364044189453,MADERA,UNINCORPORATED,-120.47361755371094,37.032791137695312
90760090,2018,2018-06-29,9450,2018-06-19,2000,018676,,2,2,9,2000,0,3,5,,2,020,"AVENUE 18","DALEY ROAD",0.00,,Y,A,-,N,,,,,,,,,,Y,4,0,1,2,A,-,12,22450,A,N,D,C,A,A,H,-,A,A,0,,,,,Y,,D,22,0,0,1,0,0,0,0,0,0,"- ","- ",37.010780334472656,-120.07669830322266,MADERA,UNINCORPORATED,-120.07672882080078,37.010929107666016
90761060,2018,2018-07-02,9456,2018-06-20,0140,021555,,3,3,9,2000,0,1,3,,2,056,"STATE ROUTE 49","FOX HOLLOW SPRINGS CIR",156.00,N,N,A,-,Y,,,49,,,,,,,Y,3,0,1,1,A,-,01,23152,A,N,E,I,A,A,H,-,D,D,0,,,,,Y,Y,D,22,0,1,0,0,0,0,0,0,0,"- ","- ",37.396808624267578,-119.73693084716797,MADERA,UNINCORPORATED,-119.73698425292969,37.396839141845703
90761186,2018,2018-07-02,9450,2018-06-29,1450,018676,,5,2,9,2000,0,1,3,,2,011,"SR-99 SOUTHBOUND","AVENUE 18 1/2",3168.00,N,N,A,-,Y,,,99,,,,,,S,N,4,0,1,2,A,-,03,22350,,N,C,C,A,A,H,-,A,D,0,,,,,Y,,A,01,0,0,1,0,0,0,0,0,0,"- ","- ",37.027381896972656,-120.13910675048828,MADERA,UNINCORPORATED,-120.13904571533203,37.027454376220703
90761323,2018,2018-07-02,9456,2018-06-22,1930,017711,,5,2,9,2000,0,3,5,,2,050,"USFS ROAD 6S42 (CENTRAL CAMP ROAD)","COUNTY ROAD 274",10560.00,E,N,A,-,N,,,,,,,,,,N,4,0,1,2,D,-,00,,,N,B,C,A,A,H,-,A,D,0,,,Y,,Y,,-,"- ",0,0,1,0,0,0,0,0,1,"- ","- ",37.302871704101562,-119.5040283203125,MADERA,UNINCORPORATED,-119.50402069091797,37.302860260009766
90761945,2018,2018-07-03,9456,2018-06-24,1058,018463,,7,1,9,2000,0,1,3,,2,056,SR-49,"GRIFFIN DR",256.00,S,N,A,-,Y,,,49,,,,,,,Y,4,0,1,1,C,-,18,,,N,B,I,A,A,H,-,A,D,0,,,,,Y,,-,"- ",0,0,1,0,0,0,0,0,0,"- ","- ",37.343849182128906,-119.71087646484375,MADERA,UNINCORPORATED,-119.71091461181641,37.343784332275391
90762185,2018,2018-07-03,9456,2018-06-26,1419,020944,,2,2,9,2000,0,1,3,,1,051,SR-41,"KONKLIN RD",30.00,N,N,A,-,Y,,,41,,,,,,,Y,3,0,1,1,A,-,08,22107,,N,E,J,A,A,H,-,A,D,0,,,,,Y,,A,07,0,1,0,0,0,0,0,0,0,"- ","- ",37.25830078125,-119.70295715332031,MADERA,UNINCORPORATED,-119.70298767089844,37.258312225341797
90763100,2018,2018-07-05,9450,2018-06-26,0509,019648,,2,3,9,2000,0,3,5,,2,030,"AVENUE 7","COUNTY ROAD 16",1584.00,E,N,A,-,N,,,,,,,,,,Y,2,0,2,2,A,-,03,22350,,N,C,C,A,A,H,-,B,D,0,,,,Y,Y,,F,25,1,0,1,0,0,0,0,0,0,"- ","- ",36.851028442382812,-120.24726867675781,MADERA,UNINCORPORATED,-120.24973297119141,36.851001739501953
90766239,2018,2018-07-10,9450,2018-06-29,1500,018361,,5,2,9,2000,0,3,5,,2,030,"AVENUE 13 1/2","COUNTY ROAD 29",0.00,,Y,A,-,N,,,,,,,,,,Y,3,0,1,2,A,-,01,23152,A,N,C,C,A,A,H,-,A,A,0,,,,,Y,Y,A,01,0,1,0,0,0,0,0,0,0,"- ","- ",36.945388793945312,-120.19358825683594,MADERA,UNINCORPORATED,-120.01943206787109,36.945400238037109
90766283,2018,2018-07-10,9450,2018-07-01,0205,020882,,7,3,9,2000,0,1,3,,2,031,"STATE ROUTE 99 N/B","AVENUE 9",200.00,N,N,A,-,Y,,,99,,,,,,N,Y,2,0,2,1,A,-,08,22107,,F,F,A,A,A,H,-,D,D,0,,,,,Y,Y,A,01,1,1,0,0,0,0,0,0,0,"- ","- ",36.880989074707031,-119.97702026367188,MADERA,UNINCORPORATED,-119.97720336914062,36.880828857421875
90766489,2018,2018-07-10,9450,2018-07-02,1142,016946,,1,1,9,2000,0,3,5,,2,030,"COUNTY ROAD 29","AVENUE 13 1/4",51.00,S,N,A,-,N,,,,,,,,,,Y,3,0,2,4,A,-,03,22350,,N,C,C,A,A,H,-,A,D,0,,,,,Y,,A,07,0,1,1,0,0,0,0,0,0,"- ","- ",36.941699981689453,-120.01941680908203,MADERA,UNINCORPORATED,-120.01940155029297,36.941619873046875
90766542,2018,2018-07-10,9450,2018-07-02,0200,020882,,1,3,9,2000,0,3,5,,2,040,"COUNTY ROAD 208","COUNTY ROAD 211",7920.00,W,N,A,-,N,,,,,,,,,,Y,3,0,1,1,A,-,08,22107,,N,E,J,A,A,H,-,D,D,0,,,,,Y,,A,01,0,1,0,0,0,0,0,0,0,"- ","- ",37.056758880615234,-119.72960662841797,MADERA,UNINCORPORATED,-119.72955322265625,37.056728363037109
90766577,2018,2018-07-10,9450,2018-07-03,0443,019604,,2,3,9,2000,0,2,4,,2,035,"AVENUE 12 (WESTBOUND)","MERCANTILE WAY",528.00,E,N,A,-,N,,,,,,,,,,Y,4,0,1,1,A,-,03,22350,,N,F,A,A,A,H,-,D,D,0,,,,,Y,,D,22,0,0,1,0,0,0,0,0,0,"- ","- ",36.923091888427734,-119.9761962890625,MADERA,UNINCORPORATED,-119.97618865966797,36.923255920410156
90767256,2018,2018-07-11,9456,2018-06-30,2130,021135,,6,2,9,2000,0,3,5,,2,050,"COUNTY ROAD 222","CEDAR BLUFF",300.00,W,N,A,-,N,,,,,,,,,,Y,3,0,1,3,A,-,01,23152,A,N,C,E,A,A,H,-,D,D,0,,,,,Y,Y,A,07,0,1,0,0,0,0,0,0,0,"- ","- ",37.3095703125,-119.54625701904297,MADERA,UNINCORPORATED,-119.54837799072266,37.310115814208984
90767644,2018,2018-07-12,9450,2018-07-01,0620,016425,,7,1,9,2000,0,3,5,,2,020,"RAYMOND ROAD","ELLIS STREET",780.00,S,N,A,-,N,,,,,,,,,,Y,3,0,1,1,A,-,03,22350,,N,E,I,A,A,H,-,A,D,0,,,,,Y,,A,01,0,1,0,0,0,0,0,0,0,"- ","- ",39.984661102294922,-120.02986907958984,MADERA,UNINCORPORATED,-120.02964782714844,36.984733581542969
90767750,2018,2018-07-12,9450,2018-07-03,2304,019604,,2,3,9,2000,0,3,5,,2,030,"COUNTY ROAD 24","AVENUE 12",0.00,,Y,A,-,N,,,,,,,,,,Y,4,0,2,2,A,-,12,22450,A,N,D,C,A,A,H,-,D,C,0,,,,,Y,,D,22,0,0,2,0,0,0,0,0,0,"- ","- ",36.923660278320312,-120.11106109619141,MADERA,UNINCORPORATED,-120.11052703857422,36.923740386962891
90768616,2018,2018-07-13,9450,2018-07-07,0930,016425,,6,1,9,2000,0,1,3,,2,011,"N/B SR-99","AVENUE 18 1/2",5460.00,N,N,A,-,Y,,,99,,,,,,,Y,4,0,3,3,A,-,03,22350,,N,C,C,A,A,H,-,A,D,0,,,,,Y,,A,01,0,0,3,0,0,0,0,0,0,"- ","- ",37.029548645019531,-120.14125823974609,MADERA,UNINCORPORATED,-120.14125061035156,37.029563903808594
90769336,2018,2018-07-16,9456,2018-07-05,0824,018463,,4,1,9,2000,0,2,4,,1,054,"COUNTY ROAD 222","COUNTY ROAD 274",0.00,,Y,A,-,N,,,,,,,,,,Y,2,0,3,2,A,-,09,21802,A,N,D,C,A,A,H,-,A,D,0,,,,,Y,,A,01,2,0,1,0,0,0,0,0,0,"- ","- ",37.339038848876953,-119.58560180664062,MADERA,UNINCORPORATED,-119.58551025390625,37.339000701904297
90769348,2018,2018-07-16,9456,2018-07-08,1108,018463,,7,1,9,2000,0,1,3,,1,052,SR-41,"1122 HIGHWAY 41",0.00,,Y,A,-,Y,,,,,,,,,,Y,2,0,1,2,A,-,09,21802,A,N,D,C,A,A,H,-,A,D,0,,,Y,,Y,,A,01,1,0,0,0,0,0,0,0,1,"- ","- ",37.4739990234375,-119.63845825195312,MADERA,UNINCORPORATED,,
90769353,2018,2018-07-16,9456,2018-07-05,2015,020787,,4,2,9,2000,0,2,4,,1,053,"COUNTY ROAD 200","LEPRECHAUN LN",2000.00,W,N,A,-,N,,,,,,,,,,Y,4,0,4,1,A,-,08,22107,,N,E,I,A,A,H,-,D,D,0,,,,,Y,,A,07,0,0,4,0,0,0,0,0,0,"- ","- ",37.152950286865234,-119.65589141845703,MADERA,UNINCORPORATED,-119.65589141845703,37.152950286865234
90769795,2018,2018-07-16,9450,2018-07-06,1600,018676,,5,2,9,2000,0,1,3,,2,011,"SR-99 NORTHBOUND","AVENUE 18 1/2",3696.00,S,N,A,-,Y,,,99,,,,,,N,Y,4,0,1,4,A,-,08,22107,,N,D,C,A,A,H,-,A,D,0,,,,,Y,,A,01,0,0,1,0,0,0,0,0,0,"- ","- ",37.011421203613281,-120.11898803710938,MADERA,UNINCORPORATED,-120.11903381347656,37.011363983154297
90769863,2018,2018-07-16,9450,2018-07-07,2121,018823,,6,2,9,2000,0,1,3,,2,031,"SR-99 S/B","AVENUE 9",110.00,N,N,A,-,Y,,,99,,,,,,S,Y,4,0,1,3,A,-,07,21658,A,F,E,I,A,A,H,-,D,D,0,,,,Y,Y,,G,25,0,0,1,0,0,0,0,0,0,"- ","- ",36.879901885986328,-119.97679901123047,MADERA,UNINCORPORATED,-119.97672271728516,36.879978179931641
90769909,2018,2018-07-16,9450,2018-07-07,0323,020253,,6,3,9,2000,0,3,5,,2,030,"S/B ROAD 28","AVENUE 9",284.00,N,N,A,-,N,,,,,,,,,,N,2,0,1,2,A,-,11,21954,A,F,G,B,E,A,H,-,D,D,0,Y,,,,Y,,N,60,1,0,0,0,1,0,0,0,0,"- ","- ",36.881908416748047,-120.03755187988281,MADERA,UNINCORPORATED,-120.03746795654297,36.881912231445312
90770357,2018,2018-07-16,9456,2018-07-10,0707,021130,,2,1,9,2000,0,1,3,,2,056,"SR-49 N/B","PIKE RANCH ROAD",0.00,,Y,A,-,Y,,,49,,,,,,N,Y,3,0,2,2,A,-,09,21802,A,N,D,C,A,A,H,-,A,A,0,,,,,Y,,A,07,0,2,0,0,0,0,0,0,0,"- ","- ",37.344650268554688,-119.71240234375,MADERA,UNINCORPORATED,-119.71238708496094,37.34466552734375
90770370,2018,2018-07-17,9456,2018-07-09,2220,021555,,1,3,9,2000,0,3,5,,2,050,"COUNTY ROAD 628",SR-49,1584.00,E,N,A,-,N,,,,,,,,,,Y,3,0,1,1,A,-,01,23152,F,N,E,I,A,A,H,-,C,D,0,,,,,Y,,A,01,0,1,0,0,0,0,0,0,0,"- ","- ",39.373470306396484,-119.72312164306641,MADERA,UNINCORPORATED,-119.72525024414062,37.368911743164062
90770680,2018,2018-07-23,9450,2018-07-07,0450,017868,,6,3,9,2000,0,1,3,,1,013,"SR-152 W/B","COUNTY ROAD 9",795.00,E,N,A,-,Y,,,152,,,,,,W,Y,4,0,2,2,A,-,03,22350,,F,C,C,A,A,H,-,D,D,0,,,,,Y,,A,01,0,0,2,0,0,0,0,0,0,"- ","- ",37.083518981933594,-120.37992095947266,MADERA,UNINCORPORATED,-120.37992095947266,37.083477020263672
90771141,2018,2018-07-17,9450,2018-07-08,1502,019105,,7,2,9,2000,0,1,3,,1,042,"SR-41 S/B","AVENUE 12",2064.00,N,N,A,-,Y,,,41,,,,,,S,Y,3,0,5,4,A,-,03,22350,,N,C,C,A,A,H,-,A,D,0,,,,,Y,,D,22,0,1,4,0,0,0,0,0,0,"- ","- ",36.928981781005859,-119.79403686523438,MADERA,UNINCORPORATED,-119.79396057128906,36.928977966308594
90771280,2018,2018-07-17,9450,2018-07-08,1239,018551,,7,1,9,2000,0,1,3,,1,043,"SR-41 S/B","JEWEL VISTA COURT",5808.00,S,N,A,-,Y,,,41,,,,,,S,Y,2,0,3,2,A,-,08,22107,,N,A,C,A,A,H,-,A,D,0,,,,,Y,,A,01,2,1,0,0,0,0,0,0,0,"- ","- ",37.069210052490234,-119.76609039306641,MADERA,UNINCORPORATED,-119.76610565185547,37.069221496582031
90771323,2018,2018-07-18,9456,2018-07-15,1102,018463,,7,1,9,2000,0,1,S,,2,900,"COUNTY ROAD 425C",SR-41,21.00,W,N,A,-,Y,,,,,,,,,,Y,4,0,1,2,A,-,03,22350,,N,D,C,A,A,H,-,A,D,0,,,,,Y,,D,22,0,0,1,0,0,0,0,0,0,"- ","- ",37.28662109375,-119.65425872802734,MADERA,UNINCORPORATED,-119.65426635742188,37.286643981933594
90771550,2018,2018-07-18,9456,2018-07-13,1445,017711,,5,2,9,2000,0,1,3,,1,052,"STATE ROUTE 41","EMPTY CREEK ROAD",450.00,S,N,A,-,Y,,,41,,,,,,,Y,3,0,2,3,A,-,03,22350,,N,C,C,A,A,H,-,A,D,0,,,,,Y,,D,22,0,1,1,0,0,0,0,0,0,"- ","- ",37.359111785888672,-119.64470672607422,MADERA,UNINCORPORATED,-119.64468383789062,37.359119415283203
90771613,2018,2018-07-18,9450,2018-07-08,2233,019648,,7,3,9,2000,0,1,3,,1,013,"SR-152 E/B","COUNTY ROAD 12",1056.00,W,N,A,-,Y,,,152,,,,,,E,Y,2,0,1,1,A,-,08,22107,,N,F,A,A,A,H,-,D,D,0,,,,,Y,,D,22,1,0,0,0,0,0,0,0,0,"- ","- ",37.083339691162109,-120.33644104003906,MADERA,UNINCORPORATED,-120.33644104003906,37.083389282226562
90772003,2018,2018-07-18,9456,2018-07-14,1130,019295,,6,1,9,2000,0,3,5,,2,050,"ROAD 434","COUNTY ROAD 432",0.00,,Y,A,-,N,,,,,,,,,,N,3,0,1,2,A,-,12,22450,A,N,D,C,A,A,H,-,A,A,0,,,,,Y,,A,07,0,1,0,0,0,0,0,0,0,"- ","- ",37.320148468017578,-119.55673217773438,MADERA,UNINCORPORATED,-119.55672,37.320149000000001
90772771,2018,2018-07-19,9450,2018-07-13,0940,016425,,5,1,4,2002,0,1,3,,2,031,"SR-99 S/B","4TH STREET",1930.00,N,N,A,-,Y,,,99,,,,,,S,Y,4,0,1,1,A,-,03,22350,,N,E,I,A,A,H,-,A,D,0,,,,,Y,,A,07,0,0,1,0,0,0,0,0,0,"- ","- ",36.965591430664062,-120.06926727294922,MADERA,MADERA,-120.06925201416016,36.965606689453125
90773783,2018,2018-07-20,9450,2018-07-13,1500,018361,,5,2,9,2000,0,1,3,,1,043,"SR-41 S/B","COUNTY ROAD 208",993.00,N,N,A,-,Y,,,41,,,,,,S,Y,4,0,1,2,A,-,03,22350,,N,C,C,A,A,H,-,A,D,0,,,,,Y,,A,01,0,0,1,0,0,0,0,0,0,"- ","- ",37.041820526123047,-119.779541015625,MADERA,UNINCORPORATED,-119.77949523925781,37.041793823242188
90774478,2018,2018-07-23,9450,2018-07-15,0225,019604,,7,3,9,2000,0,3,5,,2,010,"ROBERTSON BLVD.","CATES CT.",277.00,S,N,A,-,N,,,,,,,,,,Y,4,0,1,1,A,-,08,22107,,N,E,I,A,A,H,-,D,D,0,,,,,Y,,A,01,0,0,1,0,0,0,0,0,0,"- ","- ",37.082099914550781,-120.29412841796875,MADERA,UNINCORPORATED,-120.29412841796875,37.087326049804688
90774794,2018,2018-07-23,9450,2018-07-15,1702,019159,,7,2,9,2000,0,3,5,,2,030,"COUNTY ROAD 23","AVENUE 9",0.00,,Y,A,-,N,,,,,,,,,,Y,3,0,1,2,A,-,09,21801,A,M,A,C,A,A,H,-,A,D,0,,,,,Y,,A,01,0,1,0,0,0,0,0,0,0,"- ","- ",36.880290985107422,-120.12841796875,MADERA,UNINCORPORATED,-120.12851715087891,36.880241394042969
90774868,2018,2018-07-23,9450,2018-07-18,1338,018361,,3,1,9,2000,0,3,5,,2,040,"AVENUE 15","COUNTY ROAD 39 1/2",4752.00,W,N,A,-,N,,,,,,,,,,Y,3,0,1,1,A,-,08,22107,,N,E,I,A,A,H,-,A,D,0,,,,,Y,,A,07,0,1,0,0,0,0,0,0,0,"- ","- ",36.966751098632812,-119.84693908691406,MADERA,UNINCORPORATED,-119.84691619873047,36.966705322265625
90775687,2018,2018-07-24,9456,2018-07-13,2140,020993,,5,2,9,2000,0,2,S,,2,057,"COUNTY ROAD 415","LONGO ROAD",550.00,W,N,A,-,N,,,,,,,,,,Y,3,0,2,1,A,-,08,22107,,N,E,I,A,A,H,-,D,D,0,,,,,Y,,A,07,0,2,0,0,0,0,0,0,0,"- ","- ",37.241329193115234,-119.73632049560547,MADERA,UNINCORPORATED,-119.73628234863281,37.241283416748047
90776181,2018,2018-07-25,9456,2018-07-20,1200,021130,,5,1,9,2000,0,1,3,,2,056,"SR-49 S/B","SUNRISE DR",110.00,S,N,A,-,Y,,,49,,,,,,S,Y,3,0,2,1,A,-,08,22107,,N,E,I,A,A,H,-,A,D,0,,,,,Y,,A,07,0,1,1,0,0,0,0,0,0,"- ","- ",37.354080200195312,-119.72457122802734,MADERA,UNINCORPORATED,-119.72418212890625,37.354049682617188
90776304,2018,2018-07-25,9450,2018-07-14,1107,016946,,6,1,9,2000,0,3,5,,2,030,"AVENUE 7","COUNTY ROAD 33",0.00,,Y,A,-,N,,,,,,,,,,Y,3,0,1,2,A,-,08,22107,,F,D,C,A,A,H,-,A,D,0,,,,,Y,,A,01,0,1,0,0,0,0,0,0,0,"- ","- ",36.851470947265625,-119.94204711914062,MADERA,UNINCORPORATED,-119.94229888916016,36.851531982421875