CASE_ID,ACCIDENT_YEAR,PROC_DATE,JURIS,COLLISION_DATE,COLLISION_TIME,OFFICER_ID,REPORTING_DISTRICT,DAY_OF_WEEK,CHP_SHIFT,POPULATION,CNTY_CITY_LOC,SPECIAL_COND,BEAT_TYPE,CHP_BEAT_TYPE,CITY_DIVISION_LAPD,CHP_BEAT_CLASS,BEAT_NUMBER,PRIMARY_RD,SECONDARY_RD,DISTANCE,DIRECTION,INTERSECTION,WEATHER_1,WEATHER_2,STATE_HWY_IND,CALTRANS_COUNTY,CALTRANS_DISTRICT,STATE_ROUTE,ROUTE_SUFFIX,POSTMILE_PREFIX,POSTMILE,LOCATION_TYPE,RAMP_INTERSECTION,SIDE_OF_HWY,TOW_AWAY,COLLISION_SEVERITY,NUMBER_KILLED,NUMBER_INJURED,PARTY_COUNT,PRIMARY_COLL_FACTOR,PCF_CODE_OF_VIOL,PCF_VIOL_CATEGORY,PCF_VIOLATION,PCF_VIOL_SUBSECTION,HIT_AND_RUN,TYPE_OF_COLLISION,MVIW,PED_ACTION,ROAD_SURFACE,ROAD_COND_1,ROAD_COND_2,LIGHTING,CONTROL_DEVICE,CHP_ROAD_TYPE,PEDESTRIAN_ACCIDENT,BICYCLE_ACCIDENT,MOTORCYCLE_ACCIDENT,TRUCK_ACCIDENT,NOT_PRIVATE_PROPERTY,ALCOHOL_INVOLVED,STWD_VEHTYPE_AT_FAULT,CHP_VEHTYPE_AT_FAULT,COUNT_SEVERE_INJ,COUNT_VISIBLE_INJ,COUNT_COMPLAINT_PAIN,COUNT_PED_KILLED,COUNT_PED_INJURED,COUNT_BICYCLIST_KILLED,COUNT_BICYCLIST_INJURED,COUNT_MC_KILLED,COUNT_MC_INJURED,PRIMARY_RAMP,SECONDARY_RAMP,LATITUDE,LONGITUDE,COUNTY,CITY,POINT_X,POINT_Y
90804380,2018,2018-09-04,9456,2018-08-29,1515,018970,,3,2,9,2000,0,2,4,,1,054,"COUNTY ROAD 274","ROAD 434",2112.00,W,N,A,-,N,,,,,,,,,,Y,4,0,1,1,A,-,08,22107,,N,E,I,A,A,H,-,A,D,0,,,,,Y,,D,22,0,0,1,0,0,0,0,0,0,"- ","- ",37.323799133300781,-119.561767578125,MADERA,UNINCORPORATED,-119.56175231933594,37.323825836181641
90804825,2018,2018-09-04,9450,2018-08-30,1738,020882,,4,2,9,2000,0,2,4,,2,035,"AVENUE 12","COUNTY ROAD 30",0.00,,Y,A,-,N,,,,,,,,,,Y,3,0,1,2,A,-,01,23152,F,F,D,C,A,A,H,-,A,A,0,,,,,Y,,A,01,0,1,0,0,0,0,0,0,0,"- ","- ",36.923458099365234,-120.0010986328125,MADERA,UNINCORPORATED,-120.00124359130859,36.923480987548828
90806024,2018,2018-09-05,9450,2018-08-28,1520,018551,,2,2,9,2000,0,1,3,,1,041,SR-145,"COUNTY ROAD 29",20.00,E,N,A,-,Y,,,145,,,,,,,Y,4,0,1,2,A,-,03,22350,,N,C,C,A,A,H,-,A,D,0,,,,,Y,,D,22,0,0,1,0,0,0,0,0,0,"- ","- ",36.986541748046875,-120.01931762695312,MADERA,UNINCORPORATED,-120.01929473876953,36.986484527587891
90809932,2018,2018-09-11,9450,2018-08-27,0840,016938,,1,1,9,2000,0,1,3,,2,031,"SR 99 SOUTHBOUND TO AVENUE 9","AVENUE 9",0.00,,Y,A,-,Y,,,99,,,,R,,S,Y,3,0,1,2,A,-,09,21802,A,N,D,C,A,A,H,-,A,A,0,,,,,Y,,A,01,0,1,0,0,0,0,0,0,0,"- ","- ",36.880130767822266,-119.97927093505859,MADERA,UNINCORPORATED,-119.97927093505859,36.880130767822266
90809969,2018,2018-09-11,9450,2018-08-28,0715,016946,,2,1,9,2000,0,3,5,,2,030,"AVENUE 7 1/2","COUNTY ROAD 8",105.00,W,N,A,-,N,,,,,,,,,,Y,3,0,1,2,A,-,03,22350,,N,C,C,A,A,H,-,A,D,0,,,,Y,Y,,A,01,0,1,0,0,0,0,0,0,0,"- ","- ",36.858478546142578,-120.40013885498047,MADERA,UNINCORPORATED,-120.40020751953125,36.858497619628906
90810086,2018,2018-09-18,9450,2018-08-31,0237,019648,,5,3,9,2000,0,1,3,,1,042,"SR-41 NORTHBOUND","CHILDREN'S BOULEVARD",2640.00,N,N,A,-,Y,,,41,,,,,,N,Y,2,0,2,2,A,-,01,23152,A,N,A,C,A,A,H,-,D,D,0,,,,,Y,Y,A,01,1,1,0,0,0,0,0,0,0,"- ","- ",36.901508331298828,-119.79238128662109,MADERA,UNINCORPORATED,-119.79238128662109,36.901508331298828
90810317,2018,2018-09-11,9450,2018-08-31,2035,020253,,5,2,9,2000,0,1,3,,2,011,"STATE ROUTE 99 S/B","AVENUE 18 1/2",3607.00,S,N,A,-,Y,,,99,,,,,,S,Y,2,0,3,4,A,-,03,22350,,N,C,C,A,A,H,-,A,D,0,,,,,Y,,A,01,1,1,1,0,0,0,0,0,0,"- ","- ",37.011470794677734,-120.11952209472656,MADERA,UNINCORPORATED,-120.11952972412109,37.011459350585938
90810484,2018,2018-09-11,9450,2018-06-28,2041,018676,,4,2,9,2000,0,1,3,,2,014,"STATE ROUTE 233 (ROBERTSON BOULEVARD)","AVENUE 23 1/ 2",902.00,N,N,A,-,Y,,,233,,,,,,,Y,1,2,0,2,A,-,01,23152,A,N,A,C,A,A,H,-,D,D,0,,,,,Y,Y,D,22,0,0,0,0,0,0,0,0,0,"- ","- ",37.09552001953125,-120.28717803955078,MADERA,UNINCORPORATED,-120.28714752197266,37.095493316650391
90811035,2018,2018-09-12,9450,2018-08-31,0630,016946,,5,1,9,2000,0,3,5,,2,020,"AVENUE 21","COUNTY ROAD 26",902.00,E,N,A,-,N,,,,,,,,,,Y,3,0,1,2,A,-,08,22107,,N,D,C,A,A,H,-,A,D,0,,,,,Y,,A,01,0,1,0,0,0,0,0,0,0,"- ","- ",37.054401397705078,-120.07132720947266,MADERA,UNINCORPORATED,-120.07144165039062,37.054416656494141
90811330,2018,2018-09-12,9450,2018-08-31,1550,017032,,5,2,9,2000,0,1,3,,1,042,"SR-41 NORTHBOUND","AVENUE 12",914.00,S,N,A,-,Y,,,41,,,,,,N,Y,4,0,1,2,A,-,03,22350,,N,C,C,A,A,H,-,A,D,0,,,,,Y,,A,08,0,0,1,0,0,0,0,0,0,"- ","- ",36.920680999755859,-119.79377746582031,MADERA,UNINCORPORATED,-119.79391479492188,36.920673370361328
90811785,2018,2018-09-12,9456,2018-09-06,0300,017165,,4,3,9,2000,0,1,3,,1,051,SR-41,"VICTORIA LN",4224.00,S,N,A,-,Y,,,41,,,,,,,Y,3,0,1,1,A,-,08,22107,,N,E,I,A,A,H,-,D,D,0,,,,,Y,,A,01,0,1,0,0,0,0,0,0,0,"- ","- ",37.315391540527344,-119.65715026855469,MADERA,UNINCORPORATED,-119.65713500976562,37.315410614013672
90812396,2018,2018-09-13,9450,2018-09-05,0515,018676,,3,3,9,2000,0,3,5,,2,040,"COUNTY ROAD 35","AVENUE 13 1/4",78.00,S,N,A,-,N,,,,,,,,,,Y,2,0,1,1,A,-,08,22107,,N,E,I,A,A,H,-,D,D,0,,,,,Y,,D,22,1,0,0,0,0,0,0,0,0,"- ","- ",36.940208435058594,-119.91213226318359,MADERA,UNINCORPORATED,-119.91218566894531,36.940814971923828
90812433,2018,2018-09-13,9450,2018-09-05,2201,015905,,3,3,4,2002,0,1,3,,2,011,"SR-99 S/B","6TH STREET",250.00,N,N,A,-,Y,,,99,,,,,,S,Y,4,0,3,3,A,-,03,22350,,F,C,C,A,A,H,-,C,D,0,,,,,Y,,-,99,0,0,3,0,0,0,0,0,0,"- ","- ",36.959079742431641,-120.06253051757812,MADERA,MADERA,-120.0625,36.9591064453125
90812694,2018,2018-09-13,9450,2018-09-05,2226,019604,,3,3,9,2000,0,1,3,,2,014,"ROBERTSON BLVD","AVENUE 20",6.00,S,N,A,-,N,,,,,,,,,,Y,3,0,1,1,A,-,08,22107,,N,E,I,A,A,H,-,D,D,0,,,,,Y,,A,01,0,1,0,0,0,0,0,0,0,"- ","- ",37.042121887207031,-120.33287811279297,MADERA,UNINCORPORATED,-120.33460998535156,37.039886474609375
90812798,2018,2018-09-13,9450,2018-09-06,0800,017868,,4,1,9,2000,0,2,4,,2,045,"AVENUE 12","LODGE ROAD",35.00,E,N,A,-,N,,,,,,,,,,N,4,0,1,2,A,-,07,21658,A,N,C,C,A,A,H,-,A,D,0,,,,,Y,,A,01,0,0,1,0,0,0,0,0,0,"- ","- ",36.923168182373047,-119.80284118652344,MADERA,UNINCORPORATED,-119.80279541015625,36.9232177734375
90813722,2018,2018-09-14,9456,2018-09-10,1840,018970,,1,2,9,2000,0,3,5,,2,050,"REVIS ROAD","REVIS LANE",0.00,,Y,A,-,N,,,,,,,,,,Y,3,0,4,2,A,-,12,22450,A,N,A,C,A,A,H,-,A,A,0,,,,,Y,,D,22,0,4,0,0,0,0,0,0,0,"- ","- ",37.182090759277344,-119.75885009765625,MADERA,UNINCORPORATED,-119.75872039794922,37.182121276855469
90815302,2018,2018-09-18,9450,2018-09-10,1648,018612,,1,2,9,2000,0,1,3,,1,037,"SR-145 N/B","AVENUE 7",150.00,S,N,A,-,Y,,,145,,,,,,N,Y,4,0,1,2,A,-,03,22350,,N,C,C,A,A,H,-,A,D,0,,,,,Y,,A,01,0,0,1,0,0,0,0,0,0,"- ","- ",36.850749969482422,-120.05586242675781,MADERA,UNINCORPORATED,-120.05589294433594,36.850749969482422
90815398,2018,2018-12-18,9450,2018-09-01,1820,020882,,6,2,4,2002,0,1,3,,2,031,"STATE ROUTE 99 S/B","SOUTH MADERA AVENUE",700.00,N,N,A,-,Y,,,99,,,,,,S,N,4,0,1,2,A,-,03,22350,,F,C,C,A,A,H,-,A,D,0,,,,,Y,,A,07,0,0,1,0,0,0,0,0,0,"- ","- ",36.963470458984375,-120.06688690185547,MADERA,MADERA,-120.06695556640625,36.963401794433594
90815486,2018,2018-09-18,9456,2018-09-07,1653,017677,,5,2,9,2000,0,3,5,,2,050,"COUNTY ROAD 426","CIVIC CIRCLE",164.00,W,N,A,-,N,,,,,,,,,,Y,2,0,1,2,A,-,08,22107,,N,A,C,A,A,H,-,A,D,0,,,Y,,Y,,C,02,1,0,0,0,0,0,0,0,1,"- ","- ",37.332019805908203,-119.65093231201172,MADERA,UNINCORPORATED,-119.65086364746094,37.332023620605469
90815520,2018,2018-09-18,9450,2018-09-11,1555,020253,,2,2,9,2000,0,3,5,,2,040,"COUNTY ROAD 36 1/2","CLOVERLEAF AVENUE",0.00,,Y,A,-,N,,,,,,,,,,Y,4,0,4,2,A,-,01,23152,A,N,D,C,A,A,H,-,A,A,0,,,,,Y,Y,A,01,0,0,4,0,0,0,0,0,0,"- ","- ",36.928489685058594,-119.88517761230469,MADERA,UNINCORPORATED,-119.8851318359375,36.928478240966797
90815836,2018,2018-09-18,9450,2018-09-12,1515,017032,,3,2,4,2002,0,1,3,,2,011,"SR-99 NORTHBOUND FROM MADERA AVENUE W/B","MADERA AVENUE OVERCROSSING",875.00,N,N,A,-,Y,,,,,,,,,,N,4,0,1,2,A,-,03,22350,,N,C,C,A,A,H,-,A,D,0,,,,,Y,,A,08,0,0,1,0,0,0,0,0,0,"- ","- ",36.995540618896484,-120.05802917480469,MADERA,MADERA,-120.05815124511719,36.955226898193359
90816594,2018,2018-09-19,9456,2018-09-17,1853,017711,,1,2,9,2000,0,2,4,,1,053,"COUNTY ROAD 222","WEATHERLY LANE",100.00,S,N,A,-,N,,,,,,,,,,Y,4,0,3,2,A,-,05,21460,A,N,A,C,A,A,H,-,B,D,0,,,,,Y,,D,22,0,0,3,0,0,0,0,0,0,"- ","- ",37.226680755615234,-119.50974273681641,MADERA,UNINCORPORATED,-119.50971221923828,37.226654052734375
90816881,2018,2018-09-19,9450,2018-09-08,1845,019648,,6,2,4,2002,0,1,3,,2,031,"SR-99 N/B","CLEVELAND AVENUE",528.00,S,N,A,-,Y,,,99,,,,,,N,Y,4,0,1,2,A,-,00,23103,A,F,C,C,A,A,H,-,A,D,0,,,Y,,Y,,C,02,0,0,1,0,0,0,0,0,0,"- ","- ",36.970161437988281,-120.07177734375,MADERA,MADERA,-120.07183074951172,36.970130920410156
90816992,2018,2018-09-19,9450,2018-09-12,1840,020882,,3,2,9,2000,0,3,5,,2,040,"AVENUE 15","SANTA FE DRIVE",10560.00,E,N,A,-,N,,,,,,,,,,Y,3,0,2,2,A,-,08,22107,,F,B,C,A,A,H,-,A,D,0,,,,,Y,,A,01,0,2,0,0,0,0,0,0,0,"- ","- ",36.966709136962891,-119.96962738037109,MADERA,UNINCORPORATED,-119.97613525390625,36.96673583984375
90817411,2018,2018-09-20,9450,2018-07-29,0252,019159,,7,3,9,2000,0,1,3,,2,031,"STATE ROUTE 99 SOUTHBOUND","AVENUE 11",5808.00,S,N,A,-,Y,,,99,,,,,,S,Y,1,3,3,2,A,-,01,23152,A,N,A,C,A,A,H,-,D,D,0,,,,,Y,Y,A,01,3,0,0,0,0,0,0,0,0,"- ","- ",36.897651672363281,-119.99395751953125,MADERA,UNINCORPORATED,-119.99398040771484,36.897632598876953
90820050,2018,2018-09-24,9450,2018-09-14,0719,017868,,5,1,9,2000,0,3,5,,2,040,"AVENUE 9","COUNTY ROAD 38",440.00,W,N,A,-,N,,,,,,,,,,Y,4,0,1,2,A,-,05,21650,,N,B,D,A,A,H,-,A,D,0,,,,,Y,,A,01,0,0,1,0,0,0,0,0,0,"- ","- ",36.880538940429688,-119.85838317871094,MADERA,UNINCORPORATED,-119.85869598388672,36.880424499511719
90820111,2018,2018-09-24,9456,2018-09-17,1655,018970,,1,2,9,2000,0,1,3,,1,051,SR-41,"STONE CREEK DR",150.00,N,N,A,-,Y,,,41,,,,,,,Y,4,0,1,1,A,-,08,22107,,N,E,I,A,A,H,-,A,D,0,,,,,Y,,A,01,0,0,1,0,0,0,0,0,0,"- ","- ",37.250198364257812,-119.70545196533203,MADERA,UNINCORPORATED,-119.70532989501953,37.250164031982422
90820248,2018,2018-09-24,9450,2018-09-14,2210,019648,,5,3,9,2000,0,3,5,,2,040,"AVENUE 9","COUNTY ROAD 35",1056.00,E,N,A,-,N,,,,,,,,,,Y,3,0,2,2,A,-,01,23152,A,N,B,C,A,A,H,-,D,D,0,,,,,Y,Y,A,01,0,1,1,0,0,0,0,0,0,"- ","- ",36.880348205566406,-119.90775299072266,MADERA,UNINCORPORATED,-119.90762329101562,36.880325317382812
90820261,2018,2018-09-24,9450,2018-09-15,0930,020253,,6,1,9,2000,0,3,5,,2,040,"AVENUE 9 W/B","COUNTY ROAD 38",2587.00,W,N,A,-,N,,,,,,,,,,Y,4,0,1,2,A,-,06,21750,A,N,D,C,A,A,H,-,A,D,0,,,,Y,Y,,A,01,0,0,1,0,0,0,0,0,0,"- ","- ",36.880329132080078,-119.86605834960938,MADERA,UNINCORPORATED,-119.86602783203125,36.880409240722656
90820296,2018,2018-09-24,9450,2018-09-15,0119,019604,,6,3,9,2000,0,3,5,,2,040,"AVENUE 15","COUNTY ROAD 29",2000.00,W,N,A,-,N,,,,,,,,,,Y,3,0,1,1,A,-,01,23152,A,N,E,I,A,A,H,-,A,A,0,,,,,Y,Y,D,22,0,1,0,0,0,0,0,0,0,"- ","- ",36.967231750488281,-120.01216125488281,MADERA,UNINCORPORATED,-120.02643585205078,36.967140197753906
90821251,2018,2018-09-25,9450,2018-09-17,1512,017868,,1,2,9,2000,0,3,5,,2,010,"COUNTY ROAD 17 1/2",SR-152,40.00,N,N,A,-,N,,,,,,,,,,Y,4,0,1,2,A,-,05,21651,B,N,A,C,A,A,H,-,A,D,0,,,,,Y,,A,01,0,0,1,0,0,0,0,0,0,"- ","- ",37.084331512451172,-120.22944641113281,MADERA,UNINCORPORATED,-120.22944641113281,37.085380554199219
90821269,2018,2018-09-25,9450,2018-09-13,1950,018612,,4,2,9,2000,0,3,5,,2,020,"AVENUE 18 1/2","COUNTY ROAD 24",4224.00,W,N,A,-,N,,,,,,,,,,N,2,0,1,2,A,-,01,23152,A,N,B,G,A,A,H,-,D,D,0,,,Y,,Y,Y,O,05,1,0,0,0,0,0,0,0,1,"- ","- ",37.01824951171875,-120.12474060058594,MADERA,UNINCORPORATED,-120.12499237060547,37.018230438232422
90821391,2018,2018-09-26,9450,2018-09-16,1614,020882,,7,2,9,2000,0,3,5,,2,030,"COUNTY ROAD 29","AVENUE 14",950.00,N,N,A,-,N,,,,,,,,,,Y,3,0,1,1,A,-,01,23152,A,N,E,A,A,A,H,-,A,D,0,,,,,Y,Y,A,01,0,1,0,0,0,0,0,0,0,"- ","- ",36.955219268798828,-120.01947021484375,MADERA,UNINCORPORATED,-120.01950836181641,36.955238342285156
90821401,2018,2018-09-26,9450,2018-09-17,0840,018075,,1,1,9,2000,0,2,4,,2,038,"AVENUE 7","STATE ROUTE 145",402.00,W,N,A,-,N,,,,,,,,,,N,4,0,1,2,A,-,05,21460,A,N,D,D,A,A,H,-,A,D,0,,,,,Y,,D,22,0,0,1,0,0,0,0,0,0,"- ","- ",36.851348876953125,-120.05728912353516,MADERA,UNINCORPORATED,-120.05727386474609,36.851364135742188
90821713,2018,2018-09-26,9450,2018-09-18,1550,018676,,2,2,9,2000,0,2,4,,2,045,"AVENUE 12",SR-41,20.00,W,N,A,-,N,,,41,,,,,,,N,4,0,1,2,A,-,03,22350,,N,C,C,A,A,H,-,A,A,0,,,,,Y,,A,01,0,0,1,0,0,0,0,0,0,"- ","- ",36.923320770263672,-119.79450225830078,MADERA,UNINCORPORATED,-119.79399871826172,36.923316955566406
90822637,2018,2018-09-27,9450,2018-09-22,1622,018823,,6,2,9,2000,0,1,3,,1,043,"SR-41 N/B","COUNTY ROAD 406",5808.00,N,N,A,-,Y,,,41,,,,,,N,Y,4,0,1,2,A,-,03,22350,,N,C,C,A,A,H,-,A,D,0,,,,,Y,,A,01,0,0,1,0,0,0,0,0,0,"- ","- ",37.109401702880859,-119.74469757080078,MADERA,UNINCORPORATED,-119.74477386474609,37.109413146972656
90822907,2018,2018-09-27,9450,2018-09-21,1430,017868,,5,2,9,2000,0,3,5,,2,020,"COUNTY ROAD 26","AVE 18",500.00,S,N,A,-,N,,,,,,,,,,Y,3,0,1,2,A,-,21,22106,,N,D,D,A,A,H,-,A,D,0,,,,,Y,,A,07,0,1,0,0,0,0,0,0,0,"- ","- ",37.009681701660156,-120.07437896728516,MADERA,UNINCORPORATED,-120.07433319091797,37.009567260742188
90822917,2018,2018-09-27,9456,2018-09-19,1640,018970,,3,2,9,2000,0,3,5,,2,050,"COUNTY ROAD 426","MEADOWVIEW DR",10.00,W,N,A,-,N,,,,,,,,,,Y,3,0,2,2,A,-,09,21802,A,N,D,C,A,A,H,-,A,A,0,,,,,Y,,A,07,0,1,1,0,0,0,0,0,0,"- ","- ",37.3135986328125,-119.63146209716797,MADERA,UNINCORPORATED,-119.63128662109375,37.313426971435547
90824410,2018,2018-09-28,9450,2018-09-21,0730,016938,,5,1,9,2000,0,3,5,,2,030,"AVENUE 7","COUNTY ROAD 22",2640.00,W,N,A,-,N,,,,,,,,,,Y,4,0,1,2,A,-,03,22350,,N,C,C,A,A,H,-,A,D,0,,,,,Y,,D,22,0,0,1,0,0,0,0,0,0,"- ","- ",36.851230621337891,-120.14884948730469,MADERA,UNINCORPORATED,-120.15542602539062,36.851230621337891
90824747,2018,2018-09-28,9450,2018-09-24,0705,016938,,1,1,9,2000,0,1,3,,2,031,"SR 99 NORTHBOUND","AVENUE 9",3960.00,N,N,A,-,Y,,,,,,,,,,Y,3,0,2,2,A,-,03,22350,,N,C,C,A,A,H,-,A,D,0,,,,,Y,,D,22,0,2,0,0,0,0,0,0,0,"- ","- ",36.533500671386719,-120.59210205078125,MADERA,UNINCORPORATED,-119.98468017578125,36.888938903808594
90825556,2018,2018-10-01,9450,2018-09-18,0655,017032,,2,1,9,2000,0,3,5,,2,010,"COUNTY ROAD 9","AVENUE 18 1/2",13200.00,S,N,A,-,N,,,,,,,,,,Y,4,0,1,2,A,-,05,21460,A,N,B,C,A,A,H,-,A,D,0,,,,,Y,,D,22,0,0,1,0,0,0,0,0,0,"- ","- ",36.978649139404297,-120.38288116455078,MADERA,UNINCORPORATED,-120.38303375244141,36.981796264648438
90825578,2018,2018-10-01,9450,2018-09-19,0550,017032,,3,3,9,2000,0,2,4,,2,035,"AVENUE 12","COUNTY ROAD 24 1/2",0.00,,Y,A,-,N,,,,,,,,,,N,4,0,2,2,A,-,09,21802,A,N,D,C,A,A,H,-,D,A,0,,,,,Y,,A,07,0,0,2,0,0,0,0,0,0,"- ","- ",36.923839569091797,-120.10164642333984,MADERA,UNINCORPORATED,-120.10150909423828,36.923751831054688
90825908,2018,2018-10-01,9450,2018-09-24,0600,017032,,1,1,9,2000,0,3,5,,2,010,"AVENUE 25","COUNTY ROAD 13",2640.00,W,N,A,-,N,,,,,,,,,,Y,2,0,1,1,A,-,03,22350,,N,E,I,A,A,H,-,D,A,0,,,,,Y,,A,01,1,0,0,0,0,0,0,0,0,"- ","- ",37.113479614257812,-120.31958770751953,MADERA,UNINCORPORATED,-120.31973266601562,37.113468170166016
90826562,2018,2018-10-02,9450,2018-09-25,1544,018551,,2,2,9,2000,0,1,3,,2,031,"SR-99 S/B","AVENUE 11",250.00,N,N,A,-,Y,,,99,,,,,,S,N,4,0,1,2,A,-,03,22350,,N,C,C,A,A,H,-,A,D,0,,,,,Y,,A,01,0,0,1,0,0,0,0,0,0,"- ","- ",36.910579681396484,-120.00753784179688,MADERA,UNINCORPORATED,-120.00749206542969,36.910633087158203
90826745,2018,2018-10-02,9450,2018-09-28,1235,016425,,5,1,9,2000,0,1,3,,2,031,"SR-99 N/B","AVENUE 12",335.00,S,N,A,-,Y,,,99,,,,,,N,Y,4,0,1,3,A,-,03,22350,,N,C,C,A,A,H,-,A,D,0,,,,Y,Y,,D,22,0,0,1,0,0,0,0,0,0,"- ","- ",36.922920227050781,-120.02101135253906,MADERA,UNINCORPORATED,-120.02098083496094,36.922954559326172
90827043,2018,2018-10-02,9450,2018-09-23,1540,018612,,7,2,9,2000,0,3,5,,2,020,"COUNTY ROAD 606","COUNTY ROAD 415",10032.00,S,N,A,-,N,,,,,,,,,,Y,4,0,2,1,A,-,08,22107,,N,F,I,A,A,H,-,A,D,0,,,,,Y,,A,01,0,0,2,0,0,0,0,0,0,"- ","- ",37.218059539794922,-119.87593078613281,MADERA,UNINCORPORATED,-119.87587738037109,37.218051910400391
90827331,2018,2018-10-03,9450,2018-10-01,2349,019159,,1,3,3,2001,0,1,3,,2,012,"STATE ROUTE 99 S/B","ROBERTSON BOULEVARD",2112.00,S,N,A,-,Y,,,99,,,,,,S,Y,4,0,1,2,A,-,01,23152,A,N,C,C,A,A,H,-,D,D,0,,,,,Y,Y,A,01,0,0,1,0,0,0,0,0,0,"- ","- ",37.117149353027344,-120.23993682861328,MADERA,CHOWCHILLA,-120.23989868164062,37.117206573486328
90827375,2018,2018-10-03,9450,2018-09-24,1412,018551,,1,2,9,2000,0,1,3,,2,011,"SR-99 N/B","4TH STREET",0.00,,N,A,-,Y,,,,,,,,,,N,3,0,1,2,A,-,07,21658,A,N,B,C,A,A,H,-,A,D,0,,,Y,,Y,,C,02,0,1,0,0,0,0,0,0,1,"- ","- ",36.966400146484375,-120.06960296630859,MADERA,UNINCORPORATED,-120.06472778320312,36.961551666259766
90828157,2018,2018-10-03,9456,2018-09-25,1515,020787,,2,2,9,2000,0,1,3,,1,051,"SR-41 N/B","MANDY LN",115.00,S,N,A,-,Y,,,41,,,,,,N,Y,3,0,1,1,A,-,08,22107,,N,E,I,A,A,H,-,A,D,0,,,,,Y,,A,07,0,1,0,0,0,0,0,0,0,"- ","- ",37.206691741943359,-119.71431732177734,MADERA,UNINCORPORATED,-119.71425628662109,37.206615447998047
90828866,2018,2018-10-04,9450,2018-09-27,2050,018676,,4,2,9,2000,0,1,3,,2,031,"SR-99 SOUTHBOUND","GATEWAY AVENUE O/C",1584.00,S,N,A,-,Y,,,,,,,,,,Y,3,0,1,1,A,-,08,22107,,N,F,A,A,A,H,-,D,D,0,,,,,Y,Y,A,01,0,1,0,0,0,0,0,0,0,"- ","- ",36.945438385009766,-120.04380798339844,MADERA,UNINCORPORATED,-120.04425048828125,36.945987701416016
90828884,2018,2018-10-04,9450,2018-09-28,1924,018551,,5,2,9,2000,0,3,5,,2,030,"AVENUE 7 1/2","COUNTY ROAD 7",0.00,,Y,A,-,N,,,,,,,,,,Y,4,0,3,2,A,-,17,24250,,N,D,C,A,A,H,-,D,A,0,,,,,Y,,A,01,0,0,3,0,0,0,0,0,0,"- ","- ",36.858360290527344,-120.41802978515625,MADERA,UNINCORPORATED,-120.41780090332031,36.858409881591797
90828947,2018,2018-10-04,9450,2018-09-28,1501,018823,,5,2,9,2000,0,1,3,,1,041,"SR-145 S/B","COUNTY ROAD 36",9504.00,S,N,A,-,Y,,,145,,,,,,S,Y,3,0,1,1,C,-,18,,,N,F,A,A,A,H,-,A,D,0,,,Y,,Y,,-,"- ",0,1,0,0,0,0,0,0,1,"- ","- ",37.010200500488281,-119.9259033203125,MADERA,UNINCORPORATED,-119.9259033203125,37.010181427001953
90829446,2018,2018-10-05,9450,2018-09-28,0830,016425,,5,1,9,2000,0,3,5,,2,030,"AVENUE 12","COUNTY ROAD 29",35.00,W,N,A,-,N,,,,,,,,,,Y,4,0,2,2,A,-,08,22107,,N,D,C,A,A,H,-,A,A,0,,,,Y,Y,,F,26,0,0,2,0,0,0,0,0,0,"- ","- ",36.923538208007812,-120.0159912109375,MADERA,UNINCORPORATED,-120.01583862304688,36.923812866210938
90829583,2018,2018-10-05,9450,2018-09-29,0455,016946,,6,3,4,2002,0,1,3,,2,031,"SR-99 NORTHBOUND",SR-145,1088.00,N,N,A,-,Y,,,99,,,,,,N,Y,2,0,1,1,A,-,01,23152,A,N,E,I,A,A,H,-,C,D,0,,,,,Y,Y,A,01,1,0,0,0,0,0,0,0,0,"- ","- ",36.956439971923828,-120.05899810791016,MADERA,MADERA,-120.05919647216797,36.956233978271484
90830562,2018,2018-10-08,9450,2018-09-26,0719,018075,,3,1,9,2000,0,3,5,,2,030,"AVENUE 9","COUNTY ROAD 24 1/2",440.00,E,N,A,-,N,,,,,,,,,,Y,4,0,2,2,A,-,03,22350,,N,C,C,A,A,H,-,A,D,0,,,,,Y,,A,07,0,0,2,0,0,0,0,0,0,"- ","- ",36.880119323730469,-120.09928894042969,MADERA,UNINCORPORATED,-120.09980773925781,36.8802490234375
90831323,2018,2018-10-08,9450,2018-10-03,0710,016764,,3,1,9,2000,0,3,5,,2,030,"COUNTY ROAD 23","AVENUE 13 1/2",300.00,N,N,A,-,N,,,,,,,,,,Y,3,0,1,2,A,-,08,22107,,N,B,C,A,B,H,-,A,D,0,,,,Y,Y,,A,01,0,1,0,0,0,0,0,0,0,"- ","- ",36.946468353271484,-120.12837982177734,MADERA,UNINCORPORATED,-120.12834167480469,36.946453094482422