CASE_ID,ACCIDENT_YEAR,PROC_DATE,JURIS,COLLISION_DATE,COLLISION_TIME,OFFICER_ID,REPORTING_DISTRICT,DAY_OF_WEEK,CHP_SHIFT,POPULATION,CNTY_CITY_LOC,SPECIAL_COND,BEAT_TYPE,CHP_BEAT_TYPE,CITY_DIVISION_LAPD,CHP_BEAT_CLASS,BEAT_NUMBER,PRIMARY_RD,SECONDARY_RD,DISTANCE,DIRECTION,INTERSECTION,WEATHER_1,WEATHER_2,STATE_HWY_IND,CALTRANS_COUNTY,CALTRANS_DISTRICT,STATE_ROUTE,ROUTE_SUFFIX,POSTMILE_PREFIX,POSTMILE,LOCATION_TYPE,RAMP_INTERSECTION,SIDE_OF_HWY,TOW_AWAY,COLLISION_SEVERITY,NUMBER_KILLED,NUMBER_INJURED,PARTY_COUNT,PRIMARY_COLL_FACTOR,PCF_CODE_OF_VIOL,PCF_VIOL_CATEGORY,PCF_VIOLATION,PCF_VIOL_SUBSECTION,HIT_AND_RUN,TYPE_OF_COLLISION,MVIW,PED_ACTION,ROAD_SURFACE,ROAD_COND_1,ROAD_COND_2,LIGHTING,CONTROL_DEVICE,CHP_ROAD_TYPE,PEDESTRIAN_ACCIDENT,BICYCLE_ACCIDENT,MOTORCYCLE_ACCIDENT,TRUCK_ACCIDENT,NOT_PRIVATE_PROPERTY,ALCOHOL_INVOLVED,STWD_VEHTYPE_AT_FAULT,CHP_VEHTYPE_AT_FAULT,COUNT_SEVERE_INJ,COUNT_VISIBLE_INJ,COUNT_COMPLAINT_PAIN,COUNT_PED_KILLED,COUNT_PED_INJURED,COUNT_BICYCLIST_KILLED,COUNT_BICYCLIST_INJURED,COUNT_MC_KILLED,COUNT_MC_INJURED,PRIMARY_RAMP,SECONDARY_RAMP,LATITUDE,LONGITUDE,COUNTY,CITY,POINT_X,POINT_Y
90876937,2018,2018-12-06,9450,2018-11-28,1500,018923,,3,2,9,2000,0,1,3,,2,031,"SR-99 N/B","AVENUE 12",600.00,S,N,C,-,Y,,,99,,,,,,N,Y,4,0,1,2,A,-,03,22350,,N,C,C,A,B,H,-,A,D,0,,,,,Y,,A,01,0,0,1,0,0,0,0,0,0,"- ","- ",36.922481536865234,-120.02041625976562,MADERA,UNINCORPORATED,-120.02040100097656,36.922500610351562
90877260,2018,2018-12-06,9450,2018-11-28,1446,018612,,3,2,9,2000,0,3,5,,2,010,"COUNTY ROAD 23","AVENUE 18",0.00,,Y,C,-,N,,,,,,,,,,Y,2,0,3,3,A,-,09,21801,A,N,A,C,A,B,H,-,A,D,0,,,,,Y,,A,01,2,1,0,0,0,0,0,0,0,"- ","- ",37.010990142822266,-120.12867736816406,MADERA,UNINCORPORATED,-120.12870788574219,37.010959625244141
90877588,2018,2018-12-06,9450,2018-11-21,1817,018923,,3,2,9,2000,0,3,5,,2,040,"KAREN RD","AVE 16 1/2",0.00,,Y,C,-,N,,,,,,,,,,Y,3,0,3,2,A,-,12,22450,A,N,D,C,A,B,H,-,D,A,0,,,,,Y,,A,01,0,2,1,0,0,0,0,0,0,"- ","- ",36.988510131835938,-119.88291168212891,MADERA,UNINCORPORATED,-119.88289642333984,36.988479614257812
90877669,2018,2018-12-06,9450,2018-11-29,0900,016425,,4,1,9,2000,0,3,5,,2,020,"COUNTY ROAD 24","AVENUE 22",2265.00,S,N,A,-,N,,,,,,,,,,Y,4,0,1,1,A,-,08,22107,,N,E,I,A,A,H,-,A,D,0,,,,,Y,,A,01,0,0,1,0,0,0,0,0,0,"- ","- ",37.062770843505859,-120.11086273193359,MADERA,UNINCORPORATED,-120.11079406738281,37.062751770019531
90879175,2018,2018-12-10,9450,2018-09-07,1040,018075,,5,1,9,2000,0,1,3,,1,041,"STATE ROUTE 145 SOUTHBOUND","STATE ROUTE 41",8448.00,S,N,A,-,Y,,,145,,,,,,S,Y,1,2,3,2,A,-,01,23152,F,N,A,C,A,A,H,-,A,D,0,,,,,Y,,A,01,3,0,0,0,0,0,0,0,0,"- ","- ",37.010448455810547,-119.82299041748047,MADERA,UNINCORPORATED,-119.82299041748047,37.010414123535156
90879310,2018,2019-01-25,9450,2018-10-12,0619,020253,,5,1,9,2000,0,1,3,,1,041,"STATE ROUTE 145 NORTHBOUND","COUNTY ROAD 36",4752.00,S,N,A,-,Y,,,145,,,,,,N,Y,1,1,2,4,A,-,05,21650,,N,B,C,A,A,H,-,D,D,0,,,,,Y,,D,22,1,0,1,0,0,0,0,0,0,"- ","- ",37.010288238525391,-119.90998840332031,MADERA,UNINCORPORATED,-119.90998840332031,37.010246276855469
90879375,2018,2018-12-10,9456,2018-12-02,0045,021269,,7,3,9,2000,0,2,4,,1,054,"COUNTY ROAD 274","LAKE POINT DR",335.00,E,N,B,-,N,,,,,,,,,,Y,3,0,1,1,A,-,08,22107,,N,E,I,A,C,H,-,D,D,0,,,,,Y,,A,01,0,1,0,0,0,0,0,0,0,"- ","- ",37.313610076904297,-119.5360107421875,MADERA,UNINCORPORATED,-119.53608703613281,37.313583374023438
90879593,2018,2018-12-10,9450,2018-11-28,1718,019105,,3,2,9,2000,0,1,3,,1,042,"SR-41 N/B","AVENUE 12",118.00,N,N,A,-,Y,,,41,,,,,,N,Y,2,0,2,2,A,-,01,23152,A,N,C,C,A,B,H,-,D,A,0,,,,,Y,Y,D,22,1,0,1,0,0,0,0,0,0,"- ","- ",36.922611236572266,-119.79386138916016,MADERA,UNINCORPORATED,-119.79399108886719,36.922607421875
90879924,2018,2018-12-11,9456,2018-12-01,1705,020787,,6,2,9,2000,0,1,3,,1,051,SR-41,"LUCKY LANE",1056.00,S,N,B,-,Y,,,41,,,,,,,Y,4,0,2,2,A,-,09,21801,A,N,D,C,A,B,H,-,D,D,0,,,,,Y,,A,07,0,0,2,0,0,0,0,0,0,"- ","- ",37.210891723632812,-119.71003723144531,MADERA,UNINCORPORATED,-119.71005249023438,37.210899353027344
90880827,2018,2018-12-11,9456,2018-12-01,1110,019295,,6,1,9,2000,0,1,3,,1,051,SR-41,"COUNTY ROAD 416",0.00,,Y,B,C,Y,,,41,,,,,,,Y,2,0,1,2,A,-,09,21802,A,N,D,C,A,B,H,-,A,A,0,,,,,Y,,D,22,1,0,0,0,0,0,0,0,0,"- ","- ",37.202060699462891,-119.72265625,MADERA,UNINCORPORATED,-119.72267150878906,37.202064514160156
90881426,2018,2018-12-12,9450,2018-12-01,2220,019604,,6,3,9,2000,0,2,4,,2,045,"AVENUE 12","KENSINGTON DRIVE",200.00,E,N,B,-,N,,,,,,,,,,Y,3,0,4,2,A,-,01,23152,A,N,D,C,A,B,H,-,C,D,0,,,,,Y,Y,A,07,0,4,0,0,0,0,0,0,0,"- ","- ",36.923118591308594,-119.87120819091797,MADERA,UNINCORPORATED,-119.87125396728516,36.923053741455078
90881539,2018,2018-12-12,9450,2018-12-04,2203,018676,,2,3,9,2000,0,1,3,,2,031,"SR-99 NORTHBOUND","AVENUE 11",5280.00,S,N,B,-,Y,,,99,,,,,,N,Y,4,0,1,2,A,-,07,21658,A,N,B,C,A,A,H,-,D,D,0,,,,,Y,,A,01,0,0,1,0,0,0,0,0,0,"- ","- ",36.898128509521484,-119.99408721923828,MADERA,UNINCORPORATED,-119.99413299560547,36.898086547851562
90881727,2018,2018-12-12,9456,2018-12-10,1239,018463,,1,1,9,2000,0,1,3,,1,052,SR-41,"MIAMI CREEK TRAILS ROAD",1584.00,S,N,A,-,Y,,,41,,,,,,,Y,3,0,1,1,A,-,08,22107,,N,E,I,A,A,H,-,A,D,0,,,,,Y,,D,22,0,1,0,0,0,0,0,0,0,"- ","- ",37.413688659667969,-119.62786102294922,MADERA,UNINCORPORATED,-119.62776184082031,37.413669586181641
90881755,2018,2018-12-12,9456,2018-11-30,0700,019295,,5,1,9,2000,0,2,4,,1,053,"COUNTY ROAD 200","CHURCH RANCH ROAD",2640.00,N,N,B,C,N,,,,,,,,,,Y,3,0,1,1,A,-,03,22350,,N,E,I,A,B,H,-,A,D,0,,,,,Y,,D,22,0,1,0,0,0,0,0,0,0,"- ","- ",37.194000244140625,-119.59660339355469,MADERA,UNINCORPORATED,,
90881966,2018,2018-12-13,9450,2018-12-03,1628,017868,,1,2,9,2000,0,1,3,,1,013,"SR-152 W/B","COUNTY ROAD 16",0.00,,Y,A,-,Y,,,152,,,,,,W,Y,2,0,2,2,A,-,09,21802,B,N,D,C,A,A,H,-,A,A,0,,,,,Y,,A,01,1,1,0,0,0,0,0,0,0,"- ","- ",37.083831787109375,-120.25698852539062,MADERA,UNINCORPORATED,-120.25698852539062,37.083892822265625
90883214,2018,2018-12-14,9450,2018-12-06,1630,017032,,4,2,4,2002,0,1,3,,2,011,"SR-99 SOUTHBOUND","MADERA AVENUE",350.00,N,N,B,-,Y,,,99,,,,,,S,Y,4,0,1,2,A,-,03,22350,,N,C,C,A,A,H,-,A,D,0,,,,Y,Y,,G,25,0,0,1,0,0,0,0,0,0,"- ","- ",36.954071044921875,-120.05711364746094,MADERA,MADERA,-120.05714416503906,36.954029083251953
90884575,2018,2018-12-17,9450,2018-09-20,1756,018823,,4,2,9,2000,0,3,5,,2,040,"AVENUE 9","COUNTY ROAD 40",1056.00,E,N,A,-,N,,,,,,,,,,Y,1,3,1,2,A,-,01,23152,A,N,A,C,A,A,H,-,A,D,0,,,,,Y,Y,A,01,1,0,0,0,0,0,0,0,0,"- ","- ",36.880001068115234,-119.81739807128906,MADERA,UNINCORPORATED,-119.81782531738281,36.880115509033203
90885642,2018,2018-12-18,9450,2018-12-08,2326,018676,,6,3,4,2002,0,1,3,,2,011,"SR-99 NORTHBOUND","AVENUE 17",1584.00,S,N,A,-,Y,,,99,,,,,,N,Y,4,0,1,1,A,-,01,23152,A,N,F,A,A,A,H,-,D,D,0,,,,,Y,Y,A,08,0,0,1,0,0,0,0,0,0,"- ","- ",36.993328094482422,-120.09700775146484,MADERA,MADERA,-120.09706878662109,36.993251800537109
90886026,2018,2018-12-19,9450,2018-12-11,0755,018551,,2,1,9,2000,0,3,5,,2,030,"COUNTY ROAD 28 1/2","AVENUE 15",0.00,,Y,A,-,N,,,,,,,,,,N,4,0,2,2,A,-,09,21802,A,N,D,C,A,A,H,-,A,A,0,,,,,Y,,A,01,0,0,2,0,0,0,0,0,0,"- ","- ",36.967048645019531,-120.02867889404297,MADERA,UNINCORPORATED,-120.02861785888672,36.967140197753906
90886131,2018,2018-12-19,9450,2018-12-08,0725,016946,,6,1,9,2000,0,1,3,,1,013,"STATE ROUTE 152","COUNTY ROAD 16",0.00,,Y,E,-,Y,,,152,,,,,,,Y,3,0,1,2,A,-,09,21802,B,N,D,C,A,B,H,-,A,A,0,,,,Y,Y,,D,22,0,1,0,0,0,0,0,0,0,"- ","- ",37.083858489990234,-120.25679779052734,MADERA,UNINCORPORATED,-120.25679779052734,37.083896636962891
90886178,2018,2018-12-19,9450,2018-12-11,2059,018823,,2,2,9,2000,0,1,3,,2,012,"SR-99 N/B TO SR-152 W/B","SR-99 S/B",20.00,E,N,B,-,Y,,,99,,,,R,,N,N,4,0,1,2,A,-,08,22107,,M,B,C,A,A,H,-,D,D,0,,,,Y,Y,,G,25,0,0,1,0,0,0,0,0,0,"- ","- ",37.084201812744141,-120.20950317382812,MADERA,UNINCORPORATED,-120.20950317382812,37.084201812744141
90886263,2018,2018-12-19,9450,2018-12-11,2005,018676,,2,2,9,2000,0,3,5,,2,010,"AVENUE 18 1/2","COUNTY ROAD 21",2112.00,W,N,A,-,N,,,,,,,,,,Y,2,0,1,1,A,-,01,23152,A,N,E,I,A,A,H,-,D,D,0,,,,,Y,Y,D,22,1,0,0,0,0,0,0,0,0,"- ","- ",37.018268585205078,-120.17275238037109,MADERA,UNINCORPORATED,-120.17327117919922,37.018299102783203
90887476,2018,2018-12-20,9450,2018-12-08,1040,016764,,6,1,9,2000,0,1,3,,1,013,"SR-152 E/B TO SR-233",SR-233,0.00,,Y,A,-,Y,,,152,,,,R,,E,Y,4,0,1,1,A,-,12,22450,A,N,E,I,A,A,H,-,A,A,0,,,,,Y,,A,01,0,0,1,0,0,0,0,0,0,"- ","- ",37.082298278808594,-120.2984619140625,MADERA,UNINCORPORATED,-120.2984619140625,37.082298278808594
90887922,2018,2018-12-21,9450,2018-12-12,1150,017032,,3,1,9,2000,0,1,3,,1,041,"SR-41 NORTHBOUND","FRESNO/MADERA CO LINE",200.00,N,N,B,-,Y,,,41,,,,,,N,N,4,0,1,2,A,-,03,22350,,N,C,C,A,A,H,-,A,D,0,,,,,Y,,A,07,0,0,1,0,0,0,0,0,0,"- ","- ",36.876880645751953,-119.79242706298828,MADERA,UNINCORPORATED,-119.79252624511719,36.876876831054688
90888033,2018,2018-12-21,9456,2018-12-18,1100,018970,,2,1,9,2000,0,3,5,,2,050,"COUNTY ROAD 426","JOHNSON PL",650.00,W,N,A,-,N,,,,,,,,,,Y,4,0,2,1,A,-,08,22107,,N,E,I,A,B,H,-,A,D,0,,,,,Y,,A,01,0,0,2,0,0,0,0,0,0,"- ","- ",37.326229095458984,-119.599609375,MADERA,UNINCORPORATED,-119.59964752197266,37.326145172119141
90888755,2018,2018-12-24,9450,2018-12-12,1050,017032,,3,1,9,2000,0,3,5,,2,040,"BUISNESS SR-41 SOUTHBOUND","AVENUE 10 1/2",1056.00,S,N,A,-,Y,,,41,,,,,,S,Y,3,0,2,2,A,-,08,22107,,N,D,C,A,A,H,-,A,D,0,,,,,Y,,A,01,0,2,0,0,0,0,0,0,0,"- ","- ",36.900299072265625,-119.79326629638672,MADERA,UNINCORPORATED,-119.79281616210938,36.900291442871094
90888827,2018,2018-12-24,9450,2018-12-14,1935,018676,,5,2,9,2000,0,3,5,,2,020,"VARDEN DRIVE","VARDEN PLACE",95.00,S,N,A,-,N,,,,,,,,,,N,4,0,4,2,A,-,03,22350,,N,C,C,A,A,H,-,D,D,0,,,,,Y,,D,22,0,0,4,0,0,0,0,0,0,"- ","- ",37.023769378662109,-120.06912231445312,MADERA,UNINCORPORATED,-120.069091796875,37.023818969726562
90888852,2018,2018-12-24,9450,2018-12-16,1522,019385,,7,2,4,2002,0,1,3,,2,031,"STATE ROUTE 99 SOUTHBOUND","6TH STREET",450.00,S,N,A,-,Y,,,99,,,,,,S,Y,4,0,1,2,A,-,03,22350,,N,C,C,A,A,H,-,A,D,0,,,,,Y,,A,01,0,0,1,0,0,0,0,0,0,"- ","- ",36.958381652832031,-120.06169891357422,MADERA,MADERA,-120.06171417236328,36.958362579345703
90889001,2018,2018-12-24,9450,2018-12-15,0755,016938,,6,1,9,2000,0,1,3,,2,031,"SR 99 NORTHBOUND","AVENUE 9",1800.00,N,N,A,-,Y,,,,,,,,,,Y,2,0,1,2,A,-,03,22350,,N,C,C,A,A,D,-,A,A,0,,,,Y,Y,,D,22,1,0,0,0,0,0,0,0,0,"- ","- ",36.535259246826172,-119.59271240234375,MADERA,UNINCORPORATED,-119.97998809814453,36.884365081787109
90889135,2018,2018-12-24,9450,2018-11-19,1637,018551,,1,2,9,2000,0,3,5,,2,030,"AVENUE 7","COUNTY ROAD 33",0.00,,Y,A,-,N,,,,,,,,,,Y,1,2,0,2,A,-,21,22106,,N,D,C,A,A,H,-,A,D,0,,,,,Y,,A,01,0,0,0,0,0,0,0,0,0,"- ","- ",36.85150146484375,-119.94248199462891,MADERA,UNINCORPORATED,-119.94229888916016,36.851531982421875
90889333,2018,2018-12-24,9450,2018-12-17,0620,020882,,1,1,4,2002,0,3,5,,2,010,"STATE ROUTE 99 S/B","CLEVELAND AVENUE",100.00,N,N,C,-,Y,,,99,,,,,,S,Y,4,0,2,2,A,-,03,22350,,N,C,C,A,B,H,-,D,D,0,,,,,Y,,A,01,0,0,2,0,0,0,0,0,0,"- ","- ",36.975170135498047,-120.07713317871094,MADERA,MADERA,-120.0771484375,36.975151062011719
90889448,2018,2018-12-24,9450,2018-12-17,0815,018551,,1,1,9,2000,0,1,3,,2,031,"SR-99 S/B","AVENUE 7 O/C",150.00,S,N,C,-,Y,,,99,,,,,,S,Y,2,0,2,2,A,-,03,22350,,N,D,C,A,B,H,-,A,D,0,,,,Y,Y,,A,07,1,0,1,0,0,0,0,0,0,"- ","- ",36.851631164550781,-119.94743347167969,MADERA,UNINCORPORATED,-119.94733428955078,36.851711273193359
90889471,2018,2018-12-24,9450,2018-12-17,2220,016946,,1,3,4,2002,0,1,3,,2,031,"NORTHBOUND STATE ROUTE 99","AVENUE 13",423.00,N,N,A,-,Y,,,99,,,,,,,Y,3,0,1,2,A,-,08,22107,,N,B,C,A,A,H,-,D,D,0,,,,Y,Y,,A,01,0,1,0,0,0,0,0,0,0,"- ","- ",36.939201354980469,-120.03691864013672,MADERA,MADERA,-120.03690338134766,36.939212799072266
90889476,2018,2018-12-24,9456,2018-12-17,1145,018052,,1,1,9,2000,0,3,5,,2,050,"COUNTY ROAD 426","COURTNEY LN",50.00,W,N,C,-,N,,,,,,,,,,Y,4,0,1,2,A,-,08,22107,,N,B,C,A,B,H,-,A,D,0,,,,,Y,,A,01,0,0,1,0,0,0,0,0,0,"- ","- ",37.313400268554688,-119.61049652099609,MADERA,UNINCORPORATED,-119.61009979248047,37.313644409179688
90889860,2018,2018-12-26,9450,2018-12-13,1815,019385,,4,2,9,2000,0,1,3,,2,031,"STATE ROUTE 99 NORTHBOUND","SAN JOAQUIN RIVER",550.00,N,N,A,-,Y,,,,,,,,,,Y,4,0,1,2,A,-,08,22107,,N,B,C,A,A,H,-,D,D,0,,,,,Y,,-,"- ",0,0,1,0,0,0,0,0,0,"- ","- ",36.844390869140625,-119.95301055908203,MADERA,UNINCORPORATED,,
90890175,2018,2018-12-26,9450,2018-12-20,1758,018676,,4,2,4,2002,0,1,3,,2,011,"SR-99 SOUTHBOUND","CLEVELAND AVENUE",1056.00,S,N,A,-,Y,,,99,,,,,,S,Y,4,0,1,2,A,-,03,22350,,N,C,C,A,A,H,-,C,D,0,,,,,Y,,A,01,0,0,1,0,0,0,0,0,0,"- ","- ",36.972671508789062,-120.07424926757812,MADERA,MADERA,-120.07420349121094,36.972728729248047
90890369,2018,2018-12-26,9456,2018-12-17,0945,020993,,1,1,9,2000,0,1,3,,1,051,SR-41,"COUNTY ROAD 425C",300.00,S,N,B,C,Y,,,41,,,,,,,Y,3,0,1,6,A,-,07,21658,A,N,B,C,A,B,H,-,A,D,0,,,,,Y,,D,22,0,1,0,0,0,0,0,0,0,"- ","- ",37.297611236572266,-119.64881896972656,MADERA,UNINCORPORATED,-119.64878845214844,37.297611236572266
90890412,2018,2018-12-26,9450,2018-12-18,0745,020882,,2,1,9,2000,0,3,5,,2,010,"COUNTY ROAD 9","AVENUE 25",0.00,,Y,E,-,N,,,,,,,,,,Y,3,0,2,2,A,-,09,21802,A,N,D,C,A,B,H,-,A,A,0,,,,,Y,,A,01,0,1,1,0,0,0,0,0,0,"- ","- ",37.112651824951172,-120.38266754150391,MADERA,UNINCORPORATED,-120.09223175048828,36.880279541015625
90891092,2018,2018-12-27,9450,2018-12-15,0156,018612,,6,3,9,2000,0,1,3,,1,043,SR-41,"COUNTY ROAD 200",2640.00,S,N,A,-,Y,,,41,,,,,,,Y,2,0,1,1,A,-,08,22107,,N,F,A,A,A,H,-,D,D,0,,,Y,,Y,,C,02,1,0,0,0,0,0,0,0,1,"- ","- ",37.109218597412109,-119.74476623535156,MADERA,UNINCORPORATED,-119.74480438232422,37.109226226806641
90891103,2018,2018-12-27,9450,2018-12-21,1554,018823,,5,2,9,2000,0,3,5,,2,030,"AVENUE 17","COUNTY ROAD 16",0.00,,N,B,-,N,,,,,,,,,,Y,4,0,1,2,A,-,03,22350,,N,C,C,A,A,H,-,A,D,0,,,,Y,Y,,D,22,0,0,1,0,0,0,0,0,0,"- ","- ",36.851001739501953,-120.26380157470703,MADERA,UNINCORPORATED,-120.25621795654297,36.996368408203125
90891457,2018,2018-12-27,9450,2018-12-21,1530,019648,,5,2,9,2000,0,1,3,,2,011,"SR-99 S/B","AVENUE 20 1/2",1584.00,N,N,A,-,Y,,,99,,,,,,S,Y,4,0,1,3,A,-,03,22350,,N,C,C,A,A,H,-,A,D,0,,,,,Y,,A,08,0,0,1,0,0,0,0,0,0,"- ","- ",37.046390533447266,-120.16230773925781,MADERA,UNINCORPORATED,-120.16234588623047,37.046352386474609
90891641,2018,2018-12-27,9450,2018-12-20,1428,018923,,4,2,9,2000,1,3,5,,2,020,"COUNTY ROAD 22","AVENUE 24",0.00,,Y,A,-,N,,,,,,,,,,Y,3,0,2,2,A,-,12,22450,A,N,D,C,A,A,H,-,A,A,0,,,,,Y,,A,07,0,1,1,0,0,0,0,0,0,"- ","- ",37.098148345947266,-120.14714813232422,MADERA,UNINCORPORATED,-120.14707183837891,37.098129272460938
90891850,2018,2018-12-27,9450,2018-12-22,1310,017032,,6,1,9,2000,0,1,3,,2,011,"SR-99 SOUTHBOUND","AVENUE 21 1/2 OVERCROSSING",2112.00,S,N,B,-,Y,,,99,,,,,,S,Y,4,0,1,2,A,-,03,22350,,N,C,C,A,A,H,-,A,D,0,,,,,Y,,A,07,0,0,1,0,0,0,0,0,0,"- ","- ",37.060848236083984,-120.18045806884766,MADERA,UNINCORPORATED,-120.18050384521484,37.060787200927734
90893052,2018,2019-01-07,9450,2018-12-18,1634,018361,,2,2,9,2000,0,3,5,,2,040,"AVENUE 15","COUNTY ROAD 39 1/2",500.00,W,N,A,-,N,,,,,,,,,,Y,4,0,1,2,A,-,05,21650,,N,A,C,A,A,H,-,B,D,0,,,,,Y,,D,22,0,0,1,0,0,0,0,0,0,"- ","- ",36.966838836669922,-119.83106231689453,MADERA,UNINCORPORATED,-119.83236694335938,36.966758728027344
90894405,2018,2018-12-31,9450,2018-12-20,1737,018823,,4,2,9,2000,0,1,3,,2,031,"SR-99 S/B","AVENUE 11",400.00,N,N,B,-,Y,,,99,,,,,,S,N,4,0,1,2,A,-,03,22350,,N,C,C,A,A,H,-,D,D,0,,,,,Y,,D,22,0,0,1,0,0,0,0,0,0,"- ","- ",36.910301208496094,-120.0072021484375,MADERA,UNINCORPORATED,-120.00717163085938,36.910327911376953
90894839,2018,2018-12-31,9450,2018-12-24,0545,018551,,1,3,9,2000,0,3,5,,2,020,"COUNTY ROAD 22","AVENUE 24",4000.00,S,N,A,-,N,,,,,,,,,,N,4,0,1,3,A,-,03,22350,,N,C,C,A,A,H,-,D,D,0,,,,,Y,,D,22,0,0,1,0,0,0,0,0,0,"- ","- ",37.088260650634766,-120.14708709716797,MADERA,UNINCORPORATED,-120.1470947265625,37.087146759033203
90895855,2018,2019-01-02,9450,2018-12-22,1653,019648,,6,2,9,2000,0,3,5,,2,020,"AVENUE 18","DALEY ROAD",0.00,,Y,A,-,N,,,,,,,,,,Y,4,0,1,2,A,-,12,22450,A,N,D,C,A,A,H,-,D,D,0,,,,,Y,,D,22,0,0,1,0,0,0,0,0,0,"- ","- ",37.010910034179688,-120.07681274414062,MADERA,UNINCORPORATED,-120.07672882080078,37.010929107666016
90896389,2018,2019-01-02,9456,2018-12-24,0030,021269,,1,3,9,2000,0,1,3,,1,051,SR-41,"COYOTE HOLLOW LN",765.00,N,N,A,-,Y,,,41,,,,,,,Y,3,0,1,2,A,-,01,23152,A,N,E,I,A,A,H,-,D,D,0,,,,,Y,Y,A,01,0,1,0,0,0,0,0,0,0,"- ","- ",37.243000030517578,-119.70697021484375,MADERA,UNINCORPORATED,-119.70686340332031,37.242927551269531
90897916,2018,2019-01-04,9450,2018-12-28,1315,017032,,5,1,9,2000,0,1,3,,2,031,"SR-99 NORTHBOUND","AVENUE 11",150.00,N,N,B,-,Y,,,99,,,,,,N,Y,4,0,1,2,A,-,03,22350,,N,C,C,A,A,H,-,A,D,0,,,,,Y,,A,01,0,0,1,0,0,0,0,0,0,"- ","- ",36.90972900390625,-120.00630187988281,MADERA,UNINCORPORATED,-120.00627136230469,36.909759521484375
90898127,2018,2019-01-04,9456,2018-12-25,1750,020787,,2,2,9,2000,0,1,3,,1,051,SR-41,"YOSEMITE SPRINGS PKWY",1584.00,N,N,B,-,Y,,,41,,,,,,,Y,4,0,2,2,A,-,03,22350,,N,C,C,A,A,H,-,D,D,0,,,,,Y,,A,01,0,0,2,0,0,0,0,0,0,"- ","- ",37.158718109130859,-119.72968292236328,MADERA,UNINCORPORATED,-119.72943878173828,37.15838623046875
90899420,2018,2019-01-07,9450,2018-12-28,1323,018823,,5,1,4,2002,0,1,3,,2,031,"SR-99 S/B",SR-145,1056.00,N,N,A,-,Y,,,99,,,,,,S,Y,4,0,4,2,A,-,03,22350,,N,C,C,A,A,H,-,A,D,0,,,,,Y,,D,22,0,0,4,0,0,0,0,0,0,"- ","- ",36.955299377441406,-120.05840301513672,MADERA,MADERA,-120.05845642089844,36.955238342285156
90902381,2019,2019-01-11,9450,2019-01-01,1743,018676,,2,2,9,2000,0,1,3,,2,012,"SR-99 NORTHBOUND",SR-152,350.00,N,N,A,-,Y,,,99,,,,,,N,Y,2,0,1,1,A,-,08,22107,,N,E,I,A,A,H,-,D,D,0,,,,,Y,,A,01,1,0,0,0,0,0,0,0,0,"- ","- ",37.084861755371094,-120.21015167236328,MADERA,UNINCORPORATED,-120.21005249023438,37.08502197265625
90902391,2019,2019-01-11,9450,2019-01-01,1930,018676,,2,2,9,2000,0,1,3,,2,012,"SR-99 NORTHBOUND",SR-152,1056.00,S,N,A,-,Y,,,99,,,,,,N,Y,4,0,1,2,A,-,03,22350,,N,C,C,A,A,H,-,C,D,0,,,,,Y,,A,01,0,0,1,0,0,0,0,0,0,"- ","- ",37.08203125,-120.20594024658203,MADERA,UNINCORPORATED,-120.20600128173828,37.081958770751953
90902649,2019,2019-01-11,9450,2019-01-06,0855,016938,,7,1,9,2000,0,1,3,,1,037,"SR 145 NORTHBOUND","AVENUE 11",0.00,,Y,A,-,Y,,,,,,,,,,Y,4,0,1,2,A,-,04,21703,,N,C,C,A,A,H,-,A,D,0,,,,,Y,,D,22,0,0,1,0,0,0,0,0,0,"- ","- ",36.543201446533203,-120.03220367431641,MADERA,UNINCORPORATED,-120.05605316162109,36.909351348876953
90903949,2019,2019-01-14,9456,2019-01-07,0948,021135,,1,1,9,2000,0,1,3,,1,051,"SR-41 S/B","LUCKY LANE",67.00,N,N,B,-,Y,,,41,,,,,,S,Y,3,0,3,3,A,-,03,22350,,N,C,C,A,A,H,-,A,A,0,,,,,Y,,D,22,0,2,1,0,0,0,0,0,0,"- ","- ",37.213920593261719,-119.70851135253906,MADERA,UNINCORPORATED,-119.70844268798828,37.213893890380859
90907283,2019,2019-01-18,9450,2019-01-11,0650,017032,,5,1,9,2000,0,3,5,,2,030,"COUNTY ROAD 16","AVENUE 6",7920.00,S,N,E,-,N,,,,,,,,,,Y,4,0,2,2,A,-,02,22400,,N,D,C,A,B,H,-,B,D,0,,,,,Y,,A,01,0,0,2,0,0,0,0,0,0,"- ","- ",36.81427001953125,-120.25926971435547,MADERA,UNINCORPORATED,-120.25904846191406,36.814796447753906
90907326,2019,2019-01-18,9450,2019-01-10,0730,018612,,4,1,9,2000,0,3,5,,2,010,"AVENUE 15 1/2","COUNTY ROAD 23",65.00,E,N,E,-,N,,,,,,,,,,N,4,0,1,2,D,-,00,,,N,C,C,A,B,H,-,A,A,0,,,,Y,Y,,-,"- ",0,0,1,0,0,0,0,0,0,"- ","- ",36.97467041015625,-120.12825012207031,MADERA,UNINCORPORATED,-120.1282958984375,36.974658966064453