CASE_ID,ACCIDENT_YEAR,PROC_DATE,JURIS,COLLISION_DATE,COLLISION_TIME,OFFICER_ID,REPORTING_DISTRICT,DAY_OF_WEEK,CHP_SHIFT,POPULATION,CNTY_CITY_LOC,SPECIAL_COND,BEAT_TYPE,CHP_BEAT_TYPE,CITY_DIVISION_LAPD,CHP_BEAT_CLASS,BEAT_NUMBER,PRIMARY_RD,SECONDARY_RD,DISTANCE,DIRECTION,INTERSECTION,WEATHER_1,WEATHER_2,STATE_HWY_IND,CALTRANS_COUNTY,CALTRANS_DISTRICT,STATE_ROUTE,ROUTE_SUFFIX,POSTMILE_PREFIX,POSTMILE,LOCATION_TYPE,RAMP_INTERSECTION,SIDE_OF_HWY,TOW_AWAY,COLLISION_SEVERITY,NUMBER_KILLED,NUMBER_INJURED,PARTY_COUNT,PRIMARY_COLL_FACTOR,PCF_CODE_OF_VIOL,PCF_VIOL_CATEGORY,PCF_VIOLATION,PCF_VIOL_SUBSECTION,HIT_AND_RUN,TYPE_OF_COLLISION,MVIW,PED_ACTION,ROAD_SURFACE,ROAD_COND_1,ROAD_COND_2,LIGHTING,CONTROL_DEVICE,CHP_ROAD_TYPE,PEDESTRIAN_ACCIDENT,BICYCLE_ACCIDENT,MOTORCYCLE_ACCIDENT,TRUCK_ACCIDENT,NOT_PRIVATE_PROPERTY,ALCOHOL_INVOLVED,STWD_VEHTYPE_AT_FAULT,CHP_VEHTYPE_AT_FAULT,COUNT_SEVERE_INJ,COUNT_VISIBLE_INJ,COUNT_COMPLAINT_PAIN,COUNT_PED_KILLED,COUNT_PED_INJURED,COUNT_BICYCLIST_KILLED,COUNT_BICYCLIST_INJURED,COUNT_MC_KILLED,COUNT_MC_INJURED,PRIMARY_RAMP,SECONDARY_RAMP,LATITUDE,LONGITUDE,COUNTY,CITY,POINT_X,POINT_Y
91104102,2019,2019-10-23,9450,2019-10-19,1618,018612,,6,2,9,2000,0,3,5,,2,020,"COUNTY ROAD 15","AVENUE 27",2640.00,N,N,A,-,N,,,,,,,,,,Y,4,0,1,2,A,-,03,22350,,N,C,C,A,A,H,-,A,D,0,,,,,Y,,A,01,0,0,1,0,0,0,0,0,0,"- ","- ",37.151718139648438,-120.27438354492188,MADERA,UNINCORPORATED,-120.27440643310547,37.150997161865234
91104343,2019,2019-10-23,9450,2019-10-19,1430,019604,,6,2,9,2000,0,2,4,,2,045,"BUSINESS 41","AVENUE 12",0.00,,Y,A,-,N,,,,,,,,,,Y,4,0,2,2,A,-,09,21802,A,N,D,C,A,A,H,-,A,D,0,,,,,Y,,A,01,0,0,2,0,0,0,0,0,0,"- ","- ",36.923099517822266,-119.79759979248047,MADERA,UNINCORPORATED,-119.79396820068359,36.923248291015625
91104468,2019,2019-10-23,9450,2019-10-21,1455,018551,,1,2,9,2000,0,1,3,,2,031,"SR-99 S/B","ALMOND AVENUE O/C",2500.00,S,N,A,-,Y,,,,,,,,,,N,3,0,2,2,A,-,04,21703,,N,C,C,A,A,H,-,A,D,0,,,,,Y,,A,07,0,2,0,0,0,0,0,0,0,"- ","- ",36.944210052490234,-120.04248046875,MADERA,UNINCORPORATED,,
91105316,2019,2019-10-24,9456,2019-10-19,0600,020993,,6,1,9,2000,0,1,3,,2,056,SR-49,"KNICKERBOCKER RD",200.00,N,N,A,-,Y,,,49,,,,,,,Y,3,0,1,1,A,-,08,22107,,N,E,I,A,A,H,-,D,D,0,,,,,Y,,D,22,0,1,0,0,0,0,0,0,0,"- ","- ",37.386741638183594,-119.73716735839844,MADERA,UNINCORPORATED,-119.73726654052734,37.386749267578125
91105369,2019,2019-10-24,9456,2019-10-22,0425,019295,,2,3,9,2000,0,1,3,,1,051,"SR-41 N/B","ROAD 425(B)",115.00,N,N,A,-,Y,,,41,,,,,,N,Y,4,0,1,1,A,-,08,22107,,N,E,I,A,A,H,-,C,D,0,,,,,Y,,A,07,0,0,1,0,0,0,0,0,0,"- ","- ",37.301059722900391,-119.64894866943359,MADERA,UNINCORPORATED,-119.64900970458984,37.301036834716797
91108100,2019,2019-10-28,9456,2019-10-26,2117,020787,,6,2,9,2000,0,1,3,,1,051,SR-41,SR-49,340.00,S,N,A,-,Y,,,41,,,,,,,Y,4,0,1,2,A,-,09,21801,A,N,D,C,A,A,H,-,C,D,0,,,,,Y,,A,07,0,0,1,0,0,0,0,0,0,"- ","- ",37.330291748046875,-119.65644836425781,MADERA,UNINCORPORATED,-119.65642547607422,37.330265045166016
91108353,2019,2019-10-28,9450,2019-10-24,1440,018551,,4,2,9,2000,0,2,4,,2,035,"AVENUE 12","COUNTY ROAD 24",0.00,,Y,A,-,N,,,,,,,,,,N,4,0,2,2,A,-,12,22450,A,N,D,C,A,A,H,-,A,A,0,,,,,Y,,D,22,0,0,2,0,0,0,0,0,0,"- ","- ",36.923938751220703,-120.11045074462891,MADERA,UNINCORPORATED,-120.11052703857422,36.923740386962891
91108361,2019,2019-10-28,9450,2019-10-25,1820,018551,,5,2,9,2000,0,1,3,,2,031,"SR-99 S/B","ALMOND AVENUE O/C",10.00,S,N,A,-,Y,,,,,,,,,,N,4,0,1,2,A,-,03,22350,,N,C,C,A,A,H,-,B,D,0,,,,,Y,,D,22,0,0,1,0,0,0,0,0,0,"- ","- ",36.947860717773438,-120.04701995849609,MADERA,UNINCORPORATED,,
91108753,2019,2019-10-29,9450,2019-10-25,1823,019604,,5,2,9,2000,0,1,3,,1,013,"STATE ROUTE 152","STATE ROUTE 59",500.00,E,N,A,-,Y,,,152,,,,,,,Y,4,0,1,1,A,-,08,22107,,N,F,I,A,A,H,-,C,D,0,,,,,Y,,D,22,0,0,1,0,0,0,0,0,0,"- ","- ",37.083488464355469,-120.48876190185547,MADERA,UNINCORPORATED,-120.48876190185547,37.083564758300781
91113032,2019,2019-11-04,9450,2019-10-26,1422,018612,,6,2,4,2002,0,1,3,,2,011,"SR-99 SOUTHBOUND","ELLIS STREET OVERCROSSING",110.00,N,N,A,-,Y,,,99,,,,,,S,Y,3,0,1,2,A,-,01,23152,F,N,C,C,A,A,D,-,A,D,0,,,,,Y,,A,01,0,1,0,0,0,0,0,0,0,"- ","- ",36.985298156738281,-120.08770751953125,MADERA,MADERA,-120.08770751953125,36.985305786132812
91113113,2019,2019-11-04,9450,2019-10-24,1925,018551,,4,2,9,2000,0,3,5,,2,030,"AVENUE 15","COUNTY ROAD 28 1/2",0.00,,Y,A,-,N,,,,,,,,,,Y,4,0,1,2,A,-,12,22450,A,F,D,C,A,A,H,-,D,A,0,,,,,Y,,A,07,0,0,1,0,0,0,0,0,0,"- ","- ",36.967178344726562,-120.02852630615234,MADERA,UNINCORPORATED,-120.02861785888672,36.967140197753906
91113423,2019,2019-11-05,9450,2019-10-24,1807,018823,,4,2,9,2000,0,1,3,,1,042,"SR-41 S/B","AVENUE 15",5280.00,N,N,A,-,Y,,,41,,,,,,S,Y,4,0,1,1,A,-,01,23152,A,N,F,A,A,A,H,-,D,D,0,,,,,Y,Y,A,07,0,0,1,0,0,0,0,0,0,"- ","- ",36.981800079345703,-119.79380035400391,MADERA,UNINCORPORATED,-119.7939453125,36.981800079345703
91113496,2019,2019-11-05,9450,2019-10-26,0340,019648,,6,3,9,2000,0,2,4,,2,038,"AVENUE 7","COUNTY ROAD 28",1584.00,E,N,A,-,N,,,,,,,,,,Y,3,0,1,1,A,-,08,22107,,N,E,I,A,A,H,-,D,D,0,,,,,Y,,A,01,0,1,0,0,0,0,0,0,0,"- ","- ",36.851261138916016,-120.03314208984375,MADERA,UNINCORPORATED,-120.0318603515625,36.851337432861328
91113711,2019,2019-11-05,9450,2019-10-27,1400,016946,,7,2,9,2000,0,1,3,,1,013,"STATE ROUTE152","COUNTY ROAD 12",1587.00,E,N,F,G,Y,,,,,,,,,,Y,3,0,2,2,A,-,03,22350,,N,C,C,A,A,H,-,A,D,0,,,,,Y,,D,22,0,2,0,0,0,0,0,0,0,"- ","- ",37.083381652832031,-120.32335662841797,MADERA,UNINCORPORATED,,
91113734,2019,2019-11-05,9450,2019-10-28,1315,020993,,1,1,9,2000,0,1,3,,1,043,"SR-41 NORTHBOUND","COUNTY ROAD 200",20.00,S,N,A,-,Y,,,41,,,,,,N,Y,4,0,1,2,A,-,03,22350,,N,C,C,A,A,H,-,A,B,0,,,,Y,Y,,G,25,0,0,1,0,0,0,0,0,0,"- ","- ",37.124221801757812,-119.73702239990234,MADERA,UNINCORPORATED,-119.73702239990234,37.124221801757812
91113879,2019,2019-11-05,9450,2019-10-26,1425,019610,,6,2,9,2000,0,1,3,,1,042,"SR-41 S/B","AVE 12",10.00,N,N,A,-,Y,,,41,,,,,,S,N,4,0,1,2,A,-,03,22350,,N,C,C,A,A,H,-,A,A,0,,,,,Y,,A,07,0,0,1,0,0,0,0,0,0,"- ","- ",36.923408508300781,-119.79408264160156,MADERA,UNINCORPORATED,-119.79399871826172,36.923408508300781
91114121,2019,2019-11-05,9450,2019-10-24,1240,016425,,4,1,9,2000,0,3,5,,2,020,"AVENUE 19","RHINE DR.",1885.00,W,N,A,-,N,,,,,,,,,,Y,4,0,3,1,A,-,08,22107,,N,E,I,A,A,H,-,A,D,0,,,,,Y,,A,01,0,0,3,0,0,0,0,0,0,"- ","- ",37.025360107421875,-120.09310150146484,MADERA,UNINCORPORATED,-120.09305572509766,37.025470733642578
91114196,2019,2019-11-05,9450,2019-10-27,1338,017868,,7,1,9,2000,0,1,3,,1,013,"SR-152 WESTBOUND","COUNTY ROAD 12",1584.00,E,N,A,-,Y,,,152,,,,,,W,Y,2,0,2,9,A,-,03,22350,,N,C,C,A,A,G,-,A,D,0,,,,,Y,,D,22,1,1,0,0,0,0,0,0,0,"- ","- ",37.083599090576172,-120.32230377197266,MADERA,UNINCORPORATED,-120.32229614257812,37.083553314208984
91115675,2019,2019-11-07,9450,2019-10-29,0647,018075,,2,1,9,2000,0,2,4,,2,045,"AVENUE 12","COUNTY ROAD 32",20.00,W,N,A,-,N,,,,,,,,,,Y,4,0,1,2,A,-,03,22350,,N,C,C,A,A,H,-,A,D,0,,,,,Y,,A,01,0,0,1,0,0,0,0,0,0,"- ","- ",36.923179626464844,-119.96514892578125,MADERA,UNINCORPORATED,-119.965087890625,36.923198699951172
91115927,2019,2019-11-07,9450,2019-10-30,0355,019648,,3,3,9,2000,0,1,3,,2,031,"SR-99 SOUTHBOUND","AVENUE 12",3168.00,S,N,A,-,Y,,,99,,,,,,S,Y,3,0,2,1,A,-,08,22107,,N,F,A,A,A,H,-,D,D,0,,,,,Y,,D,22,0,1,1,0,0,0,0,0,0,"- ","- ",36.918300628662109,-120.01554107666016,MADERA,UNINCORPORATED,-120.01548767089844,36.918354034423828
91116013,2019,2019-11-07,9450,2019-10-31,1704,017032,,4,2,9,2000,0,1,3,,2,031,"SR-99 NORTHBOUND","AVENUE 11",1584.00,S,N,A,-,Y,,,99,,,,,,N,Y,4,0,2,2,A,-,03,22350,,N,C,C,A,A,H,-,A,D,0,,,,,Y,,A,01,0,0,2,0,0,0,0,0,0,"- ","- ",36.906501770019531,-120.00292205810547,MADERA,UNINCORPORATED,-120.00289916992188,36.906524658203125
91116522,2019,2019-11-08,9450,2019-09-28,0446,019648,,6,3,9,2000,0,3,5,,2,020,"AVENUE 21","COUNTY ROAD 26",4224.00,W,N,A,-,N,,,,,,,,,,Y,1,1,0,2,A,-,05,21460,A,N,A,C,A,A,H,-,D,D,0,,,,Y,Y,,D,22,0,0,0,0,0,0,0,0,0,"- ","- ",37.054340362548828,-120.08914947509766,MADERA,UNINCORPORATED,-120.08898162841797,37.054302215576172
91116976,2019,2019-11-11,9456,2019-11-01,1920,020944,,5,2,9,2000,0,3,5,,2,050,"YOSEMITE SPRINGS PARKWAY","PATRICK AVE",0.00,,Y,A,-,N,,,,,,,,,,N,3,0,2,2,A,-,03,22350,,N,D,C,A,A,H,-,C,D,0,,,,,Y,,A,07,0,1,1,0,0,0,0,0,0,"- ","- ",37.165248870849609,-119.75160980224609,MADERA,UNINCORPORATED,-119.75154113769531,37.165248870849609
91117042,2019,2019-11-11,9456,2019-11-01,1450,020944,,5,2,9,2000,0,1,3,,1,051,SR-41,"MECCA LN",1200.00,N,N,A,-,Y,,,41,,,,,,,Y,2,0,3,4,A,-,17,23114,A,N,E,J,A,A,H,-,A,D,0,,,Y,,Y,,E,22,1,1,1,0,0,0,0,0,3,"- ","- ",37.192100524902344,-119.72290802001953,MADERA,UNINCORPORATED,-119.72289276123047,37.19207763671875
91117138,2019,2019-11-11,9450,2019-11-01,0916,016764,,5,1,9,2000,0,1,3,,1,013,"STATE ROUTE 152","COUNTY ROAD 4",0.00,,Y,A,-,Y,,,152,,,,,,,Y,2,0,1,2,A,-,09,21801,A,N,D,C,A,A,H,-,A,D,0,,,,,Y,,A,01,1,0,0,0,0,0,0,0,0,"- ","- ",37.083110809326172,-120.47329711914062,MADERA,UNINCORPORATED,-120.47329711914062,37.083530426025391
91117193,2019,2019-11-11,9450,2019-11-01,1545,018551,,5,2,9,2000,0,1,3,,2,031,"SR-99 S/B","AVENUE 7 O/C",2112.00,S,N,A,-,Y,,,99,,,,,,S,Y,3,0,1,2,C,-,18,,,N,F,C,A,A,H,-,A,D,0,,,,Y,Y,,-,"- ",0,1,0,0,0,0,0,0,0,"- ","- ",36.846958160400391,-119.94022369384766,MADERA,UNINCORPORATED,-119.94023132324219,36.846935272216797
91117221,2019,2019-11-11,9450,2019-11-02,1735,018823,,6,2,9,2000,0,1,3,,2,031,"SR-99 N/B","AVENUE 8",1584.00,N,N,A,-,Y,,,99,,,,,,N,Y,4,0,1,2,A,-,03,22350,,N,C,C,A,A,H,-,A,D,0,,,,,Y,,A,01,0,0,1,0,0,0,0,0,0,"- ","- ",36.869400024414062,-119.96430206298828,MADERA,UNINCORPORATED,-119.96434020996094,36.869361877441406
91117290,2019,2019-11-11,9450,2019-11-02,0108,020882,,6,3,9,2000,0,1,3,,2,012,"STATE ROUTE 99 S/B","COUNTY ROAD 15",500.00,S,N,A,-,Y,,,99,,,,,,S,Y,4,0,1,1,A,-,08,22107,,N,F,A,A,A,H,-,D,D,0,,,,Y,Y,,G,25,0,0,1,0,0,0,0,0,0,"- ","- ",37.140899658203125,-120.27290344238281,MADERA,UNINCORPORATED,-120.27289581298828,37.140903472900391
91118414,2019,2019-11-12,9450,2019-10-26,2240,015905,,6,3,9,2000,0,3,5,,2,010,"AVENUE 18 1/2","COUNTY ROAD 14",1584.00,W,N,A,-,N,,,,,,,,,,Y,3,0,1,2,A,-,05,21650,,F,A,C,A,A,H,-,D,D,0,,,,,Y,Y,D,22,0,1,0,0,0,0,0,0,0,"- ","- ",37.018169403076172,-120.30059814453125,MADERA,UNINCORPORATED,-120.29783630371094,37.018234252929688
91118822,2019,2019-11-13,9450,2019-11-03,2200,019648,,7,3,9,2000,0,3,5,,2,020,"COUNTY ROAD 26","LA BREA AVENUE",528.00,S,N,A,-,N,,,,,,,,,,Y,4,0,1,1,A,-,08,22107,,N,E,I,A,A,H,-,D,D,0,,,,,Y,,D,22,0,0,1,0,0,0,0,0,0,"- ","- ",36.998359680175781,-120.07450866699219,MADERA,UNINCORPORATED,-120.07427978515625,36.997600555419922
91119180,2019,2019-11-13,9450,2019-11-04,0600,016938,,1,1,9,2000,0,3,5,,2,030,"AVENUE 7 1/2","COUNTY ROAD 9",30.00,W,N,A,-,N,,,,,,,,,,Y,3,0,2,2,A,-,03,22350,,N,C,C,A,A,H,-,B,D,0,,,,,Y,,A,01,0,2,0,0,0,0,0,0,0,"- ","- ",36.514900207519531,-120.22540283203125,MADERA,UNINCORPORATED,-120.38195037841797,36.858600616455078
91119286,2019,2019-11-13,9456,2019-11-08,0705,021130,,5,1,9,2000,0,3,5,,2,050,"COUNTY ROAD 415","COUNTY ROAD 612",89.00,W,N,A,-,N,,,,,,,,,,Y,3,0,1,1,A,-,08,22107,,N,E,I,A,A,H,-,A,D,0,,,,,Y,,A,07,0,1,0,0,0,0,0,0,0,"- ","- ",37.24407958984375,-119.86035919189453,MADERA,UNINCORPORATED,-119.86083984375,37.244125366210938
91119554,2019,2019-11-13,9450,2019-11-04,0750,016938,,1,1,9,2000,0,2,4,,2,035,"AVENUE 12","COUNTY ROAD 25",170.00,W,N,A,-,N,,,,,,,,,,Y,2,0,2,2,A,-,08,22107,,N,A,C,A,A,H,-,A,D,0,,,,,Y,,A,01,1,1,0,0,0,0,0,0,0,"- ","- ",36.923698425292969,-120.09306335449219,MADERA,UNINCORPORATED,-120.09299468994141,36.923778533935547
91119650,2019,2019-11-13,9450,2019-11-06,1459,018823,,3,2,9,2000,0,1,3,,1,042,"SR-41 S/B","AVENUE 12",40.00,N,N,A,-,Y,,,41,,,,,,S,N,4,0,3,2,A,-,03,22350,,N,C,C,A,A,H,-,A,A,0,,,,,Y,,A,01,0,0,3,0,0,0,0,0,0,"- ","- ",36.923301696777344,-119.79399871826172,MADERA,UNINCORPORATED,-119.79399871826172,36.923301696777344
91119755,2019,2019-11-13,9450,2019-11-05,1528,018823,,2,2,9,2000,0,2,4,,2,045,"AVENUE 12","SANTA FE RAILROAD",10.00,E,N,A,-,N,,,,,,,,,,Y,4,0,1,2,A,-,03,22350,,F,C,C,A,A,H,-,A,A,0,,,,,Y,,D,22,0,0,1,0,0,0,0,0,0,"- ","- ",36.923198699951172,-119.97350311279297,MADERA,UNINCORPORATED,-119.97370910644531,36.923244476318359
91120165,2019,2019-11-14,9450,2019-11-07,0720,018923,,4,1,4,2002,0,1,3,,2,031,"S/B STATE ROUTE 99","S. GATEWAY DR. OC",100.00,S,N,A,-,Y,,,99,,,,,,,N,4,0,2,5,A,-,03,22350,,N,C,C,A,A,D,-,A,D,0,,,,,Y,,A,01,0,0,2,0,0,0,0,0,0,"- ","- ",36.948551177978516,-120.04798889160156,MADERA,MADERA,-120.04798126220703,36.948562622070312
91120269,2019,2019-11-14,9450,2019-11-08,1815,018551,,5,2,9,2000,0,1,3,,2,031,"SR-99 N/B","AVENUE 7",2000.00,N,N,A,-,Y,,,99,,,,,,N,N,4,0,2,2,A,-,03,22350,,N,C,C,A,A,H,-,D,D,0,,,,,Y,,A,07,0,0,2,0,0,0,0,0,0,"- ","- ",36.857650756835938,-119.95230865478516,MADERA,UNINCORPORATED,-119.95225524902344,36.857707977294922
91120286,2019,2019-11-14,9450,2019-11-08,1414,018823,,5,2,9,2000,0,1,3,,2,031,"SR-99 N/B","AVENUE 11",300.00,S,N,A,-,Y,,,99,,,,,,N,Y,4,0,3,2,A,-,03,22350,,N,C,C,A,A,H,-,A,D,0,,,,,Y,,A,01,0,0,3,0,0,0,0,0,0,"- ","- ",36.906600952148438,-120.00299835205078,MADERA,UNINCORPORATED,-120.00299072265625,36.906612396240234
91120425,2019,2019-11-14,9450,2019-11-08,1607,018823,,5,2,9,2000,0,3,5,,2,040,"COUNTY ROAD 36","AVENUE 12",425.00,N,N,A,-,N,,,,,,,,,,Y,3,0,1,2,A,-,09,21801,A,N,D,C,A,A,H,-,A,D,0,,,Y,,Y,,D,23,0,1,0,0,0,0,0,0,1,"- ","- ",36.924098968505859,-119.89440155029297,MADERA,UNINCORPORATED,-119.89429473876953,36.924205780029297
91120463,2019,2019-11-14,9450,2019-11-11,1750,018551,,1,2,9,2000,0,1,3,,1,037,SR-145,"AVENUE 7",0.00,,Y,A,-,Y,,,145,,,,,,,Y,4,0,2,2,A,-,09,21802,A,N,D,C,A,A,H,-,C,A,0,,,,,Y,,A,07,0,0,2,0,0,0,0,0,0,"- ","- ",36.851371765136719,-120.05600738525391,MADERA,UNINCORPORATED,-120.05589294433594,36.851371765136719
91120596,2019,2019-11-14,9450,2019-11-09,1856,018823,,6,2,9,2000,0,3,5,,2,030,"COUNTY ROAD 31 1/2","AVENUE 9",0.00,,Y,A,-,N,,,,,,,,,,Y,4,0,4,2,A,-,09,21802,A,N,D,C,A,A,H,-,C,A,0,,,,,Y,,A,01,0,0,4,0,0,0,0,0,0,"- ","- ",36.880298614501953,-119.97899627685547,MADERA,UNINCORPORATED,-119.97885131835938,36.8802490234375
91121919,2019,2019-11-18,9456,2019-11-07,2345,021285,,4,3,9,2000,0,1,3,,1,051,SR-41,"VICTORIA LANE",0.00,,Y,A,-,Y,,,41,,,,,,,Y,3,0,1,1,A,-,01,23152,A,N,E,I,A,A,H,-,D,D,0,,,,,Y,Y,A,01,0,1,0,0,0,0,0,0,0,"- ","- ",37.324760437011719,-119.66136169433594,MADERA,UNINCORPORATED,-119.66126251220703,37.324703216552734
91122664,2019,2019-11-18,9456,2019-11-12,0930,017445,,2,1,9,2000,0,3,5,,2,050,"COUNTY ROAD 222","SIERRA LINDA DR",525.00,N,N,A,-,N,,,,,,,,,,N,2,0,1,1,A,-,08,22107,,N,F,I,A,A,H,-,A,D,0,,,Y,,Y,,C,02,1,0,0,0,0,0,0,0,1,"- ","- ",37.267829895019531,-119.53446197509766,MADERA,UNINCORPORATED,-119.53448486328125,37.267841339111328
91122753,2019,2019-11-18,9450,2019-11-01,1700,017032,,5,2,4,2002,0,1,3,,2,011,"SR-99 SOUTHBOUND","AVENUE 16 OVERCROSSING",1584.00,N,N,A,-,Y,,,99,,,,,,S,N,4,0,1,2,A,-,03,22350,,F,C,C,A,A,D,-,A,D,0,,,,,Y,,A,01,0,0,1,0,0,0,0,0,0,"- ","- ",36.984771728515625,-120.08698272705078,MADERA,MADERA,-120.08700561523438,36.9847412109375
91122870,2019,2019-11-18,9450,2019-11-08,1350,018551,,5,1,9,2000,0,2,4,,2,035,"AVENUE 12","COUNTY ROAD 29",10.00,E,N,A,-,N,,,,,,,,,,Y,3,0,1,2,A,-,03,22350,,N,C,C,A,A,H,-,A,D,0,,,,,Y,,D,22,0,1,0,0,0,0,0,0,0,"- ","- ",36.923740386962891,-120.01544189453125,MADERA,UNINCORPORATED,-120.01568603515625,36.923809051513672
91124108,2019,2019-11-19,9450,2019-11-09,0745,016764,,6,1,9,2000,0,3,5,,2,020,"AVENUE 18 1/2","COUNTY ROAD 24",0.00,,Y,A,-,N,,,,,,,,,,Y,4,0,2,2,A,-,12,22450,A,N,D,C,A,A,H,-,A,A,0,,,,,Y,,A,07,0,0,2,0,0,0,0,0,0,"- ","- ",37.018058776855469,-120.1104736328125,MADERA,UNINCORPORATED,-120.11052703857422,37.018230438232422
91125990,2019,2019-11-21,9450,2019-11-18,1215,020882,,1,1,9,2000,0,1,3,,1,042,"STATE ROUTE 41","AVENUE 15",400.00,N,N,A,-,Y,,,41,,,,,,,Y,4,0,1,3,A,-,03,22350,,N,C,C,A,A,H,-,A,D,0,,,,,Y,,A,01,0,0,1,0,0,0,0,0,0,"- ","- ",36.968841552734375,-119.79402923583984,MADERA,UNINCORPORATED,-119.79395294189453,36.968841552734375
91127541,2019,2019-11-22,9450,2019-11-19,0600,016946,,2,1,4,2002,0,1,3,,2,031,"SOUTHBOUND STATE ROUTE 99","AVENUE 13",2738.00,N,N,A,-,Y,,,99,,,,,,,Y,4,0,1,2,A,-,07,21658,A,N,C,C,A,A,D,-,B,D,0,,,,Y,Y,,G,25,0,0,1,0,0,0,0,0,0,"- ","- ",36.9439697265625,-120.04210662841797,MADERA,MADERA,-120.04210662841797,36.943973541259766
91127604,2019,2019-11-22,9450,2019-11-20,0857,016946,,3,1,4,2002,0,1,3,,2,011,"SOUTHBOUND STATE ROUTE 99","ELLIS STREET",764.00,N,N,A,-,Y,,,99,,,,,,,Y,3,0,1,3,A,-,03,22350,,N,C,C,A,A,D,-,A,D,0,,,,,Y,,D,22,0,1,0,0,0,0,0,0,0,"- ","- ",36.986709594726562,-120.08943939208984,MADERA,MADERA,-120.08943176269531,36.986721038818359
91130006,2019,2019-11-26,9450,2019-11-18,1014,016764,,1,1,9,2000,0,2,4,,2,044,"STATE ROUTE 145","COUNTY ROAD 205",7920.00,W,N,A,-,N,,,,,,,,,,Y,4,0,1,2,A,-,21,22106,,N,D,C,A,A,H,-,A,D,0,,,Y,,Y,,C,06,0,0,1,0,0,0,0,0,1,"- ","- ",37.010471343994141,-119.76123046875,MADERA,UNINCORPORATED,-119.76123809814453,37.010524749755859
91130036,2019,2019-11-26,9450,2019-11-19,0912,016946,,2,1,9,2000,0,3,5,,2,030,"AVENUE 8","COUNTY ROAD 30",0.00,,Y,A,-,N,,,,,,,,,,Y,4,0,1,2,A,-,09,21802,A,N,D,C,A,A,H,-,A,A,0,,,,,Y,,A,07,0,0,1,0,0,0,0,0,0,"- ","- ",36.865859985351562,-120.00138092041016,MADERA,UNINCORPORATED,-120.00131988525391,36.865859985351562
91130156,2019,2019-11-26,9450,2019-11-17,1252,016764,,7,1,9,2000,0,1,3,,1,042,"STATE ROUTE 41 NORTHBOUND","SAN JOAQUIN RIVER",1320.00,N,N,A,-,Y,,,41,,,,,,N,Y,3,0,2,5,A,-,03,22350,,N,C,C,A,A,H,-,A,D,0,,,Y,,Y,,A,01,0,1,1,0,0,0,0,0,1,"- ","- ",36.882701873779297,-119.79302215576172,MADERA,UNINCORPORATED,-119.79274749755859,36.882701873779297
91130372,2019,2019-11-26,9456,2019-11-15,1440,021135,,5,2,9,2000,0,1,3,,1,052,SR-41,SR-49,143.00,N,N,A,-,Y,,,41,,,,,,,N,3,0,1,2,A,-,09,21804,A,N,D,G,A,A,H,-,A,D,0,,Y,,,Y,,D,22,0,1,0,0,0,0,1,0,0,"- ","- ",37.331378936767578,-119.65493774414062,MADERA,UNINCORPORATED,-119.65499877929688,37.331474304199219
91130524,2019,2019-11-27,9450,2019-11-24,1605,018923,,7,2,9,2000,0,3,5,,2,020,"RAYMOND RD.","ELLIS ST",325.00,S,N,A,-,N,,,,,,,,,,Y,4,0,1,2,A,-,05,21460,A,N,A,C,A,A,H,-,A,D,0,,,,,Y,,A,07,0,0,1,0,0,0,0,0,0,"- ","- ",36.985660552978516,-120.02879333496094,MADERA,UNINCORPORATED,-120.02871704101562,36.985710144042969
91130607,2019,2019-11-27,9450,2019-11-20,1542,017032,,3,2,9,2000,0,3,5,,2,020,"AVENUE 24","COUNTY ROAD 22",0.00,,Y,A,-,N,,,,,,,,,,Y,3,0,6,3,A,-,09,21802,A,N,D,C,A,A,H,-,A,A,0,,,,,Y,,A,07,0,1,5,0,0,0,0,0,0,"- ","- ",37.098159790039062,-120.14713287353516,MADERA,UNINCORPORATED,-120.14707183837891,37.098129272460938
91131407,2019,2019-12-02,9450,2019-05-16,1733,018823,,4,2,9,2000,0,3,5,,2,040,"AVENUE 15","SANTA FE DRIVE",6864.00,E,N,B,-,N,,,,,,,,,,Y,1,1,1,2,A,-,05,21650,,N,A,C,A,B,H,-,A,D,0,,,,,Y,,A,01,1,0,0,0,0,0,0,0,0,"- ","- ",36.966800689697266,-119.98770141601562,MADERA,UNINCORPORATED,-119.98878479003906,36.966842651367188