CASE_ID,ACCIDENT_YEAR,PROC_DATE,JURIS,COLLISION_DATE,COLLISION_TIME,OFFICER_ID,REPORTING_DISTRICT,DAY_OF_WEEK,CHP_SHIFT,POPULATION,CNTY_CITY_LOC,SPECIAL_COND,BEAT_TYPE,CHP_BEAT_TYPE,CITY_DIVISION_LAPD,CHP_BEAT_CLASS,BEAT_NUMBER,PRIMARY_RD,SECONDARY_RD,DISTANCE,DIRECTION,INTERSECTION,WEATHER_1,WEATHER_2,STATE_HWY_IND,CALTRANS_COUNTY,CALTRANS_DISTRICT,STATE_ROUTE,ROUTE_SUFFIX,POSTMILE_PREFIX,POSTMILE,LOCATION_TYPE,RAMP_INTERSECTION,SIDE_OF_HWY,TOW_AWAY,COLLISION_SEVERITY,NUMBER_KILLED,NUMBER_INJURED,PARTY_COUNT,PRIMARY_COLL_FACTOR,PCF_CODE_OF_VIOL,PCF_VIOL_CATEGORY,PCF_VIOLATION,PCF_VIOL_SUBSECTION,HIT_AND_RUN,TYPE_OF_COLLISION,MVIW,PED_ACTION,ROAD_SURFACE,ROAD_COND_1,ROAD_COND_2,LIGHTING,CONTROL_DEVICE,CHP_ROAD_TYPE,PEDESTRIAN_ACCIDENT,BICYCLE_ACCIDENT,MOTORCYCLE_ACCIDENT,TRUCK_ACCIDENT,NOT_PRIVATE_PROPERTY,ALCOHOL_INVOLVED,STWD_VEHTYPE_AT_FAULT,CHP_VEHTYPE_AT_FAULT,COUNT_SEVERE_INJ,COUNT_VISIBLE_INJ,COUNT_COMPLAINT_PAIN,COUNT_PED_KILLED,COUNT_PED_INJURED,COUNT_BICYCLIST_KILLED,COUNT_BICYCLIST_INJURED,COUNT_MC_KILLED,COUNT_MC_INJURED,PRIMARY_RAMP,SECONDARY_RAMP,LATITUDE,LONGITUDE,COUNTY,CITY,POINT_X,POINT_Y
91182420,2020,2020-02-07,9450,2020-02-03,1445,018551,,1,2,9,2000,0,2,4,,2,035,"AVENUE 12","COUNTY ROAD 28 1/4",0.00,,Y,A,-,N,,,,,,,,,,Y,3,0,2,2,A,-,09,21802,A,N,D,C,A,A,H,-,A,A,0,,,,,Y,,A,07,0,1,1,0,0,0,0,0,0,"- ","- ",36.923728942871094,-120.03273010253906,MADERA,UNINCORPORATED,-120.03334045410156,36.923709869384766
91182604,2020,2020-02-07,9450,2020-01-28,1018,018075,,2,1,9,2000,0,2,4,,2,045,"AVENUE 12","RIVERSTONE BOULEVARD",0.00,,Y,A,-,N,,,,,,,,,,Y,4,0,1,2,A,-,09,21802,A,N,D,C,A,A,H,-,A,A,0,,,,,Y,,A,01,0,0,1,0,0,0,0,0,0,"- ","- ",36.923160552978516,-119.80747985839844,MADERA,UNINCORPORATED,-119.80748,36.923161
91182739,2020,2020-02-07,9456,2020-01-29,1732,018970,,3,2,9,2000,0,1,3,,2,056,SR-49,"BOLLINGER PL",4752.00,N,N,B,-,Y,,,49,,,,,,,Y,4,0,2,2,A,-,05,21460,A,N,B,C,A,A,H,-,B,D,0,,,,,Y,,A,07,0,0,2,0,0,0,0,0,0,"- ","- ",37.340560913085938,-119.68576049804688,MADERA,UNINCORPORATED,-119.68576049804688,37.340564727783203
91182797,2020,2020-02-07,9456,2020-02-04,0740,020787,,2,1,9,2000,0,1,3,,2,056,SR-49,"REDBUD DR",110.00,N,N,A,-,Y,,,49,,,,,,,Y,4,0,1,2,A,-,03,22350,,N,C,C,A,A,H,-,A,D,0,,,,,Y,,A,07,0,0,1,0,0,0,0,0,0,"- ","- ",37.337238311767578,-119.66766357421875,MADERA,UNINCORPORATED,-119.66765594482422,37.337261199951172
91182919,2020,2020-02-10,9456,2020-02-02,0955,020787,,7,1,9,2000,0,3,5,,2,050,"COUNTY ROAD 426","WOODCREST DRIVE",1584.00,E,N,A,-,N,,,,,,,,,,N,3,0,2,2,A,-,03,22350,,N,F,A,A,A,H,-,A,D,0,,,Y,,Y,,C,02,0,1,1,0,0,0,0,0,2,"- ","- ",37.327621459960938,-119.60079193115234,MADERA,UNINCORPORATED,,
91183709,2020,2020-02-10,9450,2020-01-31,1205,016425,,5,1,3,2001,0,1,3,,2,012,"SR-99 N/B TO SR-233",SR-233,610.00,S,N,A,-,Y,,,99,,,,R,,N,Y,4,0,1,1,A,-,03,22350,,N,E,I,A,A,H,-,A,D,0,,,,,Y,,A,01,0,0,1,0,0,0,0,0,0,"- ","- ",37.125568389892578,-120.24933624267578,MADERA,CHOWCHILLA,-120.24933624267578,37.125568389892578
91184553,2020,2020-02-11,9450,2020-02-10,0735,016946,,1,1,4,2002,0,3,5,,2,010,"STATE ROUTE 99 NORTHBOUND","CLEVELAND AVENUE",575.00,N,N,A,-,Y,,,99,,,,,,N,Y,4,0,1,2,A,-,03,22350,,N,C,C,A,A,D,-,A,D,0,,,,,Y,,A,01,0,0,1,0,0,0,0,0,0,"- ","- ",36.975898742675781,-120.07769775390625,MADERA,MADERA,-120.07771301269531,36.975883483886719
91184736,2020,2020-02-11,9450,2020-02-04,0841,020882,,2,1,9,2000,0,3,5,,2,040,"AVENUE 9","COUNTY ROAD 38",2112.00,E,N,A,-,N,,,,,,,,,,Y,4,0,1,3,A,-,08,22107,,N,B,C,A,A,H,-,A,D,0,,,,,Y,,A,07,0,0,1,0,0,0,0,0,0,"- ","- ",36.880428314208984,-119.85127258300781,MADERA,UNINCORPORATED,-119.8499755859375,36.88043212890625
91184944,2020,2020-02-11,9450,2020-01-31,1940,017032,,5,2,9,2000,0,3,5,,2,030,"AVENUE 13 WESTBOUND","COUNTY ROAD 29",528.00,W,N,A,-,N,,,,,,,,,,N,2,0,1,2,A,-,11,21956,,N,G,B,E,A,H,-,D,D,0,Y,,,,Y,,N,60,1,0,0,0,1,0,0,0,0,"- ","- ",36.938129425048828,-120.02110290527344,MADERA,UNINCORPORATED,-120.02117919921875,36.938076019287109
91185950,2020,2020-02-13,9450,2020-02-06,2005,018551,,4,2,9,2000,0,1,3,,2,031,"SR-99 S/B","AVENUE 9",2000.00,N,N,A,-,Y,,,99,,,,,,S,Y,4,0,3,2,A,-,03,22350,,N,C,C,A,A,H,-,D,D,0,,,,,Y,,A,01,0,0,3,0,0,0,0,0,0,"- ","- ",36.889148712158203,-119.98523712158203,MADERA,UNINCORPORATED,-119.98521423339844,36.889175415039062
91187535,2020,2020-02-17,9450,2020-02-07,2044,020759,,5,2,9,2000,0,1,3,,1,043,"SR-41 SOUTHBOUND","COUNTY ROAD 209",2429.00,N,N,A,-,Y,,,41,,,,,,S,Y,2,0,3,2,A,-,08,22107,,N,B,C,A,A,H,-,D,D,0,,,,,Y,,A,07,1,1,1,0,0,0,0,0,0,"- ","- ",37.026348114013672,-119.79022979736328,MADERA,UNINCORPORATED,-119.79018402099609,37.026317596435547
91187552,2020,2020-02-17,9450,2020-02-08,0932,017032,,6,1,4,2002,0,3,5,,2,010,"SR-99 NORTHBOUND","AVENUE 16 OC",1584.00,S,N,A,-,Y,,,99,,,,,,N,Y,4,0,4,4,A,-,03,22350,,N,C,C,A,A,D,-,A,D,0,,,,,Y,,E,22,0,0,4,0,0,0,0,0,0,"- ","- ",36.978229522705078,-120.08078002929688,MADERA,MADERA,-120.08069610595703,36.97833251953125
91187575,2020,2020-02-17,9450,2020-02-08,0930,020882,,6,1,4,2002,0,1,3,,2,011,"STATE ROUTE 99 N/B","GATEWAY DRIVE O/C",1000.00,N,N,A,-,Y,,,99,,,,,,N,Y,4,0,2,3,A,-,08,22107,,F,B,C,A,A,H,-,A,D,0,,,,,Y,,A,01,0,0,2,0,0,0,0,0,0,"- ","- ",36.983768463134766,-120.08564758300781,MADERA,MADERA,-120.08566284179688,36.983760833740234
91187590,2020,2020-02-17,9450,2020-02-09,1740,018551,,7,2,9,2000,0,3,5,,2,040,"AVENUE 9","COUNTY ROAD 35",0.00,,Y,A,-,N,,,,,,,,,,Y,4,0,2,2,A,-,09,21801,A,N,D,C,A,A,H,-,B,D,0,,,,,Y,,A,01,0,0,2,0,0,0,0,0,0,"- ","- ",36.880290985107422,-119.91091156005859,MADERA,UNINCORPORATED,-119.91123199462891,36.88031005859375
91189064,2020,2020-02-19,9450,2020-02-12,2125,018823,,3,2,9,2000,0,3,5,,2,030,"COUNTY ROAD 23","AVENUE 13",450.00,N,N,A,-,N,,,,,,,,,,Y,4,0,1,1,A,-,01,23152,A,M,E,I,A,A,H,-,D,D,0,,,,,Y,Y,A,01,0,0,1,0,0,0,0,0,0,"- ","- ",36.939601898193359,-120.12830352783203,MADERA,UNINCORPORATED,-120.12844085693359,36.93951416015625
91189090,2020,2020-02-19,9450,2020-02-08,0931,018075,,6,1,4,2002,0,1,3,,2,011,"STATE ROUTE 99 (N/B)","ELLIS STREET O/C",100.00,S,N,A,-,Y,,,99,,,,,,,Y,4,0,2,4,A,-,03,22350,,N,C,C,A,A,D,-,A,D,0,,,,,Y,,D,22,0,0,2,0,0,0,0,0,0,"- ","- ",36.985000610351562,-120.08699035644531,MADERA,MADERA,-120.08699035644531,36.985000610351562
91189159,2020,2020-02-19,9450,2020-02-15,0805,020882,,6,1,9,2000,0,3,5,,2,020,"AVENUE 21","COUNTY ROAD 28 1/2",0.00,,Y,A,-,N,,,,,,,,,,Y,3,0,2,2,A,-,12,22450,A,N,D,C,A,A,H,-,A,A,0,,,,,Y,,A,07,0,1,1,0,0,0,0,0,0,"- ","- ",37.054271697998047,-120.02922058105469,MADERA,UNINCORPORATED,-120.02922821044922,37.05426025390625
91189342,2020,2020-02-19,9450,2020-02-13,0800,016946,,4,1,9,2000,0,3,5,,2,020,"OWENS STREET","ELLIS STREET",0.00,,Y,A,-,N,,,,,,,,,,N,3,0,1,2,A,-,09,21802,A,N,D,C,A,A,H,-,A,A,0,,,,,Y,,A,01,0,1,0,0,0,0,0,0,0,"- ","- ",36.9869384765625,-120.07015991210938,MADERA,UNINCORPORATED,-120.07015228271484,36.986888885498047
91189403,2020,2020-02-19,9450,2020-02-15,0500,020253,,6,3,9,2000,0,1,3,,2,012,"STATE ROUTE 99 S/B","STATE ROUTE 152",15.00,S,N,A,-,Y,,,99,,,,,,S,Y,4,0,1,1,A,-,08,22107,,N,E,I,A,A,H,-,D,D,0,,,,,Y,,A,01,0,0,1,0,0,0,0,0,0,"- ","- ",37.084339141845703,-120.21016693115234,MADERA,UNINCORPORATED,-120.21016693115234,37.084342956542969
91189579,2020,2020-02-19,9456,2020-02-14,0920,017445,,5,1,9,2000,0,2,4,,1,053,"COUNTY ROAD 200","COUNTY ROAD 8082",1584.00,W,N,A,-,N,,,,,,,,,,Y,4,0,1,1,C,-,18,,,N,E,I,A,A,H,-,A,D,0,,,,,Y,,-,"- ",0,0,1,0,0,0,0,0,0,"- ","- ",37.188320159912109,-119.62155151367188,MADERA,UNINCORPORATED,-119.621488,37.188212999999998
91190328,2020,2020-02-20,9456,2020-02-08,0100,021285,,6,3,9,2000,0,3,5,,2,050,"COUNTY ROAD 222","DORSTAN DR",1056.00,E,N,A,-,N,,,,,,,,,,Y,2,0,1,1,A,-,08,22107,,M,E,I,A,A,H,-,D,D,0,,,,,Y,,A,01,1,0,0,0,0,0,0,0,0,"- ","- ",37.361068725585938,-119.61383056640625,MADERA,UNINCORPORATED,-119.614361,37.361474999999999
91191976,2020,2020-02-24,9450,2020-02-14,0605,017032,,5,1,9,2000,0,2,4,,2,035,"COUNTY ROAD 16","AVENUE 12",0.00,,Y,E,-,N,,,,,,,,,,Y,3,0,1,1,A,-,03,22350,,N,E,I,A,A,H,-,C,A,0,,,,,Y,,A,08,0,1,0,0,0,0,0,0,0,"- ","- ",36.923328399658203,-120.25572204589844,MADERA,UNINCORPORATED,-120.25544738769531,36.923511505126953
91192195,2020,2020-02-24,9450,2020-02-23,0520,020882,,7,3,4,2002,0,3,5,,2,010,"SR-99 S/B FROM AVENUE 18 1/2 E/B","AVENUE 18 1/2",40.00,S,N,A,-,Y,,,,,,,,,,Y,4,0,1,1,A,-,03,22350,,N,F,A,A,A,H,-,D,D,0,,,,,Y,,A,01,0,0,1,0,0,0,0,0,0,"- ","- ",37.018001556396484,-120.12944030761719,MADERA,MADERA,-120.12902069091797,37.018184661865234
91192463,2019,2020-02-24,9450,2019-12-07,2500,016764,,6,4,9,2000,0,3,5,,2,030,"COUNTY ROAD 29","AVENUE 15",1215.00,S,N,B,-,N,,,,,,,,,,Y,1,1,0,1,A,-,08,22107,,N,E,I,A,A,H,-,D,D,0,,,,,Y,,A,01,0,0,0,0,0,0,0,0,0,"- ","- ",36.963901519775391,-120.01966094970703,MADERA,UNINCORPORATED,-120.01956939697266,36.963794708251953
91192905,2020,2020-02-25,9450,2020-02-19,1415,018551,,3,2,9,2000,0,1,3,,2,031,"SR-99 S/B FROM AVENUE 9","AVENUE 9",300.00,N,N,A,-,Y,,,99,,,,R,,S,N,4,0,1,2,A,-,08,22107,,N,D,C,A,A,H,-,A,D,0,,,,Y,Y,,F,26,0,0,1,0,0,0,0,0,0,"- ","- ",36.881050109863281,-119.978759765625,MADERA,UNINCORPORATED,-119.978759765625,36.881050109863281
91193038,2020,2020-02-25,9450,2020-02-21,1815,018551,,5,2,9,2000,0,1,3,,2,031,"SR-99 S/B","GATEWAY DRIVE O/C",500.00,S,N,A,-,Y,,,,,,,,,,N,4,0,2,4,A,-,03,22350,,N,C,C,A,A,H,-,A,D,0,,,,,Y,,A,01,0,0,2,0,0,0,0,0,0,"- ","- ",36.947269439697266,-120.04605102539062,MADERA,UNINCORPORATED,-120.04697418212891,36.947990417480469
91194039,2020,2020-02-26,9450,2020-02-19,0530,017032,,3,3,9,2000,0,3,5,,2,020,"ROAD 613","LONGHORN ROAD",5280.00,N,N,A,-,N,,,,,,,,,,Y,4,0,1,1,A,-,08,22107,,N,E,I,A,A,H,-,D,B,0,,,,,Y,,A,01,0,0,1,0,0,0,0,0,0,"- ","- ",37.244468688964844,-119.92495727539062,MADERA,UNINCORPORATED,-119.9249267578125,37.245944976806641
91194615,2020,2020-02-27,9450,2020-02-23,1450,019159,,7,2,9,2000,0,1,3,,2,031,"STATE ROUTE 99 N/B","AVENUE 8",100.00,S,N,A,-,Y,,,99,,,,,,N,Y,3,0,2,3,A,-,03,22350,,F,C,C,A,A,H,-,A,D,0,,,,,Y,,A,07,0,1,1,0,0,0,0,0,0,"- ","- ",36.865459442138672,-119.96038818359375,MADERA,UNINCORPORATED,-119.96033477783203,36.865512847900391
91195016,2020,2020-02-27,9456,2020-02-19,1422,017677,,3,2,9,2000,0,2,4,,1,054,"COUNTY ROAD 274","MARINA VIEW DR.",2112.00,N,N,A,-,N,,,,,,,,,,Y,2,0,1,1,A,-,08,22107,,N,E,I,A,A,H,-,A,D,0,,,,,Y,,A,07,1,0,0,0,0,0,0,0,0,"- ","- ",37.297981262207031,-119.52571868896484,MADERA,UNINCORPORATED,,
91198491,2019,2020-02-28,9450,2019-12-08,1151,016764,,7,1,9,2000,0,1,3,,1,043,"STATE ROUTE 41","COUNTY ROAD 208",8448.00,N,N,B,C,Y,,,41,,,,,,,Y,1,1,3,3,A,-,03,22350,,N,A,C,A,B,H,-,A,D,0,,,,,Y,,A,01,0,2,1,0,0,0,0,0,0,"- ","- ",37.060779571533203,-119.76982879638672,MADERA,UNINCORPORATED,-119.76979064941406,37.060760498046875
91198615,2020,2020-02-28,9450,2020-02-24,2145,020253,,1,2,9,2000,0,3,5,,2,030,"AVENUE 7 1/2 E/B","COUNTY ROAD 9",1159.00,W,N,A,-,N,,,,,,,,,,Y,3,0,2,2,A,-,06,21750,,N,C,C,A,A,H,-,D,D,0,,,,,Y,,A,01,0,1,1,0,0,0,0,0,0,"- ","- ",36.858558654785156,-120.38603210449219,MADERA,UNINCORPORATED,-120.38581085205078,36.85858154296875
91200542,2020,2020-03-03,9450,2020-02-17,2040,018551,,1,2,9,2000,0,1,3,,2,031,"SR-99 S/B","AVENUE 11",805.00,S,N,A,-,Y,,,99,,,,,,S,Y,3,0,1,1,A,-,01,23152,A,N,E,I,A,A,H,-,D,D,0,,,,,Y,Y,A,01,0,1,0,0,0,0,0,0,0,"- ","- ",36.907711029052734,-120.00450134277344,MADERA,UNINCORPORATED,-120.00447845458984,36.907733917236328
91200732,2020,2020-03-03,9450,2020-02-19,1445,020759,,3,2,9,2000,0,3,5,,2,040,"AVENUE 12",SR-41,6600.00,E,N,A,-,Y,,,,,,,,,,Y,3,0,1,2,A,-,08,22107,,F,A,C,A,A,H,-,A,D,0,,,,,Y,,A,01,0,1,0,0,0,0,0,0,0,"- ","- ",36.925930023193359,-119.77333068847656,MADERA,UNINCORPORATED,-119.77333831787109,36.925884246826172
91200804,2020,2020-03-03,9450,2020-02-20,1300,018075,,4,1,9,2000,0,1,3,,1,043,"STATE ROUTE 41","COUNTY ROAD 406",2640.00,S,N,A,-,Y,,,41,,,,,,,Y,4,0,1,2,A,-,08,22107,,N,B,C,A,A,H,-,A,D,0,,,,,Y,,A,01,0,0,1,0,0,0,0,0,0,"- ","- ",37.087730407714844,-119.7552490234375,MADERA,UNINCORPORATED,-119.75529479980469,37.087753295898438
91201040,2020,2020-03-03,9450,2020-02-26,2130,018923,,3,2,9,2000,0,3,5,,2,010,"GOLDEN STATE BOULEVARD","AVENUE 21 1/2",20.00,E,N,A,-,N,,,,,,,,,,Y,3,0,1,1,A,-,01,23152,A,N,E,I,A,A,H,-,D,D,0,,,,,Y,Y,A,01,0,1,0,0,0,0,0,0,0,"- ","- ",37.063209533691406,-120.18782043457031,MADERA,UNINCORPORATED,-120.18818664550781,37.063358306884766
91201062,2020,2020-03-03,9450,2020-02-28,1030,016425,,5,1,9,2000,0,1,3,,2,011,"SR-99 S/B","AVENUE 18 1/2",1475.00,S,N,A,-,Y,,,99,,,,,,S,Y,3,0,1,1,A,-,03,22350,,N,F,A,A,A,H,-,A,D,0,,,Y,,Y,,C,02,0,1,0,0,0,0,0,0,1,"- ","- ",37.015621185302734,-120.12509918212891,MADERA,UNINCORPORATED,-120.12507629394531,37.015655517578125
91201118,2020,2020-03-03,9450,2020-02-29,1400,018823,,6,2,9,2000,0,3,5,,2,030,"AVENUE 7","FIREBAUGH BLVD",0.00,,Y,A,-,N,,,,,,,,,,Y,4,0,1,2,A,-,09,21802,A,N,D,C,A,A,H,-,A,A,0,,,,,Y,,A,01,0,0,1,0,0,0,0,0,0,"- ","- ",36.859001159667969,-120.34079742431641,MADERA,UNINCORPORATED,-120.34098815917969,36.859310150146484
91201342,2020,2020-03-04,9450,2020-02-29,1225,020882,,6,1,9,2000,0,2,4,,2,038,"AVENUE 7","COUNTY ROAD 29 1/2",150.00,E,N,A,-,N,,,,,,,,,,Y,3,0,1,1,A,-,08,22107,,N,E,J,A,A,H,-,A,D,0,,,,,Y,,A,01,0,1,0,0,0,0,0,0,0,"- ","- ",36.851211547851562,-120.01001739501953,MADERA,UNINCORPORATED,-120.00956726074219,36.851348876953125
91201957,2020,2020-03-04,9450,2020-02-24,1445,019648,,1,2,9,2000,0,3,5,,2,020,"COUNTY ROAD 600","COUNTY ROAD 606",528.00,S,N,A,-,N,,,,,,,,,,Y,4,0,2,2,A,-,05,21460,A,N,A,C,A,A,H,-,A,D,0,,,,,Y,,D,22,0,0,2,0,0,0,0,0,0,"- ","- ",37.200290679931641,-119.90782165527344,MADERA,UNINCORPORATED,-119.908749,37.201407000000003
91201987,2020,2020-03-04,9450,2020-03-01,1440,018551,,7,2,9,2000,0,1,3,,2,031,"SR-99 S/B","AVENUE 9",3500.00,N,N,A,-,Y,,,99,,,,,,S,Y,4,0,1,2,A,-,04,21703,,N,C,C,A,A,H,-,A,D,0,,,,,Y,,A,07,0,0,1,0,0,0,0,0,0,"- ","- ",36.891319274902344,-119.98734283447266,MADERA,UNINCORPORATED,-119.98738861083984,36.891269683837891
91203265,2020,2020-03-06,9450,2020-03-02,2025,018923,,1,2,3,2001,0,1,3,,2,012,"S/B STATE ROUTE 99","ROBERTSON BLVD",15.00,N,N,A,-,Y,,,99,,,,,,,Y,4,0,1,1,A,-,08,22107,,N,E,J,A,A,H,-,D,D,0,,,,,Y,,A,01,0,0,1,0,0,0,0,0,0,"- ","- ",37.127178192138672,-120.25312805175781,MADERA,CHOWCHILLA,-120.25305938720703,37.127277374267578
91203296,2020,2020-03-06,9450,2020-02-28,1507,018923,,5,2,9,2000,0,1,3,,2,011,"SOUTHBOUND STATE ROUTE 99","AVENUE 17",2640.00,N,N,A,-,Y,,,99,,,,,,,Y,4,0,1,3,A,-,03,22350,,N,C,C,A,A,H,-,A,D,0,,,,,Y,,A,07,0,0,1,0,0,0,0,0,0,"- ","- ",37.005428314208984,-120.11216735839844,MADERA,UNINCORPORATED,-120.11219787597656,37.005401611328125
91203477,2020,2020-03-06,9450,2020-02-25,1805,019648,,2,2,9,2000,0,3,5,,2,040,"COUNTY ROAD 211","SIERRA OAKS LANE",1056.00,N,N,A,-,N,,,,,,,,,,Y,3,0,1,1,A,-,08,22107,,N,E,I,A,A,H,-,D,D,0,,,,,Y,,A,07,0,1,0,0,0,0,0,0,0,"- ","- ",37.107521057128906,-119.6915283203125,MADERA,UNINCORPORATED,,
91203504,2020,2020-03-06,9450,2020-02-28,0740,017032,,5,1,9,2000,0,2,4,,2,045,"AVENUE 12 EASTBOUND","BUISNESS SR41",528.00,E,N,A,-,N,,,,,,,,,,Y,4,0,2,4,A,-,03,22350,,N,C,C,A,A,H,-,A,D,0,,,,,Y,,A,01,0,0,2,0,0,0,0,0,0,"- ","- ",36.923179626464844,-119.79881286621094,MADERA,UNINCORPORATED,-119.792165,36.923239000000002
91203669,2020,2020-05-27,9456,2020-02-29,0350,021285,,6,3,9,2000,0,2,4,,1,054,"COUNTY ROAD 274","LAKE POINT DRIVE",250.00,E,N,A,-,N,,,,,,,,,,Y,4,0,1,1,A,-,08,22107,,N,E,I,A,A,H,-,D,D,0,,,,,Y,,D,22,0,0,1,0,0,0,0,0,0,"- ","- ",37.313671112060547,-119.53604125976562,MADERA,UNINCORPORATED,-119.536247,37.313758999999997
91203698,2020,2020-03-09,9456,2020-02-27,1340,021130,,4,1,9,2000,0,2,4,,1,054,"COUNTY ROAD 274","COUNTY ROAD 222",4752.00,S,N,A,-,N,,,,,,,,,,N,3,0,1,2,A,-,06,21750,,N,B,G,A,A,H,-,A,D,0,,Y,,,Y,,A,01,0,1,0,0,0,0,1,0,0,"- ","- ",37.337680816650391,-119.58235931396484,MADERA,UNINCORPORATED,-119.57061004638672,37.334308624267578
91203846,2020,2020-03-09,9456,2020-02-28,2128,021178,,5,2,9,2000,0,3,5,,2,050,"COUNTY ROAD 222","SADDLEBACK RD",50.00,S,N,A,-,N,,,,,,,,,,Y,2,0,1,1,A,-,01,23152,A,N,E,I,A,A,H,-,D,D,0,,,,,Y,Y,D,22,1,0,0,0,0,0,0,0,0,"- ","- ",37.336460113525391,-119.58316802978516,MADERA,UNINCORPORATED,-119.58546447753906,37.338287353515625
91204145,2020,2020-03-09,9450,2020-02-26,1835,019648,,3,2,9,2000,0,1,3,,2,031,"SR-99 SOUTHBOUND","AVENUE 8",2112.00,N,N,A,-,Y,,,99,,,,,,S,Y,4,0,1,1,A,-,03,22350,,N,F,I,A,A,H,-,D,D,0,,,,,Y,,A,01,0,0,1,0,0,0,0,0,0,"- ","- ",36.87091064453125,-119.96637725830078,MADERA,UNINCORPORATED,-119.96631622314453,36.8709716796875
91204502,2020,2020-03-09,9450,2020-03-06,1215,016425,,5,1,9,2000,0,3,5,,2,010,"COUNTY ROAD 9","AVENUE 25",0.00,,Y,A,-,N,,,,,,,,,,Y,4,0,2,2,A,-,09,21802,A,N,D,C,A,A,H,-,A,A,0,,,,,Y,,A,01,0,0,2,0,0,0,0,0,0,"- ","- ",37.1126708984375,-120.38265228271484,MADERA,UNINCORPORATED,-120.09223175048828,36.880279541015625
91204604,2020,2020-03-09,9450,2020-03-06,1100,017032,,5,1,9,2000,0,2,4,,2,035,"AVENUE 12","SR-99 NORTHBOUND FROM AVENUE 12 ONRAMP",0.00,,Y,A,-,Y,,,,,,,,,,N,4,0,4,2,A,-,03,22350,,N,C,C,A,A,H,-,A,A,0,,,,,Y,,D,22,0,0,4,0,0,0,0,0,0,"- ","- ",36.923999786376953,-120.02117919921875,MADERA,UNINCORPORATED,,
91204647,2020,2020-03-09,9450,2020-03-06,1512,018823,,5,2,9,2000,0,1,3,,2,011,"SR-99 S/B","AVENUE 20",1056.00,N,N,A,-,Y,,,99,,,,,,S,N,4,0,1,3,A,-,03,22350,,N,C,C,A,A,H,-,A,D,0,,,,,Y,,A,01,0,0,1,0,0,0,0,0,0,"- ","- ",37.045398712158203,-120.16130065917969,MADERA,UNINCORPORATED,-120.16133880615234,37.045360565185547
91205301,2020,2020-03-10,9450,2020-03-08,1812,018551,,7,2,9,2000,0,1,3,,2,031,"SR-99 N/B","AVENUE 12",140.00,S,N,A,-,Y,,,99,,,,,,N,Y,4,0,1,2,A,-,08,22107,,M,B,C,A,A,H,-,A,D,0,,,,,Y,,A,01,0,0,1,0,0,0,0,0,0,"- ","- ",36.923538208007812,-120.02168273925781,MADERA,UNINCORPORATED,-120.02166748046875,36.923557281494141
91205918,2020,2020-03-11,9456,2020-03-09,1805,018970,,1,2,9,2000,0,1,3,,1,051,SR-41,"COUNTY ROAD 416",0.00,,Y,A,-,Y,,,41,,,,,,,N,4,0,1,2,A,-,09,21802,A,N,D,C,A,A,H,-,A,A,0,,,,,Y,,D,22,0,0,1,0,0,0,0,0,0,"- ","- ",37.202079772949219,-119.72271728515625,MADERA,UNINCORPORATED,-119.72267150878906,37.202060699462891
91206185,2020,2020-03-11,9450,2020-03-10,1540,018551,,2,2,9,2000,0,2,4,,2,035,"AVENUE 12",SR-145,700.00,W,N,A,-,N,,,,,,,,,,Y,4,0,2,4,A,-,03,22350,,N,C,C,A,A,H,-,A,D,0,,,,,Y,,D,22,0,0,2,0,0,0,0,0,0,"- ","- ",36.923698425292969,-120.05908966064453,MADERA,UNINCORPORATED,-120.05846405029297,36.923839569091797
91206786,2020,2020-03-12,9450,2020-03-03,2255,018612,,2,3,4,2002,0,1,3,,2,011,"SR-99 SOUTHBOUND","CLEVELAND AVE.",20.00,S,N,A,-,Y,,,99,,,,,,S,Y,4,0,1,1,A,-,03,22350,,N,E,J,A,A,D,-,D,D,0,,,,,Y,,A,01,0,0,1,0,0,0,0,0,0,"- ","- ",36.974468231201172,-120.07630157470703,MADERA,MADERA,-120.07630920410156,36.974460601806641
91207039,2020,2020-03-12,9450,2020-03-04,1505,019385,,3,2,9,2000,0,1,3,,1,042,"STATE ROUTE 41 NORTHBOUND","AVENUE 12",1056.00,N,N,A,-,Y,,,41,,,,,,N,Y,3,0,1,2,A,-,08,22107,,N,D,C,A,A,H,-,A,D,0,,,,,Y,,A,07,0,1,0,0,0,0,0,0,0,"- ","- ",36.935691833496094,-119.79395294189453,MADERA,UNINCORPORATED,-119.79396820068359,36.935691833496094