CASE_ID,ACCIDENT_YEAR,PROC_DATE,JURIS,COLLISION_DATE,COLLISION_TIME,OFFICER_ID,REPORTING_DISTRICT,DAY_OF_WEEK,CHP_SHIFT,POPULATION,CNTY_CITY_LOC,SPECIAL_COND,BEAT_TYPE,CHP_BEAT_TYPE,CITY_DIVISION_LAPD,CHP_BEAT_CLASS,BEAT_NUMBER,PRIMARY_RD,SECONDARY_RD,DISTANCE,DIRECTION,INTERSECTION,WEATHER_1,WEATHER_2,STATE_HWY_IND,CALTRANS_COUNTY,CALTRANS_DISTRICT,STATE_ROUTE,ROUTE_SUFFIX,POSTMILE_PREFIX,POSTMILE,LOCATION_TYPE,RAMP_INTERSECTION,SIDE_OF_HWY,TOW_AWAY,COLLISION_SEVERITY,NUMBER_KILLED,NUMBER_INJURED,PARTY_COUNT,PRIMARY_COLL_FACTOR,PCF_CODE_OF_VIOL,PCF_VIOL_CATEGORY,PCF_VIOLATION,PCF_VIOL_SUBSECTION,HIT_AND_RUN,TYPE_OF_COLLISION,MVIW,PED_ACTION,ROAD_SURFACE,ROAD_COND_1,ROAD_COND_2,LIGHTING,CONTROL_DEVICE,CHP_ROAD_TYPE,PEDESTRIAN_ACCIDENT,BICYCLE_ACCIDENT,MOTORCYCLE_ACCIDENT,TRUCK_ACCIDENT,NOT_PRIVATE_PROPERTY,ALCOHOL_INVOLVED,STWD_VEHTYPE_AT_FAULT,CHP_VEHTYPE_AT_FAULT,COUNT_SEVERE_INJ,COUNT_VISIBLE_INJ,COUNT_COMPLAINT_PAIN,COUNT_PED_KILLED,COUNT_PED_INJURED,COUNT_BICYCLIST_KILLED,COUNT_BICYCLIST_INJURED,COUNT_MC_KILLED,COUNT_MC_INJURED,PRIMARY_RAMP,SECONDARY_RAMP,LATITUDE,LONGITUDE,COUNTY,CITY,POINT_X,POINT_Y
91234619,2020,2020-05-06,9456,2020-04-26,1050,020993,,7,1,9,2000,0,2,4,,1,053,"COUNTY ROAD 200","QUAIL CREEK RD",705.00,W,N,A,-,N,,,,,,,,,,Y,2,0,1,1,A,-,08,22107,,N,F,A,A,A,H,-,A,D,0,,Y,,,Y,,L,04,1,0,0,0,0,0,1,0,0,"- ","- ",37.203880310058594,-119.57187652587891,MADERA,UNINCORPORATED,-119.571853,37.203865999999998
91234888,2019,2021-02-03,9456,2019-11-19,0740,017445,,2,1,9,2000,0,1,3,,1,052,SR-41,"LEWIS CREEK TRAILHEAD",1848.00,S,N,A,-,Y,,,41,,,,,,,Y,1,1,1,2,A,-,03,22350,,N,A,C,A,A,H,-,A,D,0,,,,,Y,,A,01,1,0,0,0,0,0,0,0,0,"- ","- ",37.411758422851562,-119.62844848632812,MADERA,UNINCORPORATED,-119.62839508056641,37.411724090576172
91235391,2020,2020-05-08,9456,2020-04-30,2105,021130,,4,2,9,2000,0,1,3,,1,051,SR-41,"MECCA LN",1584.00,N,N,A,-,Y,,,41,,,,,,,Y,3,0,1,1,A,-,08,22107,,N,E,I,A,A,H,-,D,D,0,,,,,Y,,A,01,0,1,0,0,0,0,0,0,0,"- ","- ",37.192840576171875,-119.72196197509766,MADERA,UNINCORPORATED,-119.72206878662109,37.192924499511719
91235507,2020,2020-05-08,9450,2020-03-16,0532,017868,,1,3,9,2000,0,3,5,,2,020,"COUNTY ROAD 26","ELLIS STREET",90.00,S,N,C,-,N,,,,,,,,,,N,1,1,0,3,A,-,17,21200,,N,D,G,A,B,H,-,D,D,0,,Y,,,Y,,L,04,0,0,0,0,0,1,0,0,0,"- ","- ",36.986759185791016,-120.07430267333984,MADERA,UNINCORPORATED,-120.07425689697266,36.986663818359375
91236020,2020,2020-05-11,9456,2020-05-03,1550,020993,,7,2,9,2000,0,3,5,,2,050,SR-41,"COUNTY ROAD 425B",3485.00,N,N,A,-,Y,,,41,,,,,,,Y,4,0,1,2,A,-,03,22350,,N,C,C,A,A,H,-,A,D,0,,,,,Y,,A,01,0,0,1,0,0,0,0,0,0,"- ","- ",37.308650970458984,-119.65535736083984,MADERA,UNINCORPORATED,-119.65534210205078,37.308662414550781
91236284,2020,2020-05-11,9456,2020-05-09,2018,020787,,6,2,9,2000,0,1,3,,1,052,SR-41,"MIAMI MOUNTAIN MOTOCYCLE TRAIL",528.00,S,N,A,-,Y,,,41,,,,,,,N,2,0,2,1,A,-,03,22350,,N,F,A,A,A,H,-,D,D,0,,,Y,,Y,,C,02,1,0,1,0,0,0,0,0,2,"- ","- ",37.443500518798828,-119.65318298339844,MADERA,UNINCORPORATED,-119.65317535400391,37.443504333496094
91238274,2020,2020-05-15,9450,2020-05-11,1255,017032,,1,1,4,2002,0,1,3,,2,011,"SR-99 S/B TO CLEVELAND AVENUE OFF-RAMP","CLEVELAND AVENUE",30.00,N,N,A,-,Y,,,99,,,,R,,S,Y,4,0,2,2,A,-,03,22350,,N,C,C,A,A,H,-,A,A,0,,,,,Y,,A,01,0,0,2,0,0,0,0,0,0,"- ","- ",36.974758148193359,-120.07716369628906,MADERA,MADERA,-120.07716369628906,36.974758148193359
91238819,2020,2020-05-18,9450,2020-05-10,0615,017827,,7,1,4,2002,0,3,5,,2,030,"SR-99 (N/B)","FOURTH ST.",1584.00,N,N,A,-,Y,,,99,,,,,,,Y,3,0,1,1,A,-,08,22107,,N,E,I,A,A,H,-,A,D,0,,,,,Y,,A,01,0,1,0,0,0,0,0,0,0,"- ","- ",36.966381072998047,-120.06976318359375,MADERA,MADERA,-120.06970977783203,36.966415405273438
91239272,2020,2020-05-18,9450,2020-05-14,0850,017032,,4,1,9,2000,0,2,4,,2,035,"AVENUE 12 WESTBOUND","COUNTY ROAD 28 1/4",0.00,,Y,B,-,N,,,,,,,,,,Y,4,0,3,2,A,-,09,21802,A,N,D,C,A,A,H,-,A,A,0,,,,,Y,,A,01,0,0,3,0,0,0,0,0,0,"- ","- ",36.923751831054688,-120.03341674804688,MADERA,UNINCORPORATED,-120.03334045410156,36.923709869384766
91239276,2020,2020-05-18,9450,2020-05-11,1343,020882,,1,1,4,2002,0,1,3,,2,031,"STATE ROUTE 99 N/B","SOUTH MADERA AVENUE",500.00,S,N,A,-,Y,,,99,,,,,,N,Y,3,0,2,7,A,-,03,22350,,N,C,C,A,A,D,H,A,D,0,,,,,Y,,A,07,0,1,1,0,0,0,0,0,0,"- ","- ",36.95050048828125,-120.05136871337891,MADERA,MADERA,-120.05128479003906,36.950653076171875
91239698,2020,2020-05-19,9450,2020-05-14,1220,017032,,4,1,9,2000,0,1,3,,2,031,"SR-99 S/B TO MADERA AVENUE OFF-RAMP","OLIVE AVENUE",600.00,N,N,A,-,Y,,,,,,,,,,Y,4,0,1,2,A,-,03,22350,,N,C,C,A,A,H,-,A,A,0,,,,,Y,,D,22,0,0,1,0,0,0,0,0,0,"- ","- ",36.954448699951172,-120.05790710449219,MADERA,UNINCORPORATED,,
91239748,2020,2020-05-19,9450,2020-05-15,0640,016425,,5,1,9,2000,0,3,5,,2,020,"AVENUE 24","COUNTY ROAD 19",20.00,W,N,A,-,N,,,,,,,,,,Y,4,0,1,2,A,-,03,22350,,N,C,C,A,A,H,-,A,D,0,,,,,Y,,A,01,0,0,1,0,0,0,0,0,0,"- ","- ",37.098209381103516,-120.20236206054688,MADERA,UNINCORPORATED,-120.20220947265625,37.098220825195312
91240079,2020,2020-05-20,9450,2020-05-12,1540,018075,,2,2,9,2000,0,1,3,,2,014,"SR-233 NORTHBOUND",SR-152,1090.00,N,N,A,-,N,,,233,,,,,,N,N,4,0,1,1,A,-,03,22350,,N,E,J,A,A,H,-,A,D,0,,,,,Y,,A,01,0,0,1,0,0,0,0,0,0,"- ","- ",37.086071014404297,-120.29512023925781,MADERA,UNINCORPORATED,-120.29515838623047,37.086097717285156
91240681,2020,2020-05-21,9450,2020-05-20,1511,018075,,3,2,9,2000,0,3,5,,2,040,"AVENUE 9","COUNTY ROAD 36",2112.00,E,N,A,-,N,,,,,,,,,,Y,3,0,1,1,A,-,08,22107,,N,E,I,A,A,H,-,A,D,0,,,Y,,Y,,C,02,0,1,0,0,0,0,0,0,1,"- ","- ",36.880409240722656,-119.885498046875,MADERA,UNINCORPORATED,-119.8858642578125,36.880390167236328
91240761,2020,2020-05-21,9450,2020-05-20,1630,018551,,3,2,9,2000,0,2,4,,2,045,"AVENUE 12","COUNTY ROAD 33 1/2",0.00,,Y,A,-,N,,,,,,,,,,Y,4,0,3,2,A,-,09,21801,A,N,D,C,A,A,H,-,A,D,0,,,,,Y,,A,08,0,0,3,0,0,0,0,0,0,"- ","- ",36.922870635986328,-119.93955230712891,MADERA,UNINCORPORATED,-119.93952941894531,36.923019409179688
91241255,2020,2020-05-22,9450,2020-05-16,2110,020253,,6,2,9,2000,0,3,5,,2,030,"AVENUE 11","COUNTY ROAD 24",0.00,,Y,A,-,N,,,,,,,,,,Y,3,0,2,2,A,-,12,22450,A,F,D,C,A,A,H,-,D,A,0,,,,,Y,,D,22,0,1,1,0,0,0,0,0,0,"- ","- ",36.909221649169922,-120.11045837402344,MADERA,UNINCORPORATED,-120.1104736328125,36.909248352050781
91242339,2020,2020-05-26,9456,2020-05-15,1435,020944,,5,2,9,2000,0,1,3,,2,056,SR-49,"MOCKINGBIRD LN",30.00,S,N,A,-,Y,,,49,,,,,,,N,4,0,1,2,A,-,08,22107,,N,D,C,A,A,H,-,A,D,0,,,,,Y,,A,07,0,0,1,0,0,0,0,0,0,"- ","- ",37.350650787353516,-119.72267150878906,MADERA,UNINCORPORATED,-119.72266387939453,37.350650787353516
91242879,2020,2020-05-27,9450,2020-05-22,0950,017032,,5,1,4,2002,0,3,5,,2,030,"SR-99 NORTHBOUND","FRESNO RIVER BRIDGE",1056.00,S,N,A,-,Y,,,99,,,,,,N,Y,4,0,1,1,A,-,08,22107,,N,E,I,A,A,D,-,A,D,0,,,,,Y,,A,01,0,0,1,0,0,0,0,0,0,"- ","- ",36.966648101806641,-120.06999969482422,MADERA,MADERA,-120.06993103027344,36.966701507568359
91242920,2020,2020-06-02,9450,2020-05-18,0200,019648,,1,3,4,2002,0,1,3,,2,031,"SR-99 SOUTHBOUND","4TH STREET",1056.00,N,N,C,-,Y,,,99,,,,,,S,Y,4,0,1,2,A,-,08,22107,,N,E,J,A,B,D,-,D,D,0,,,,Y,Y,,A,01,0,0,1,0,0,0,0,0,0,"- ","- ",36.963588714599609,-120.06712341308594,MADERA,MADERA,-120.06713104248047,36.963573455810547
91243078,2020,2020-05-27,9450,2020-02-29,0240,019105,,6,3,9,2000,0,1,3,,1,041,"STATE ROUTE 145","MPM  145 MAD 23.50",1584.00,E,N,A,-,Y,,,145,,,,,,,Y,1,2,3,2,A,-,01,23152,G,N,A,C,A,A,H,-,D,D,0,,,,,Y,,A,01,2,1,0,0,0,0,0,0,0,"- ","- ",37.010421752929688,-119.82263946533203,MADERA,UNINCORPORATED,-119.82263946533203,37.010414123535156
91243134,2020,2020-05-27,9450,2020-05-23,1140,018823,,6,1,9,2000,0,1,3,,1,042,"SR-41 N/B",SR-145,1200.00,S,N,A,-,Y,,,41,,,,,,N,Y,4,0,4,3,A,-,03,22350,,N,C,C,A,A,H,-,A,A,0,,,,,Y,,A,01,0,0,4,0,0,0,0,0,0,"- ","- ",37.008998870849609,-119.79380035400391,MADERA,UNINCORPORATED,-119.79397583007812,37.008998870849609
91243348,2020,2020-05-27,9450,2020-05-23,1940,020882,,6,2,9,2000,0,1,3,,1,042,"STATE ROUTE 41 N/B","CHILDREN'S BOULEVARD",2640.00,S,N,A,-,Y,,,41,,,,,,N,Y,3,0,1,2,A,-,08,22107,,N,B,C,A,A,H,-,A,D,0,,,,,Y,,A,01,0,1,0,0,0,0,0,0,0,"- ","- ",36.885978698730469,-119.79268646240234,MADERA,UNINCORPORATED,-119.79270172119141,36.885978698730469
91243655,2020,2020-05-28,9450,2020-05-24,1600,020882,,7,2,9,2000,0,1,3,,1,042,"STATE ROUTE 41","AVENUE 12",2112.00,N,N,A,-,Y,,,41,,,,,,,Y,4,0,2,2,A,-,03,22350,,N,C,C,A,A,H,-,A,A,0,,,,,Y,,A,01,0,0,2,0,0,0,0,0,0,"- ","- ",36.925689697265625,-119.79399108886719,MADERA,UNINCORPORATED,-119.79396820068359,36.925689697265625
91245330,2020,2020-05-29,9456,2020-05-24,1916,021130,,7,2,9,2000,0,1,3,,1,052,SR-41,"COUNTY ROAD 222",380.00,S,N,A,-,Y,,,41,,,,,,,Y,3,0,2,2,A,-,01,23152,A,N,B,C,A,A,H,-,A,A,0,,,,,Y,Y,A,07,0,2,0,0,0,0,0,0,0,"- ","- ",37.365970611572266,-119.63070678710938,MADERA,UNINCORPORATED,-119.63069152832031,37.365974426269531
91245541,2020,2020-06-01,9450,2020-05-24,1750,020406,,7,2,9,2000,0,3,5,,2,020,"COUNTY ROAD 27","AVENUE 20 1/2",1320.00,S,N,A,-,N,,,,,,,,,,N,3,0,1,2,A,-,08,22107,,N,B,C,A,A,H,-,A,D,0,,,Y,,Y,,C,06,0,1,0,0,0,0,0,0,1,"- ","- ",37.043430328369141,-120.05612945556641,MADERA,UNINCORPORATED,-120.05635070800781,37.043476104736328
91245557,2020,2020-06-01,9456,2020-05-21,1645,018923,,4,2,9,2000,0,3,5,,2,050,"COUNTY ROAD 628","STATE ROUTE 49",2112.00,E,N,A,-,N,,,,,,,,,,Y,2,0,2,2,A,-,03,22350,,N,A,C,A,A,H,-,A,D,0,,,,,Y,,A,07,1,1,0,0,0,0,0,0,0,"- ","- ",37.373340606689453,-119.72329711914062,MADERA,UNINCORPORATED,-119.72525024414062,37.368911743164062
91245570,2020,2020-06-01,9450,2020-05-27,1105,016425,,3,1,9,2000,0,1,3,,2,011,"SR-99 S/B","AVENUE 21 1/2",4870.00,S,N,A,-,Y,,,99,,,,,,S,Y,4,0,1,1,A,-,08,22107,,N,F,A,A,A,H,-,A,D,0,,,,,Y,,A,07,0,0,1,0,0,0,0,0,0,"- ","- ",37.056011199951172,-120.17417907714844,MADERA,UNINCORPORATED,-120.17409515380859,37.056110382080078
91246188,2020,2020-06-01,9450,2020-05-27,2324,017868,,3,3,9,2000,0,1,3,,2,012,"SR-99 NORTHBOUND","CALIFA OVERCROSSING (O/C)",300.00,S,N,A,-,Y,,,99,,,,,,N,Y,4,0,1,1,A,-,01,23152,F,N,E,J,A,A,H,-,E,D,0,,,,,Y,,A,01,0,0,1,0,0,0,0,0,0,"- ","- ",37.087100982666016,-120.21240234375,MADERA,UNINCORPORATED,-120.21233367919922,37.087135314941406
91246428,2020,2020-06-02,9450,2020-05-28,0555,016938,,4,3,9,2000,0,3,5,,2,020,"AVENUE 21","COUNTY ROAD 28 1/2",0.00,,Y,A,-,N,,,,,,,,,,N,3,0,1,2,A,-,08,22107,,N,D,C,A,A,H,-,A,A,0,,,Y,,Y,,D,22,0,1,0,0,0,0,0,0,1,"- ","- ",37.054359436035156,-120.02925872802734,MADERA,UNINCORPORATED,-120.02922821044922,37.05426025390625
91247208,2020,2020-06-04,9450,2020-05-30,1047,019159,,6,1,9,2000,0,3,5,,2,020,"MELBA DRIVE EAST","WALDEN DRIVE",0.00,,Y,A,-,N,,,,,,,,,,Y,3,0,3,2,A,-,12,22450,A,N,D,C,A,A,H,-,A,D,0,,,,,Y,,A,07,0,1,2,0,0,0,0,0,0,"- ","- ",37.000801086425781,-120.08914184570312,MADERA,UNINCORPORATED,-120.08856964111328,37.001140594482422
91247477,2020,2020-06-04,9450,2020-06-02,1605,016938,,2,2,9,2000,0,1,3,,2,031,"SR 99 NORTHBOUND","AVENUE 12",1600.00,S,N,A,-,Y,,,99,,,,,,N,Y,3,0,1,2,A,-,07,21658,A,F,F,A,A,A,H,-,A,D,0,,,Y,,Y,,A,01,0,1,0,0,0,0,0,0,1,"- ","- ",36.920639038085938,-120.01767730712891,MADERA,UNINCORPORATED,-120.0177001953125,36.920608520507812
91248526,2020,2020-06-18,9456,2020-06-03,2009,021178,,3,2,9,2000,0,1,3,,1,051,SR-41,"COUNTY ROAD 416",1018.00,N,N,A,-,Y,,,41,,,,,,,Y,2,0,2,2,A,-,01,23152,F,N,A,C,A,A,H,-,B,D,0,,,,,Y,,D,22,1,0,1,0,0,0,0,0,0,"- ","- ",37.204139709472656,-119.72013092041016,MADERA,UNINCORPORATED,-119.72012329101562,37.204132080078125
91248527,2020,2020-06-08,9456,2020-06-05,2139,021285,,5,2,9,2000,0,3,5,,2,050,"QUARTZ MOUNTAIN RD","VISTA BENITA DR",528.00,S,N,A,-,N,,,,,,,,,,N,3,0,1,1,A,-,01,23152,A,N,F,A,A,A,H,-,D,D,0,,,Y,,Y,Y,C,02,0,1,0,0,0,0,0,0,1,"- ","- ",37.203018188476562,-119.68813323974609,MADERA,UNINCORPORATED,-119.68583679199219,37.206027984619141
91248664,2020,2020-06-08,9456,2020-06-04,1725,017677,,4,2,9,2000,0,1,3,,2,056,"RT 49","SILVER SPUR TRAIL",55.00,N,N,A,-,Y,,,49,,,,,,,Y,3,0,1,1,A,-,08,22107,,N,E,I,A,A,H,-,A,D,0,,,,,Y,Y,A,01,0,1,0,0,0,0,0,0,0,"- ","- ",37.401649475097656,-119.73322296142578,MADERA,UNINCORPORATED,-119.73329925537109,37.401660919189453
91249860,2020,2020-06-09,9450,2020-05-28,1015,016938,,4,1,9,2000,0,3,5,,2,010,"COUNTY ROAD 16","AVENUE 22",0.00,,Y,A,-,N,,,,,,,,,,Y,3,0,1,2,A,-,21,22106,,N,B,C,A,A,H,-,A,D,0,,,,Y,Y,,A,08,0,1,0,0,0,0,0,0,0,"- ","- ",37.069198608398438,-120.25684356689453,MADERA,UNINCORPORATED,-120.25679779052734,37.069210052490234
91250454,2020,2020-06-10,9456,2020-05-29,0710,020635,,5,1,9,2000,0,3,5,,2,050,"YOSEMITE SPRINGS PKWY","BEAVER CREEK RD",180.00,E,N,A,-,N,,,,,,,,,,Y,4,0,1,1,A,-,01,23152,F,N,E,I,A,A,H,-,A,D,0,,,,,Y,,A,01,0,0,1,0,0,0,0,0,0,"- ","- ",37.158561706542969,-119.74478149414062,MADERA,UNINCORPORATED,-119.74430084228516,37.158580780029297
91250986,2020,2020-06-11,9450,2020-06-06,0620,018075,,6,1,9,2000,0,1,3,,1,041,"STATE ROUTE 145","EL CAMINO",450.00,E,N,A,-,Y,,,145,,,,,,,Y,4,0,1,1,A,-,08,22107,,N,F,J,A,A,H,-,B,A,0,,,,,Y,,A,07,0,0,1,0,0,0,0,0,0,"- ","- ",36.998851776123047,-119.97830200195312,MADERA,UNINCORPORATED,-119.978271484375,36.998744964599609
91251217,2020,2020-06-12,9450,2020-06-07,1550,018676,,7,2,9,2000,0,1,3,,2,012,"SR-99 SOUTHBOUND","ROBERTSON BLVD.",1000.00,S,N,A,-,Y,,,,,,,,,,N,4,0,1,3,A,-,08,22107,,F,E,I,A,A,H,-,A,D,0,,,,,Y,,A,01,0,0,1,0,0,0,0,0,0,"- ","- ",37.124858856201172,-120.25,MADERA,UNINCORPORATED,,
91251399,2020,2020-06-12,9456,2020-06-06,1537,017677,,6,2,9,2000,0,2,4,,1,054,"COUNTY ROAD 274","ROAD 434",4040.00,W,N,A,-,N,,,,,,,,,,Y,3,0,2,2,A,-,01,23152,A,F,B,C,A,A,H,-,A,D,0,,,,,Y,Y,A,07,0,2,0,0,0,0,0,0,0,"- ","- ",37.325099945068359,-119.56282806396484,MADERA,UNINCORPORATED,,
91251421,2020,2020-06-12,9450,2020-06-08,1027,016341,,1,1,9,2000,0,2,4,,2,045,"AVENUE 12","COUNTY ROAD 40",150.00,E,N,A,-,N,,,,,,,,,,Y,4,0,1,2,A,-,08,22107,,N,A,C,A,A,H,-,A,D,0,,,,,Y,,D,22,0,0,1,0,0,0,0,0,0,"- ","- ",36.923091888427734,-119.82042694091797,MADERA,UNINCORPORATED,-119.82054901123047,36.923141479492188
91252119,2020,2020-06-15,9450,2020-05-26,2053,019648,,2,2,9,2000,0,3,5,,2,020,"AVENUE 22 1/2","ELM STREET",0.00,,Y,A,-,N,,,,,,,,,,Y,4,0,2,3,A,-,05,21752,D,M,B,C,A,A,H,-,D,A,0,,,,,Y,,A,07,0,0,2,0,0,0,0,0,0,"- ","- ",37.076301574707031,-120.19439697265625,MADERA,UNINCORPORATED,-120.19439697265625,37.076320648193359
91252152,2020,2020-06-15,9450,2020-06-07,0518,019385,,7,3,9,2000,0,1,3,,1,043,"STATE ROUTE 41 SOUTHBOUND","COUNTY ROAD 209",2640.00,N,N,A,-,Y,,,41,,,,,,S,Y,2,0,3,1,A,-,08,22107,,N,F,A,A,A,H,-,B,D,0,,,,,Y,,A,01,1,1,1,0,0,0,0,0,0,"- ","- ",37.026359558105469,-119.79023742675781,MADERA,UNINCORPORATED,-119.79018402099609,37.026321411132812
9125225,2020,2020-09-11,2002,2020-06-23,1553,3651,,2,5,4,2002,0,0,0,,0,004,"OLIVE AV","I ST",473.00,W,N,A,-,N,,,,,,,,,,N,3,0,1,1,A,-,03,22350,,N,H,A,A,A,H,-,A,D,0,,,Y,,Y,,C,02,0,1,0,0,0,0,0,0,1,"- ","- ",,,MADERA,MADERA,-120.05900573730469,36.952930450439453
91252658,2020,2020-06-16,9450,2020-06-11,1808,019105,,4,2,9,2000,0,3,5,,2,010,"COUNTY ROAD 16","AVENUE 23 1/2",0.00,,Y,A,-,N,,,,,,,,,,Y,4,0,2,2,A,-,08,22107,,N,D,C,A,A,H,-,B,A,0,,,,,Y,,A,01,0,0,2,0,0,0,0,0,0,"- ","- ",37.091030120849609,-120.25685119628906,MADERA,UNINCORPORATED,-120.25679016113281,37.091011047363281
91253266,2020,2020-06-17,9450,2020-06-12,0115,018612,,5,3,9,2000,0,1,3,,2,012,"SR-99 SOUTHBOUND","AVENUE 24 1/2",1320.00,N,N,A,-,Y,,,99,,,,,,S,Y,4,0,1,2,A,-,03,22350,,N,C,C,A,A,H,-,D,D,0,,,,Y,Y,,A,01,0,0,1,0,0,0,0,0,0,"- ","- ",37.107719421386719,-120.2275390625,MADERA,UNINCORPORATED,-120.2275390625,37.107719421386719
91253293,2020,2020-06-17,9456,2020-06-09,0630,017677,,2,1,9,2000,0,2,4,,1,054,"COUNTY ROAD 274","EMERALD COVE",350.00,W,N,A,-,N,,,,,,,,,,Y,3,0,1,1,A,-,08,22107,,N,E,I,A,A,H,-,A,D,0,,,,,Y,,A,01,0,1,0,0,0,0,0,0,0,"- ","- ",37.325359344482422,-119.54673004150391,MADERA,UNINCORPORATED,-119.546694,37.325274999999998
91253818,2020,2020-06-18,9450,2020-06-09,1317,016950,,2,1,9,2000,0,1,3,,2,031,"SR-99 NORTHBOUND","AVENUE 12",2944.00,N,N,A,-,Y,,,99,,,,,,N,Y,3,0,3,2,A,-,08,22107,,N,E,I,A,A,D,-,A,D,0,,,,,Y,,A,07,0,3,0,0,0,0,0,0,0,"- ","- ",36.9398193359375,-120.037841796875,MADERA,UNINCORPORATED,-120.03768920898438,36.939971923828125
91253905,2020,2020-06-18,9450,2020-06-12,1040,016946,,5,1,9,2000,0,2,4,,2,045,"AVENUE 12","COUNTY ROAD 38",187.00,W,N,A,-,N,,,,,,,,,,Y,3,0,2,3,A,-,08,22107,,N,B,C,A,A,H,-,A,D,0,,,,,Y,,A,01,0,2,0,0,0,0,0,0,0,"- ","- ",36.923030853271484,-119.85868072509766,MADERA,UNINCORPORATED,-119.85856628417969,36.923049926757812
91253992,2020,2020-06-18,9456,2020-06-10,1025,018970,,3,1,9,2000,0,3,5,,2,050,"PIERCE DR","WESTWOOD WAY",15.00,E,N,A,-,N,,,,,,,,,,Y,3,0,1,1,A,-,03,22350,,N,E,I,A,A,H,-,A,D,0,,,,,Y,,A,07,0,1,0,0,0,0,0,0,0,"- ","- ",37.327590942382812,-119.64170837402344,MADERA,UNINCORPORATED,-119.64182281494141,37.327522277832031
91254564,2020,2020-06-19,9450,2020-06-18,0040,017868,,4,3,9,2000,0,1,3,,2,031,"SR-99 SOUTHBOUND","AVENUE 7",1056.00,S,N,A,-,Y,,,99,,,,,,S,Y,3,0,2,1,A,-,08,22107,,N,E,I,A,A,H,-,C,D,0,,,,,Y,,A,01,0,2,0,0,0,0,0,0,0,"- ","- ",36.848831176757812,-119.94368743896484,MADERA,UNINCORPORATED,-119.94371032714844,36.848793029785156
91257003,2020,2020-06-24,9450,2020-06-21,1956,019604,,7,2,9,2000,0,1,3,,2,031,"STATE ROUTE 99 (NORTHBOUND)","AVENUE 11",290.00,N,N,A,-,Y,,,99,,,,,,,N,3,0,2,1,A,-,08,22107,,N,E,I,A,A,H,-,D,D,0,,,,Y,Y,,F,26,0,1,1,0,0,0,0,0,0,"- ","- ",36.910289764404297,-120.00672149658203,MADERA,UNINCORPORATED,-120.00676727294922,36.910240173339844
91260735,2020,2020-06-30,9456,2020-06-21,1730,020944,,7,2,9,2000,0,3,5,,2,050,"REDBUD DR","WHITE OAK DR",80.00,N,N,A,-,N,,,,,,,,,,Y,4,0,1,1,A,-,08,22107,,N,E,I,A,A,H,-,A,D,0,,,,,Y,Y,A,01,0,0,1,0,0,0,0,0,0,"- ","- ",37.335948944091797,-119.66822052001953,MADERA,UNINCORPORATED,-119.66801452636719,37.335803985595703
91260840,2020,2020-06-30,9450,2020-06-24,0058,019604,,3,3,9,2000,0,1,3,,1,041,"STATE ROUTE 145","COUNTY ROAD 33",1584.00,W,N,A,-,Y,,,145,,,,,,,Y,3,0,2,1,A,-,01,23152,A,F,F,I,A,A,H,-,D,D,0,,,,,Y,Y,A,01,0,2,0,0,0,0,0,0,0,"- ","- ",37.007770538330078,-119.94951629638672,MADERA,UNINCORPORATED,-119.94949340820312,37.007701873779297
91261790,2020,2020-07-01,9456,2020-06-28,1345,020993,,7,1,9,2000,0,3,5,,2,050,"ROAD 223","COUNTY ROAD 420",40.00,S,N,A,-,N,,,,,,,,,,Y,3,0,1,1,A,-,08,22107,,N,F,I,A,A,H,-,A,D,0,,,Y,,Y,,C,02,0,1,0,0,0,0,0,0,1,"- ","- ",37.287559509277344,-119.58213043212891,MADERA,UNINCORPORATED,,
91262284,2020,2020-07-02,9450,2020-06-26,0930,017868,,5,1,9,2000,0,3,5,,2,010,"AVENUE 20 1/2","SR-99 S/B FROM AVENUE 20 1/2 ON-RAMP",0.00,,Y,A,-,N,,,,,,,,,,Y,4,0,1,2,A,-,09,21801,A,N,C,C,A,A,H,-,A,D,0,,,,,Y,,A,01,0,0,1,0,0,0,0,0,0,"- ","- ",37.042190551757812,-120.15940093994141,MADERA,UNINCORPORATED,-120.159434,37.042217000000001
91263201,2020,2020-07-03,9450,2020-06-23,0607,017868,,2,1,9,2000,0,1,3,,1,013,"STATE ROUTE 152","COUNTY ROAD 9",0.00,,Y,A,-,Y,,,152,,,,,,,Y,2,0,1,2,A,-,12,22450,A,N,D,C,A,A,H,-,A,A,0,,,,Y,Y,,A,01,1,0,0,0,0,0,0,0,0,"- ","- ",37.083480834960938,-120.38275909423828,MADERA,UNINCORPORATED,-120.38275909423828,37.083488464355469
91263595,2020,2020-07-06,9456,2020-06-24,1128,018970,,3,1,9,2000,0,1,3,,1,052,SR-41,"COUNTY ROAD 426",440.00,S,N,A,-,Y,,,41,,,,,,,Y,4,0,2,2,A,-,09,21804,A,N,D,C,A,A,H,-,A,D,0,,,,,Y,,A,07,0,0,2,0,0,0,0,0,0,"- ","- ",37.332408905029297,-119.65235900878906,MADERA,UNINCORPORATED,-119.65238189697266,37.332466125488281