CASE_ID,ACCIDENT_YEAR,PROC_DATE,JURIS,COLLISION_DATE,COLLISION_TIME,OFFICER_ID,REPORTING_DISTRICT,DAY_OF_WEEK,CHP_SHIFT,POPULATION,CNTY_CITY_LOC,SPECIAL_COND,BEAT_TYPE,CHP_BEAT_TYPE,CITY_DIVISION_LAPD,CHP_BEAT_CLASS,BEAT_NUMBER,PRIMARY_RD,SECONDARY_RD,DISTANCE,DIRECTION,INTERSECTION,WEATHER_1,WEATHER_2,STATE_HWY_IND,CALTRANS_COUNTY,CALTRANS_DISTRICT,STATE_ROUTE,ROUTE_SUFFIX,POSTMILE_PREFIX,POSTMILE,LOCATION_TYPE,RAMP_INTERSECTION,SIDE_OF_HWY,TOW_AWAY,COLLISION_SEVERITY,NUMBER_KILLED,NUMBER_INJURED,PARTY_COUNT,PRIMARY_COLL_FACTOR,PCF_CODE_OF_VIOL,PCF_VIOL_CATEGORY,PCF_VIOLATION,PCF_VIOL_SUBSECTION,HIT_AND_RUN,TYPE_OF_COLLISION,MVIW,PED_ACTION,ROAD_SURFACE,ROAD_COND_1,ROAD_COND_2,LIGHTING,CONTROL_DEVICE,CHP_ROAD_TYPE,PEDESTRIAN_ACCIDENT,BICYCLE_ACCIDENT,MOTORCYCLE_ACCIDENT,TRUCK_ACCIDENT,NOT_PRIVATE_PROPERTY,ALCOHOL_INVOLVED,STWD_VEHTYPE_AT_FAULT,CHP_VEHTYPE_AT_FAULT,COUNT_SEVERE_INJ,COUNT_VISIBLE_INJ,COUNT_COMPLAINT_PAIN,COUNT_PED_KILLED,COUNT_PED_INJURED,COUNT_BICYCLIST_KILLED,COUNT_BICYCLIST_INJURED,COUNT_MC_KILLED,COUNT_MC_INJURED,PRIMARY_RAMP,SECONDARY_RAMP,LATITUDE,LONGITUDE,COUNTY,CITY,POINT_X,POINT_Y
91427654,2021,2021-03-15,9450,2021-03-11,1645,020759,,4,2,9,2000,0,3,5,,2,040,"COUNTY ROAD 35","AVENUE 13 1/2",0.00,,Y,A,-,N,,,,,,,,,,N,4,0,1,2,A,-,09,21802,A,N,D,C,A,A,H,-,A,A,0,,,,,Y,,A,07,0,0,1,0,0,0,0,0,0,"- ","- ",36.944801330566406,-119.91213226318359,MADERA,UNINCORPORATED,-119.91214752197266,36.944801330566406
91428348,2021,2021-03-16,9450,2021-03-07,1420,019105,,7,2,9,2000,0,1,3,,2,031,"S/B SR-99","S GATEWAY AVENUE",528.00,S,N,A,-,Y,,,,,,,,,,Y,3,0,5,7,A,-,03,22350,,N,C,C,A,A,H,-,A,D,0,,,,,Y,,A,01,0,1,4,0,0,0,0,0,0,"- ","- ",36.947898864746094,-120.04676818847656,MADERA,UNINCORPORATED,,
91428390,2021,2021-03-16,9450,2021-03-15,0651,016946,,1,1,9,2000,0,2,4,,2,038,"AVENUE 7","COUNTY ROAD 32 1/2",600.00,W,N,B,-,N,,,,,,,,,,Y,3,0,1,2,A,-,08,22107,,N,B,C,A,A,H,-,B,D,0,,,,,Y,,A,01,0,1,0,0,0,0,0,0,0,"- ","- ",36.851268768310547,-119.95805358886719,MADERA,UNINCORPORATED,-119.95807647705078,36.851264953613281
91428642,2021,2021-03-16,9450,2021-03-04,1704,017827,,4,2,9,2000,0,3,5,,2,040,"MONREAL ROAD","AVENUE 16 1/2",0.00,,Y,A,-,N,,,,,,,,,,N,4,0,1,2,A,-,12,22450,A,M,D,C,A,A,H,-,A,D,0,,,,,Y,,A,01,0,0,1,0,0,0,0,0,0,"- ","- ",36.988498687744141,-119.88652038574219,MADERA,UNINCORPORATED,-119.88648223876953,36.988479614257812
91428874,2021,2021-03-17,9450,2021-03-09,1825,018551,,2,2,9,2000,0,1,3,,1,041,SR-145,"AVENUE 15 1/2",1641.00,E,N,A,-,Y,,,145,,,,,,,Y,2,0,2,2,A,-,08,22107,,N,A,C,A,A,H,-,D,D,0,,,,,Y,,A,01,1,0,1,0,0,0,0,0,0,"- ","- ",36.977180480957031,-120.03666687011719,MADERA,UNINCORPORATED,-120.03667449951172,36.977188110351562
91429893,2021,2021-03-18,9450,2021-03-11,0610,016938,,4,1,9,2000,0,3,5,,2,020,"AVENUE 21","COUNTY ROAD 28 1/2",10.00,W,N,B,-,N,,,,,,,,,,Y,4,0,3,2,A,-,09,21801,A,N,A,C,A,A,H,-,B,D,0,,,,,Y,,A,01,0,0,3,0,0,0,0,0,0,"- ","- ",37.054279327392578,-120.02934265136719,MADERA,UNINCORPORATED,-120.02926635742188,37.05426025390625
91429916,2021,2021-03-18,9450,2021-03-15,2028,018612,,1,2,9,2000,0,1,3,,2,011,"SR-99 SOUTHBOUND","AVENUE 18 1/2",898.00,S,N,B,-,Y,,,99,,,,,,S,Y,4,0,1,3,A,-,03,22350,,N,C,C,A,A,D,-,D,D,0,,,,,Y,,A,01,0,0,1,0,0,0,0,0,0,"- ","- ",37.016578674316406,-120.12664031982422,MADERA,UNINCORPORATED,-120.12665557861328,37.016551971435547
91430005,2021,2021-03-18,9450,2021-03-08,1750,017827,,1,2,4,2002,0,3,5,,2,040,"COUNTY ROAD 206","MILLERTON ROAD",1056.00,N,N,A,-,N,,,,,,,,,,Y,4,0,1,1,A,-,08,22107,,N,F,A,A,A,H,-,A,D,0,,,,,Y,,A,01,0,0,1,0,0,0,0,0,0,"- ","- ",36.997688293457031,-119.72364044189453,MADERA,MADERA,-119.71407318115234,36.992298126220703
91430462,2021,2021-03-18,9456,2021-03-10,1628,019856,,3,2,9,2000,0,1,3,,2,056,"STATE ROUTE 49 (45500 BLOCK)","THUNDERHEAD DRIVE",1584.00,N,N,D,-,Y,,,49,,,,,,,Y,3,0,1,2,A,-,03,22350,,N,B,C,A,C,H,-,A,D,0,,,,,Y,,A,01,0,1,0,0,0,0,0,0,0,"- ","- ",37.411151885986328,-119.73256683349609,MADERA,UNINCORPORATED,-119.73263549804688,37.411178588867188
91430494,2021,2021-03-18,9450,2021-03-08,1608,019105,,1,2,9,2000,0,1,3,,1,041,"STATE ROUTE 145","COUNTY ROAD 33",2640.00,E,N,A,-,Y,,,145,,,,,,,Y,2,0,1,1,A,-,01,23152,F,N,E,I,A,A,H,-,A,D,0,,,,,Y,,A,01,1,0,0,0,0,0,0,0,0,"- ","- ",37.0101318359375,-119.93604278564453,MADERA,UNINCORPORATED,-119.93604278564453,37.010154724121094
91430827,2021,2021-03-19,9450,2021-03-17,0105,019385,,3,3,9,2000,0,3,5,,2,020,"COUNTY ROAD 28 1/2","AVENUE 21",0.00,,Y,A,-,N,,,,,,,,,,Y,4,0,1,2,A,-,09,21802,A,N,D,C,A,A,H,-,D,D,0,,,,,Y,,D,22,0,0,1,0,0,0,0,0,0,"- ","- ",37.054248809814453,-120.02922058105469,MADERA,UNINCORPORATED,-120.02922821044922,37.05426025390625
91430899,2021,2021-03-19,9450,2021-03-12,1110,017032,,5,1,9,2000,0,1,3,,2,031,"SR-99 NORTHBOUND","AVENUE 7 O/C",4752.00,N,N,B,-,Y,,,99,,,,,,N,Y,3,0,2,2,A,-,03,22350,,N,C,C,A,A,H,-,A,D,0,,,,,Y,,D,22,0,1,1,0,0,0,0,0,0,"- ","- ",36.86138916015625,-119.95614624023438,MADERA,UNINCORPORATED,-119.95611572265625,36.861427307128906
91431055,2021,2021-03-19,9456,2021-03-11,1022,018970,,4,1,9,2000,0,3,5,,2,050,"COUNTY ROAD 426","COUNTY ROAD 427",600.00,E,N,B,-,N,,,,,,,,,,Y,3,0,1,1,A,-,08,22107,,N,E,I,A,A,H,-,A,D,0,,,,,Y,,D,22,0,1,0,0,0,0,0,0,0,"- ","- ",37.326759338378906,-119.64573669433594,MADERA,UNINCORPORATED,-119.64589691162109,37.32684326171875
91431255,2021,2021-03-19,9456,2021-03-19,0925,018970,,5,1,9,2000,0,3,5,,2,050,"COUNTY ROAD 415","LONGO RD",620.00,W,N,C,-,N,,,,,,,,,,Y,4,0,3,2,A,-,08,22107,,N,A,C,A,B,H,-,A,A,0,,,,,Y,,D,22,0,0,3,0,0,0,0,0,0,"- ","- ",37.241279602050781,-119.73626708984375,MADERA,UNINCORPORATED,-119.73628234863281,37.241294860839844
91432991,2021,2021-03-23,9456,2021-03-17,2125,021135,,3,2,9,2000,0,1,3,,1,051,SR-41,"KENNEDY RD",120.00,N,N,A,-,Y,,,41,,,,,,,Y,4,0,1,1,A,-,08,22107,,N,E,I,A,A,H,-,D,D,0,,,,,Y,,A,01,0,0,1,0,0,0,0,0,0,"- ","- ",37.208881378173828,-119.71204376220703,MADERA,UNINCORPORATED,-119.71198272705078,37.208820343017578
91433028,2021,2021-03-23,9450,2021-03-20,1435,019105,,6,2,9,2000,0,2,4,,2,035,"COUNTY ROAD 26 1/2","AVENUE 12",0.00,,Y,A,-,N,,,,,,,,,,Y,4,0,2,2,A,-,01,23152,A,N,D,C,A,A,H,-,A,A,0,,,,,Y,Y,A,07,0,0,2,0,0,0,0,0,0,"- ","- ",36.92388916015625,-120.06519317626953,MADERA,UNINCORPORATED,-120.06510162353516,36.923839569091797
91433444,2021,2021-03-23,9456,2021-03-07,1522,019856,,7,2,9,2000,0,1,3,,1,051,"STATE ROUTE 41","MECCA LANE",1200.00,S,N,A,-,Y,,,41,,,,,,,Y,4,0,3,2,A,-,01,23152,A,M,B,C,A,A,H,-,A,D,0,,,,,Y,Y,A,01,0,0,3,0,0,0,0,0,0,"- ","- ",37.187080383300781,-119.72798156738281,MADERA,UNINCORPORATED,-119.72799682617188,37.187084197998047
91435510,2021,2021-03-25,9450,2021-03-21,0020,021188,,7,3,9,2000,0,1,3,,2,031,"SR-99 N/B (GOLDEN STATE HIGHWAY)","AVENUE 12",5280.00,S,N,A,-,Y,,,99,,,,,,N,Y,4,0,1,2,A,-,03,22350,,N,C,C,A,A,H,-,D,D,0,,,,,Y,,A,01,0,0,1,0,0,0,0,0,0,"- ","- ",36.912689208984375,-120.00930023193359,MADERA,UNINCORPORATED,-120.00930786132812,36.912685394287109
91437257,2021,2021-03-26,9450,2021-03-16,2018,017827,,2,2,9,2000,0,3,5,,2,040,"AVENUE 9","COUNTY ROAD 36",4224.00,E,N,A,-,N,,,,,,,,,,Y,3,0,1,2,A,-,09,21804,A,N,D,C,A,A,H,-,D,D,0,,,Y,Y,Y,,G,25,0,1,0,0,0,0,0,0,1,"- ","- ",36.880348205566406,-119.879638671875,MADERA,UNINCORPORATED,-119.87864685058594,36.880401611328125
91437263,2021,2021-03-26,9450,2021-03-20,0815,018676,,6,1,9,2000,0,3,5,,2,010,"SANTA FE DRIVE","AVENUE 26",0.00,,Y,A,-,N,,,,,,,,,,Y,3,0,2,2,A,-,12,22450,A,N,D,C,A,A,H,-,A,A,0,,,,,Y,,D,22,0,1,1,0,0,0,0,0,0,"- ","- ",37.127071380615234,-120.15104675292969,MADERA,UNINCORPORATED,-120.15106964111328,37.127052307128906
91437275,2021,2021-03-26,9450,2021-03-13,1235,016950,,6,1,9,2000,0,3,5,,2,020,"COUNTY ROAD 15","AVENUE 27",0.00,,Y,A,-,N,,,,,,,,,,Y,4,0,2,2,A,-,09,21801,A,N,D,C,A,A,H,-,A,D,0,,,,,Y,,A,01,0,0,2,0,0,0,0,0,0,"- ","- ",37.143741607666016,-120.27436065673828,MADERA,UNINCORPORATED,-120.27439880371094,37.143745422363281
91437387,2021,2021-03-29,9450,2021-03-22,2145,020253,,1,2,9,2000,0,1,3,,1,041,"STATE ROUTE 145","BNSF RAILROAD TRACKS",1300.00,W,N,A,-,Y,,,145,,,,,,,Y,4,0,1,2,A,-,03,22350,,N,C,C,A,A,H,-,D,D,0,,,,,Y,,A,01,0,0,1,0,0,0,0,0,0,"- ","- ",36.980388641357422,-120.03102111816406,MADERA,UNINCORPORATED,-120.03102111816406,36.980396270751953
91437397,2021,2021-03-29,9450,2021-03-24,1914,018612,,3,2,9,2000,0,3,5,,2,020,"FLORENCE WAY","REGAL DR.",20.00,W,N,A,-,N,,,,,,,,,,N,2,0,1,1,A,-,03,22350,,N,E,I,A,A,H,-,B,D,0,,,Y,,Y,,C,02,1,0,0,0,0,0,0,0,1,"- ","- ",37.0023193359375,-120.07202911376953,MADERA,UNINCORPORATED,-120.07186889648438,37.002208709716797
91437737,2021,2021-03-29,9450,2021-03-23,1505,018612,,2,2,9,2000,0,1,3,,1,013,SR-152,"COUNTY ROAD 16",3168.00,E,N,F,G,Y,,,152,,,,,,,Y,4,0,1,2,A,-,03,22350,,M,C,C,A,A,H,-,A,D,0,,,,,Y,,-,99,0,0,1,0,0,0,0,0,0,"- ","- ",37.083820343017578,-120.24445343017578,MADERA,UNINCORPORATED,-120.24445343017578,37.083824157714844
91437756,2021,2021-03-29,9450,2021-03-20,1315,016946,,6,1,9,2000,0,2,4,,2,044,"COUNTY ROAD 145","COUNTY ROAD 206",7656.00,W,N,A,-,N,,,,,,,,,,N,3,0,1,1,A,-,03,22350,,N,F,A,A,A,H,-,A,D,0,,,Y,,Y,,C,02,0,1,0,0,0,0,0,0,1,"- ","- ",37.010528564453125,-119.7618408203125,MADERA,UNINCORPORATED,-119.76222229003906,37.0106201171875
91437786,2021,2021-03-29,9450,2021-03-21,1125,017032,,7,1,9,2000,0,1,3,,2,031,"SR-99 SOUTHBOUND","GATEWAY AVE O/C",1056.00,N,N,A,-,Y,,,,,,,,,,Y,4,0,2,2,A,-,03,22350,,N,C,C,A,A,D,-,A,D,0,,,,,Y,,A,01,0,0,2,0,0,0,0,0,0,"- ","- ",36.9510498046875,-120.05213928222656,MADERA,UNINCORPORATED,,
91437821,2021,2021-03-29,9450,2021-03-20,1455,016946,,6,2,4,2002,0,1,3,,2,031,"SOUTHBOUND STATE ROUTE 99","SOUTH GATEWAY DRIVE",622.00,S,N,A,-,Y,,,99,,,,,,,Y,3,0,4,3,A,-,03,22350,,N,C,C,A,A,D,H,A,D,0,,,,,Y,,D,22,0,3,1,0,0,0,0,0,0,"- ","- ",36.951690673828125,-120.05325317382812,MADERA,MADERA,-120.05322265625,36.951740264892578
91438065,2021,2021-03-29,9450,2021-03-19,1005,016946,,5,1,9,2000,0,1,3,,2,031,"SOUTHBOUND STATE ROUTE 99","AVENUE 13",1103.00,S,N,B,-,Y,,,99,,,,,,,Y,4,0,3,6,A,-,03,22350,,N,C,C,A,B,D,-,A,D,0,,,,,Y,,A,01,0,0,3,0,0,0,0,0,0,"- ","- ",36.936851501464844,-120.03468322753906,MADERA,UNINCORPORATED,-120.03469085693359,36.936836242675781
91438213,2021,2021-03-29,9450,2021-03-21,1126,017032,,7,1,9,2000,0,1,3,,2,031,"SR-99 SOUTHBOUND","GATEWAY DRIVE O/C",1056.00,N,N,A,-,Y,,,,,,,,,,Y,4,0,5,4,A,-,03,22350,,N,C,C,A,A,D,-,A,D,0,,,,,Y,,A,07,0,0,5,0,0,0,0,0,0,"- ","- ",36.950691223144531,-120.05153656005859,MADERA,UNINCORPORATED,-120.05131530761719,36.950454711914062
91438663,2021,2021-03-29,9450,2021-03-17,1915,019105,,3,2,9,2000,0,1,3,,2,012,"S/B STATE ROUTE 99","AVENUE 24",1056.00,N,N,A,-,Y,,,99,,,,,,,Y,4,0,2,2,A,-,01,23152,A,N,C,C,A,A,H,-,D,D,0,,,,,Y,Y,A,01,0,0,2,0,0,0,0,0,0,"- ","- ",37.101570129394531,-120.21952819824219,MADERA,UNINCORPORATED,-120.21953582763672,37.1015625
91438666,2021,2021-03-29,9450,2021-03-27,1236,016341,,6,1,9,2000,0,3,5,,2,010,"COUNTY ROAD 22","AVENUE 18 1/2",0.00,,Y,A,-,N,,,,,,,,,,Y,3,0,3,2,A,-,09,21802,A,N,D,C,A,A,H,-,A,D,0,,,,,Y,,A,01,0,1,2,0,0,0,0,0,0,"- ","- ",37.017669677734375,-120.14694976806641,MADERA,UNINCORPORATED,-120.14701843261719,37.018234252929688
91440058,2021,2021-03-31,9450,2021-03-29,1900,020882,,1,2,9,2000,0,1,3,,1,041,"STATE ROUTE 145","COUNTY ROAD 36",5280.00,W,N,A,-,Y,,,145,,,,,,,Y,3,0,2,1,A,-,08,22107,,N,F,A,A,A,H,-,A,D,0,,,,,Y,,D,22,0,2,0,0,0,0,0,0,0,"- ","- ",37.010219573974609,-119.91857147216797,MADERA,UNINCORPORATED,-119.91857147216797,37.010215759277344
91440439,2021,2021-04-01,9450,2021-03-21,1947,019105,,7,2,9,2000,0,1,3,,1,042,"STATE ROUTE 41 SOUTHBOUND","AVENUE 12",830.00,N,N,A,-,Y,,,41,,,,,,S,Y,4,0,3,4,A,-,01,23152,A,N,C,C,A,A,H,-,D,D,0,,,,,Y,Y,A,01,0,0,3,0,0,0,0,0,0,"- ","- ",36.925640106201172,-119.79399871826172,MADERA,UNINCORPORATED,-119.79396820068359,36.925640106201172
91440846,2021,2021-04-01,9456,2021-03-28,2240,021285,,7,3,9,2000,0,1,3,,1,051,SR-41,"COUNTY ROAD 207",12.60,S,N,A,-,Y,,,41,,,,,,,Y,3,0,1,1,A,-,01,23152,A,N,E,I,A,A,H,-,D,D,0,,,,,Y,Y,A,01,0,1,0,0,0,0,0,0,0,"- ","- ",37.149078369140625,-119.73198699951172,MADERA,UNINCORPORATED,-119.73192596435547,37.149070739746094
91441263,2020,2021-04-01,9450,2020-11-14,2500,016946,,6,4,9,2000,0,3,5,,2,030,"FIREBAUGH BOULEVARD","COUNTY ROAD 16",2376.00,W,N,A,-,N,,,,,,,,,,N,1,1,0,2,A,-,03,22350,,F,G,B,E,A,H,-,D,D,0,Y,,,,Y,,-,99,0,0,0,1,0,0,0,0,0,"- ","- ",36.918899536132812,-120.26136779785156,MADERA,UNINCORPORATED,-120.26123809814453,36.918956756591797
91441311,2021,2021-04-01,9450,2021-03-25,1045,016938,,4,1,9,2000,0,3,5,,2,010,"COUNTY ROAD 22","AVENUE 18 1/2",0.00,,Y,A,-,N,,,,,,,,,,Y,4,0,3,2,A,-,09,21802,A,N,D,C,A,A,H,-,A,A,0,,,,,Y,,A,01,0,0,3,0,0,0,0,0,0,"- ","- ",37.018241882324219,-120.14698791503906,MADERA,UNINCORPORATED,-120.14701843261719,37.018234252929688
91442162,2021,2021-04-02,9450,2021-03-27,1320,019105,,6,1,9,2000,0,3,5,,2,020,"COUNTY ROAD 26","AVENUE 17 1/2",0.00,,Y,A,-,N,,,,,,,,,,Y,4,0,2,2,A,-,09,21802,A,N,D,C,A,A,H,-,A,A,0,,,,,Y,,D,22,0,0,2,0,0,0,0,0,0,"- ","- ",37.003658294677734,-120.07437133789062,MADERA,UNINCORPORATED,-120.07430267333984,37.003597259521484
91442163,2020,2021-04-02,9456,2020-12-17,0839,020635,,4,1,9,2000,0,2,4,,1,053,"COUNTY ROAD 200","53488 ROAD 200",7920.00,W,N,C,-,N,,,,,,,,,,Y,1,1,1,1,A,-,08,22107,,N,E,I,A,B,H,-,A,D,0,,,,,Y,,A,07,1,0,0,0,0,0,0,0,0,"- ","- ",37.194149017333984,-119.59680938720703,MADERA,UNINCORPORATED,,
91443270,2021,2021-04-05,9456,2021-03-27,0220,021290,,6,3,9,2000,0,1,3,,2,056,SR-49,"CROOKS MOUNTAIN RD",112.00,N,N,A,-,Y,,,,,,,,,,Y,4,0,1,1,A,-,08,22107,,N,E,I,A,A,H,-,D,D,0,,,,,Y,,A,01,0,0,1,0,0,0,0,0,0,"- ","- ",37.395561218261719,-117.73776245117188,MADERA,UNINCORPORATED,-119.73760223388672,37.395378112792969
91444113,2021,2021-04-06,9450,2021-03-27,1248,017032,,6,1,9,2000,0,1,3,,1,042,"SR-41 NORTHBOUND","AVENUE 15",3168.00,N,N,A,-,Y,,,41,,,,,,N,Y,3,0,2,2,A,-,03,22350,,N,C,C,A,A,H,-,A,D,0,,,,,Y,,A,07,0,1,1,0,0,0,0,0,0,"- ","- ",36.976360321044922,-119.79393768310547,MADERA,UNINCORPORATED,-119.79393768310547,36.976360321044922
91444285,2021,2021-04-06,9450,2021-03-31,1815,020882,,3,2,9,2000,0,3,5,,2,030,"AVENUE 9","PARAISO STREET",200.00,E,N,A,-,N,,,,,,,,,,Y,3,0,4,2,A,-,01,23152,F,N,D,C,A,A,H,-,A,D,0,,,,,Y,,A,01,0,3,1,0,0,0,0,0,0,"- ","- ",36.880260467529297,-120.11405944824219,MADERA,UNINCORPORATED,-120.11414337158203,36.880245208740234
91444513,2021,2021-04-06,9456,2021-04-04,0730,020944,,7,1,9,2000,0,3,5,,2,050,"COUNTY ROAD 222","CARMEN RANCH ROAD",2112.00,N,N,A,-,N,,,,,,,,,,Y,4,0,1,1,A,-,08,22107,,N,E,I,A,A,H,-,A,D,0,,,,,Y,,A,01,0,0,1,0,0,0,0,0,0,"- ","- ",37.196540832519531,-119.50077056884766,MADERA,UNINCORPORATED,-119.50170135498047,37.195610046386719
91444517,2021,2021-04-06,9450,2021-03-31,0510,020253,,3,3,9,2000,0,1,3,,1,013,"STATE ROUTE 152 E/B","COUNTY ROAD 16",180.00,W,N,A,-,Y,,,152,,,,,,E,Y,2,0,3,3,A,-,03,22350,,N,A,C,A,A,H,-,C,D,0,,,,,Y,,A,01,1,2,0,0,0,0,0,0,0,"- ","- ",37.083770751953125,-120.25747680664062,MADERA,UNINCORPORATED,-120.25747680664062,37.083751678466797
91444537,2021,2021-04-06,9450,2021-03-26,0755,017032,,5,1,9,2000,0,1,3,,2,031,"SR-99 NORTHBOUND","AVENUE 9 O/C",7920.00,N,N,A,-,Y,,,99,,,,,,N,Y,4,0,1,3,A,-,03,22350,,N,C,C,A,A,H,-,A,D,0,,,,,Y,,A,07,0,0,1,0,0,0,0,0,0,"- ","- ",36.896930694580078,-119.99298095703125,MADERA,UNINCORPORATED,-119.99295806884766,36.896949768066406
91445128,2021,2021-04-07,9450,2021-03-28,1615,017827,,7,2,4,2002,0,1,3,,2,011,"SR-99 (S/B)","ELLIS ST.",2112.00,N,N,A,-,Y,,,99,,,,,,,N,3,0,1,3,A,-,03,22350,,N,F,A,A,A,D,-,A,D,0,,,Y,,Y,,C,02,0,1,0,0,0,0,0,0,1,"- ","- ",36.989459991455078,-120.09278106689453,MADERA,MADERA,-120.09276580810547,36.989475250244141
91445291,2021,2021-04-07,9450,2021-04-01,1025,017032,,4,1,9,2000,0,1,3,,2,011,"SR-99  NORTHBOUND FROM GATEWAY AVENUE","GATEWAY DRIVE O/C",1056.00,N,N,A,-,Y,,,99,,,,R,,N,Y,4,0,1,2,A,-,03,22350,,N,C,C,A,A,D,-,A,D,0,,,,,Y,,A,01,0,0,1,0,0,0,0,0,0,"- ","- ",36.984279632568359,-120.08614349365234,MADERA,UNINCORPORATED,-120.08614349365234,36.984279632568359
91445528,2021,2021-04-07,9450,2021-04-03,0735,018551,,6,1,9,2000,0,3,5,,2,020,"COUNTY ROAD 30","AVENUE 21",0.00,,Y,A,-,N,,,,,,,,,,Y,3,0,4,2,A,-,12,22450,A,N,D,C,A,A,H,-,A,A,0,,,,,Y,,A,07,0,3,1,0,0,0,0,0,0,"- ","- ",37.054180145263672,-120.00202178955078,MADERA,UNINCORPORATED,-120.00193023681641,37.054107666015625
91445566,2021,2021-04-07,9450,2021-04-04,2044,021270,,7,2,9,2000,0,1,3,,1,043,"STATE ROUTE 41","AVENUE 12",634.00,N,N,A,-,Y,,,41,,,,,,,Y,4,0,2,2,A,-,03,22350,,N,C,C,A,A,H,-,D,A,0,,,,,Y,,A,01,0,0,2,0,0,0,0,0,0,"- ","- ",36.925178527832031,-119.79399871826172,MADERA,UNINCORPORATED,-119.79396820068359,36.925178527832031
91446555,2021,2021-04-08,9450,2021-04-06,2145,020759,,2,2,9,2000,0,3,5,,2,030,"AVENUE 7","COUNTY ROAD 16",0.00,,Y,A,-,N,,,,,,,,,,Y,3,0,1,1,A,-,08,22107,,N,E,I,A,A,H,-,D,D,0,,,,,Y,,A,07,0,1,0,0,0,0,0,0,0,"- ","- ",36.850788116455078,-120.25514221191406,MADERA,UNINCORPORATED,-120.25556945800781,36.850948333740234
91446575,2021,2021-04-08,9450,2021-04-04,1505,021202,,7,2,4,2002,0,1,3,,2,031,"STATE ROUTE 99, S/B","GATEWAY DR",1200.00,N,N,A,-,Y,,,99,,,,,,S,Y,3,0,1,2,A,-,03,22350,,N,C,C,A,A,H,-,A,D,0,,,,,Y,,A,07,0,1,0,0,0,0,0,0,0,"- ","- ",36.950920104980469,-120.05190277099609,MADERA,MADERA,-120.05195617675781,36.950817108154297
91447018,2021,2021-04-09,9450,2021-04-02,1140,017032,,5,1,9,2000,0,1,3,,2,011,"SR-99 SOUTHBOUND","AVENUE 17 O/C",2640.00,N,N,A,-,Y,,,99,,,,,,S,N,4,0,1,2,A,-,03,22350,,N,C,C,A,A,D,-,A,D,0,,,,,Y,,D,22,0,0,1,0,0,0,0,0,0,"- ","- ",37.002128601074219,-120.10822296142578,MADERA,UNINCORPORATED,-120.10822296142578,37.002124786376953
91447056,2021,2021-04-09,9450,2021-04-05,1438,017032,,1,2,9,2000,0,1,3,,2,031,"SR-99 NORTHBOUND","MADERA AVENUE O/C",1584.00,S,N,A,-,Y,,,,,,,,,,N,4,0,3,2,A,-,03,22350,,N,C,C,A,A,D,-,A,D,0,,,,,Y,,A,01,0,0,3,0,0,0,0,0,0,"- ","- ",36.950958251953125,-120.0518798828125,MADERA,UNINCORPORATED,-120.0518798828125,36.950984954833984
91447696,2021,2021-04-12,9450,2021-04-10,1040,016946,,6,1,9,2000,0,1,3,,2,031,"STATE ROUTE 99 SOUTHBOUND","AVENUE 13",796.00,N,N,A,-,Y,,,99,,,,,,S,Y,4,0,1,3,A,-,03,22350,,N,C,C,A,A,D,-,A,D,0,,,,,Y,,A,01,0,0,1,0,0,0,0,0,0,"- ","- ",36.939861297607422,-120.0377197265625,MADERA,UNINCORPORATED,-120.03777313232422,36.939800262451172
91448000,2021,2021-04-12,9450,2021-04-01,0451,018075,,4,3,9,2000,0,3,5,,2,030,"AVENUE 7","COUNTY ROAD 13",2640.00,E,N,A,-,N,,,,,,,,,,Y,3,0,1,2,A,-,09,21804,A,N,D,C,A,A,H,-,D,D,0,,,,Y,Y,,F,25,0,1,0,0,0,0,0,0,0,"- ","- ",36.851089477539062,-120.30052947998047,MADERA,UNINCORPORATED,-120.30799865722656,36.851028442382812
91448287,2021,2021-04-12,9450,2021-04-10,1015,018551,,6,1,9,2000,0,1,3,,2,011,"SR-99 N/B","ELLIS STREET O/C",10.00,N,N,A,-,Y,,,99,,,,,,N,N,4,0,1,3,A,-,03,22350,,N,C,C,A,A,H,-,A,D,0,,,,,Y,,A,07,0,0,1,0,0,0,0,0,0,"- ","- ",36.984771728515625,-120.08689117431641,MADERA,UNINCORPORATED,-120.08681488037109,36.984859466552734
91449479,2020,2021-04-13,9450,2020-11-20,0005,021270,,5,3,9,2000,0,1,3,,2,031,"STATE ROUTE 99 (NORTHBOUND)","AVENUE 7",1056.00,N,N,A,-,Y,,,99,,,,,,,Y,1,1,0,5,A,-,01,23152,A,N,B,C,A,A,H,-,D,D,0,,,,Y,Y,Y,A,01,0,0,0,0,0,0,0,0,0,"- ","- ",36.853801727294922,-119.94869232177734,MADERA,UNINCORPORATED,-119.94868469238281,36.853805541992188