CASE_ID,ACCIDENT_YEAR,PROC_DATE,JURIS,COLLISION_DATE,COLLISION_TIME,OFFICER_ID,REPORTING_DISTRICT,DAY_OF_WEEK,CHP_SHIFT,POPULATION,CNTY_CITY_LOC,SPECIAL_COND,BEAT_TYPE,CHP_BEAT_TYPE,CITY_DIVISION_LAPD,CHP_BEAT_CLASS,BEAT_NUMBER,PRIMARY_RD,SECONDARY_RD,DISTANCE,DIRECTION,INTERSECTION,WEATHER_1,WEATHER_2,STATE_HWY_IND,CALTRANS_COUNTY,CALTRANS_DISTRICT,STATE_ROUTE,ROUTE_SUFFIX,POSTMILE_PREFIX,POSTMILE,LOCATION_TYPE,RAMP_INTERSECTION,SIDE_OF_HWY,TOW_AWAY,COLLISION_SEVERITY,NUMBER_KILLED,NUMBER_INJURED,PARTY_COUNT,PRIMARY_COLL_FACTOR,PCF_CODE_OF_VIOL,PCF_VIOL_CATEGORY,PCF_VIOLATION,PCF_VIOL_SUBSECTION,HIT_AND_RUN,TYPE_OF_COLLISION,MVIW,PED_ACTION,ROAD_SURFACE,ROAD_COND_1,ROAD_COND_2,LIGHTING,CONTROL_DEVICE,CHP_ROAD_TYPE,PEDESTRIAN_ACCIDENT,BICYCLE_ACCIDENT,MOTORCYCLE_ACCIDENT,TRUCK_ACCIDENT,NOT_PRIVATE_PROPERTY,ALCOHOL_INVOLVED,STWD_VEHTYPE_AT_FAULT,CHP_VEHTYPE_AT_FAULT,COUNT_SEVERE_INJ,COUNT_VISIBLE_INJ,COUNT_COMPLAINT_PAIN,COUNT_PED_KILLED,COUNT_PED_INJURED,COUNT_BICYCLIST_KILLED,COUNT_BICYCLIST_INJURED,COUNT_MC_KILLED,COUNT_MC_INJURED,PRIMARY_RAMP,SECONDARY_RAMP,LATITUDE,LONGITUDE,COUNTY,CITY,POINT_X,POINT_Y
91628779,2021,2021-11-18,9456,2021-11-06,1928,020993,,6,2,9,2000,0,2,4,,1,053,SR-49,"LAURI LANE",660.00,N,N,A,-,Y,,,49,,,,,,,Y,3,0,1,1,A,-,01,23152,A,N,E,I,A,A,H,-,D,D,0,,,,,Y,Y,D,22,0,1,0,0,0,0,0,0,0,"- ","- ",37.349399566650391,-119.72126007080078,MADERA,UNINCORPORATED,-119.72122955322266,37.349464416503906
91628795,2021,2021-11-18,9450,2021-11-05,2135,021202,,5,2,9,2000,0,1,3,,1,041,"STATE ROUTE 145","STOREY ROAD",2112.00,E,N,A,-,Y,,,145,,,,,,,N,2,0,1,2,A,-,11,21956,,N,G,B,E,A,H,-,D,D,0,Y,,,,Y,,N,60,1,0,0,0,1,0,0,0,0,"- ","- ",36.977928161621094,-120.03540802001953,MADERA,UNINCORPORATED,-120.035400390625,36.977916717529297
91628824,2021,2021-11-18,9456,2021-11-09,1250,018970,,2,1,9,2000,0,3,5,,2,050,"COUNTY ROAD 426","CIVIC CIRCLE",640.00,S,N,C,-,N,,,,,,,,,,Y,4,0,3,2,A,-,08,22107,,N,A,C,A,B,H,-,A,D,0,,,,,Y,,A,01,0,0,3,0,0,0,0,0,0,"- ","- ",37.329761505126953,-119.65055847167969,MADERA,UNINCORPORATED,-119.65045166015625,37.329822540283203
9163007,2020,2020-11-19,2002,2020-09-12,1733,4620,,6,5,4,2002,0,0,0,,0,001,"CLINTON ST","LAKE ST",0.00,,Y,A,-,N,,,,,,,,,,Y,3,0,1,2,A,-,01,23152,A,N,D,C,A,A,H,-,A,D,0,,,,,Y,Y,A,01,0,1,0,0,0,0,0,0,0,"- ","- ",,,MADERA,MADERA,-120.05120849609375,36.962520599365234
9163008,2020,2020-11-19,2002,2020-09-13,1901,4224,,7,5,4,2002,0,0,0,,0,003,"3RD ST","MAINBERRY DR",50.00,W,N,A,-,N,,,,,,,,,,N,4,0,1,1,A,-,08,22107,,N,E,I,A,A,H,-,B,D,0,,,Y,,Y,,C,02,0,0,1,0,0,0,0,0,1,"- ","- ",,,MADERA,MADERA,-120.08861541748047,36.956169128417969
91630632,2021,2021-11-19,9456,2021-11-12,1813,020787,,5,2,9,2000,0,1,3,,1,052,SR-41,"SPRINGWOOD RD",15.00,N,N,A,-,Y,,,41,,,,,,,Y,4,0,1,2,A,-,03,22350,,N,C,C,A,A,H,-,D,D,0,,,,,Y,,D,22,0,0,1,0,0,0,0,0,0,"- ","- ",37.373611450195312,-119.62831878662109,MADERA,UNINCORPORATED,-119.6282958984375,37.373584747314453
91630788,2021,2021-11-19,9450,2021-11-07,1835,018612,,7,2,9,2000,0,3,5,,2,010,"AVENUE 18 1/2","COUNTY ROAD 22",2112.00,W,N,A,-,N,,,,,,,,,,Y,4,0,1,2,A,-,01,23152,F,N,B,C,A,A,H,-,D,D,0,,,,,Y,,D,22,0,0,1,0,0,0,0,0,0,"- ","- ",37.01837158203125,-120.15442657470703,MADERA,UNINCORPORATED,-120.15425109863281,37.01824951171875
91632007,2021,2021-11-22,9450,2021-11-19,1620,020759,,5,2,9,2000,0,2,4,,2,045,"AVENUE 12",SR-41,0.00,,Y,A,-,Y,,,41,,,,,,,N,4,0,1,2,A,-,03,22350,,N,C,C,A,A,H,-,A,A,0,,,,,Y,,D,22,0,0,1,0,0,0,0,0,0,"- ","- ",36.923198699951172,-119.79421234130859,MADERA,UNINCORPORATED,-119.79399871826172,36.923202514648438
91632157,2021,2021-11-23,9450,2021-11-17,2019,021270,,3,2,9,2000,0,3,5,,2,040,"AVENUE 9","COUNTY ROAD 39",2112.00,W,N,A,-,N,,,,,,,,,,Y,2,0,2,3,A,-,03,22350,,N,C,C,A,A,G,-,D,D,0,,,,,Y,,D,22,1,0,1,0,0,0,0,0,0,"- ","- ",36.880538940429688,-119.84529113769531,MADERA,UNINCORPORATED,-119.84635925292969,36.88043212890625
91632977,2021,2021-11-23,9450,2021-11-21,0110,020253,,7,3,9,2000,0,3,5,,2,040,"BUSINESS STATE ROUTE 41","ROOT CREEK PKWY.",500.00,S,N,B,-,Y,,,41,,,,,,,Y,4,0,1,1,A,-,01,23152,A,N,E,I,A,A,H,-,D,D,0,,,,,Y,Y,A,01,0,0,1,0,0,0,0,0,0,"- ","- ",36.916221618652344,-119.79402923583984,MADERA,UNINCORPORATED,-119.79328918457031,36.916362762451172
91633106,2021,2021-11-23,9450,2021-11-20,1620,021188,,6,2,9,2000,0,3,5,,2,030,"AVENUE 11","COUNTY ROAD 28",0.00,,Y,A,-,N,,,,,,,,,,N,3,0,1,2,A,-,09,21802,A,N,E,I,A,A,H,-,A,A,0,,,,,Y,,D,22,0,1,0,0,0,0,0,0,0,"- ","- ",36.909450531005859,-120.03768157958984,MADERA,UNINCORPORATED,-120.03754425048828,36.909358978271484
91634019,2021,2021-11-24,9450,2021-11-18,1700,021188,,4,2,9,2000,0,1,3,,2,012,"SR-99 S/B (GOLDEN STATE HIGHWAY)","SR-99 N/B TO SR-152",150.00,S,N,A,-,Y,,,99,,,,,,S,N,3,0,1,1,A,-,08,22107,,N,F,A,A,A,H,-,D,D,0,,,,,Y,,A,01,0,1,0,0,0,0,0,0,0,"- ","- ",37.084079742431641,-120.20984649658203,MADERA,UNINCORPORATED,-120.20981597900391,37.084133148193359
91634269,2021,2021-11-24,9456,2021-11-13,0130,020993,,6,3,9,2000,0,1,3,,1,052,SR-41,"COUNTY ROAD 222",950.00,S,N,B,-,Y,,,41,,,,,,,Y,2,0,2,1,A,-,01,23152,A,N,E,8,A,A,H,-,D,D,0,,,,,Y,Y,A,07,2,0,0,0,0,0,0,0,0,"- ","- ",37.365310668945312,-119.63060760498047,MADERA,UNINCORPORATED,-119.63063812255859,37.365318298339844
91634336,2021,2021-11-24,9450,2021-11-23,1430,018551,,2,2,9,2000,0,1,3,,2,031,"SR-99 S/B","AVENUE 12",900.00,S,N,A,-,Y,,,99,,,,,,S,N,4,0,3,3,A,-,03,22350,,N,C,C,A,A,H,-,A,D,0,,,,,Y,,D,22,0,0,3,0,0,0,0,0,0,"- ","- ",36.921680450439453,-120.01950836181641,MADERA,UNINCORPORATED,-120.01954650878906,36.921627044677734
91634373,2021,2021-11-24,9456,2021-11-16,1005,019856,,2,1,9,2000,0,1,3,,1,051,"STATE ROUTE 41","HUMMINGBIRD WAY",1056.00,N,N,A,-,Y,,,41,,,,,,,Y,4,0,2,2,A,-,08,22107,,N,E,8,A,A,H,-,A,B,0,,,,,Y,,A,01,0,0,2,0,0,0,0,0,0,"- ","- ",37.265609741210938,-119.67636871337891,MADERA,UNINCORPORATED,-119.67616271972656,37.265384674072266
91634445,2021,2021-11-24,9456,2021-11-17,1040,018970,,3,1,9,2000,0,2,S,,2,057,"ROAD 223","TIMBERVIEW ROAD",0.00,,Y,A,-,N,,,,,,,,,,Y,3,0,2,2,A,-,09,21802,A,N,D,C,A,A,H,-,A,A,0,,,,,Y,,A,07,0,1,1,0,0,0,0,0,0,"- ","- ",37.267601013183594,-119.57421112060547,MADERA,UNINCORPORATED,-119.57418060302734,37.267597198486328
91634654,2021,2021-11-24,9456,2021-11-16,2250,020787,,2,3,9,2000,0,1,3,,1,051,SR-41,"COUNTY ROAD 416",450.00,N,N,B,-,Y,,,41,,,,,,,Y,4,0,1,2,A,-,03,22350,,N,C,C,A,A,H,-,D,D,0,,,,,Y,,A,01,0,0,1,0,0,0,0,0,0,"- ","- ",37.203060150146484,-119.72197723388672,MADERA,UNINCORPORATED,-119.72196197509766,37.203041076660156
91636641,2021,2021-11-29,9450,2021-11-23,1642,021188,,2,2,9,2000,0,1,3,,2,011,"SR-99 S/B (GOLDEN STATE HIGHWAY)","AVENUE 18 1/2",2112.00,N,N,A,-,Y,,,99,,,,,,S,Y,3,0,1,2,A,-,03,22350,,N,C,C,A,A,H,-,B,D,0,,,,,Y,,D,22,0,1,0,0,0,0,0,0,0,"- ","- ",37.023250579833984,-120.13395690917969,MADERA,UNINCORPORATED,-120.13396453857422,37.023242950439453
91636757,2021,2021-11-29,9450,2021-11-25,2310,021202,,4,3,9,2000,0,3,5,,2,040,"AVENUE 9","COUNTY ROAD 38",1340.00,E,N,A,-,N,,,,,,,,,,Y,4,0,1,1,A,-,08,22107,,N,E,I,A,D,H,-,D,D,0,,,,,Y,,A,01,0,0,1,0,0,0,0,0,0,"- ","- ",36.880508422851562,-119.85250854492188,MADERA,UNINCORPORATED,-119.85260772705078,36.88043212890625
91638106,2021,2021-11-30,9450,2021-11-18,2048,021188,,4,2,9,2000,0,1,3,,2,011,"SR-99 SOUTHBOUND","AVENUE 21 1/2",4752.00,S,N,A,-,Y,,,99,,,,,,S,Y,3,0,1,2,A,-,08,22107,,N,B,C,A,A,H,-,D,D,0,,,,,Y,,D,22,0,1,0,0,0,0,0,0,0,"- ","- ",37.055999755859375,-120.17389678955078,MADERA,UNINCORPORATED,-120.17392730712891,37.05596923828125
91638588,2021,2021-11-30,9450,2021-11-23,1540,020759,,2,2,9,2000,0,3,5,,2,040,"RIVERWALK BOULEVARD","MARKET AVENUE",0.00,,Y,A,-,N,,,,,,,,,,Y,4,0,1,2,A,-,09,21802,A,N,D,C,A,A,H,-,A,D,0,,,,,Y,,A,01,0,0,1,0,0,0,0,0,0,"- ","- ",36.920490264892578,-119.79871368408203,MADERA,UNINCORPORATED,-119.798806,36.920520000000003
9163904,2020,2020-11-24,2002,2020-09-18,1915,3277,,5,5,4,2002,0,0,0,,0,004,"MADERA AV S","PECAN AV W",150.00,S,N,A,-,Y,MAD,6,145,-,-,8.020,H,-,S,Y,3,0,1,2,A,-,05,21651,,N,D,C,A,A,H,-,C,A,0,,,,,Y,,A,01,0,1,0,0,0,0,0,0,0,"- ","- ",,,MADERA,MADERA,-120.0560302734375,36.937767028808594
91639676,2021,2021-12-01,9450,2021-11-23,2215,019604,,2,3,9,2000,0,1,3,,2,012,"STATE ROUTE 99","AVENUE 20 1/2",1000.00,S,N,A,-,Y,,,99,,,,,,,N,4,0,4,3,A,-,03,22350,,N,C,C,A,A,H,-,D,D,0,,,,,Y,,A,01,0,0,4,0,0,0,0,0,0,"- ","- ",37.038860321044922,-120.15396881103516,MADERA,UNINCORPORATED,-120.15393829345703,37.038909912109375
91640041,2021,2021-12-01,9450,2021-11-29,1725,021202,,1,2,9,2000,0,1,3,,2,031,"STATE ROUTE 99, N/B","AVENUE 8",455.00,S,N,A,-,Y,,,99,,,,,,N,Y,4,0,2,2,A,-,08,22107,,N,B,C,A,A,H,-,D,D,0,,,,Y,Y,,G,27,0,0,2,0,0,0,0,0,0,"- ","- ",36.864768981933594,-119.95964050292969,MADERA,UNINCORPORATED,-119.95960235595703,36.86480712890625
91640126,2021,2021-12-01,9450,2021-11-29,1600,021202,,1,2,4,2002,0,1,3,,2,031,"STATE ROUTE 99, S/B","OLIVE AVENUE",270.00,N,N,A,-,Y,,,99,,,,,,S,N,4,0,1,3,A,-,03,22350,,N,C,C,A,A,H,-,A,D,0,,,,,Y,,D,22,0,0,1,0,0,0,0,0,0,"- ","- ",36.953601837158203,-120.05716705322266,MADERA,MADERA,-120.05694580078125,36.953868865966797
91640712,2021,2021-12-02,9456,2021-11-22,0810,019856,,1,1,9,2000,0,1,3,,2,055,"STATE ROUTE 41","SERPA CANYON ROAD",1040.00,N,N,A,-,Y,,,41,,,,,,,N,4,0,1,2,A,-,09,21804,A,N,B,C,A,A,H,-,A,D,0,,,,,Y,,D,22,0,0,1,0,0,0,0,0,0,"- ","- ",37.28192138671875,-119.66468811035156,MADERA,UNINCORPORATED,-119.66469573974609,37.281890869140625
91641211,2021,2021-12-02,9450,2021-11-23,0650,017032,,2,1,9,2000,0,2,4,,2,045,"COUNTY ROAD 40","AVENUE 12",0.00,,Y,E,-,N,,,,,,,,,,Y,4,0,2,2,A,-,12,22450,A,N,D,C,A,B,H,-,A,A,0,,,,,Y,,D,22,0,0,2,0,0,0,0,0,0,"- ","- ",36.923130035400391,-119.82103729248047,MADERA,UNINCORPORATED,-119.82106018066406,36.923137664794922
91641231,2021,2021-12-02,9450,2021-11-23,1810,020759,,2,2,9,2000,0,1,3,,1,042,SR-41,"AVENUE 15",0.00,,Y,A,-,Y,,,41,,,,,,,Y,3,0,1,2,A,-,09,21453,C,N,A,C,A,A,H,-,C,A,0,,,,,Y,,D,22,0,1,0,0,0,0,0,0,0,"- ","- ",36.966949462890625,-119.79389953613281,MADERA,UNINCORPORATED,-119.79395294189453,36.966949462890625
91644039,2021,2021-12-06,9450,2021-11-08,0045,017165,,1,3,9,2000,0,1,3,,1,041,"STATE ROUTE 145","COUNTY ROAD 37",0.00,,Y,A,-,Y,,,145,,,,,,,Y,4,0,1,2,A,-,05,21752,D,N,D,C,A,A,H,-,D,D,0,,,,,Y,,A,07,0,0,1,0,0,0,0,0,0,"- ","- ",37.010311126708984,-119.87560272216797,MADERA,UNINCORPORATED,-119.87560272216797,37.01031494140625
91644188,2021,2021-12-06,9450,2021-12-04,0815,016950,,6,1,9,2000,0,3,5,,2,010,"AVENUE 18 1/2","COUNTY ROAD 19",0.00,,Y,E,-,N,,,,,,,,,,Y,2,0,2,2,A,-,01,23152,A,N,D,C,A,B,H,-,A,A,0,,,,Y,Y,Y,A,01,2,0,0,0,0,0,0,0,0,"- ","- ",37.01837158203125,-120.20237731933594,MADERA,UNINCORPORATED,-120.20234680175781,37.018360137939453
91644234,2021,2021-12-06,9456,2021-11-24,1415,020787,,3,2,9,2000,0,1,3,,1,051,SR-41,"COUNTY ROAD 207",400.00,S,N,A,-,Y,,,41,,,,,,,Y,4,0,1,2,A,-,03,22350,,N,C,C,A,A,H,-,A,D,0,,,,,Y,,A,01,0,0,1,0,0,0,0,0,0,"- ","- ",37.147930145263672,-119.73207092285156,MADERA,UNINCORPORATED,-119.73207092285156,37.147930145263672
91645101,2021,2021-12-07,9450,2021-05-05,1411,018075,,3,2,9,2000,0,3,5,,2,040,"AVENUE 15","COUNTY ROAD 37",4805.00,E,N,A,-,N,,,,,,,,,,Y,1,2,0,3,A,-,08,22107,,N,B,C,A,A,H,-,A,D,0,,,,,Y,,A,01,0,0,0,0,0,0,0,0,0,"- ","- ",36.966598510742188,-119.85923767089844,MADERA,UNINCORPORATED,-119.85938262939453,36.966651916503906
91645133,2021,2021-12-07,9450,2021-06-10,0500,020253,,4,3,9,2000,0,3,5,,2,030,"AVENUE 7","COUNTY ROAD 21",0.00,,Y,A,-,N,,,,,,,,,,Y,1,1,2,2,A,-,05,21752,D,N,D,C,A,A,H,-,B,A,0,,,,,Y,,A,01,2,0,0,0,0,0,0,0,0,"- ","- ",36.851200103759766,-120.1646728515625,MADERA,UNINCORPORATED,-120.16465759277344,36.851230621337891
91646406,2021,2021-12-08,9456,2021-11-27,1330,019856,,6,1,9,2000,0,2,4,,1,053,"COUNTY ROAD 200","QUAIL ROAD",20.00,W,N,A,-,N,,,,,,,,,,N,4,0,1,2,A,-,03,22350,,N,C,C,A,A,H,-,A,D,0,,,,,Y,,D,22,0,0,1,0,0,0,0,0,0,"- ","- ",37.205741882324219,-119.57135009765625,MADERA,UNINCORPORATED,-119.57142639160156,37.205795288085938
91646449,2021,2021-12-08,9456,2021-11-27,1956,020944,,6,2,4,2002,0,1,3,,1,052,SR-41,"EMPTY CREEK ROAD",700.00,N,N,A,-,Y,,,,,,,,,,N,3,0,3,2,A,-,01,23152,A,N,C,C,A,A,H,-,D,D,0,,,,,Y,Y,D,22,0,3,0,0,0,0,0,0,0,"- ","- ",37.361259460449219,-119.64378356933594,MADERA,MADERA,-119.64353179931641,37.361434936523438
91646928,2021,2021-12-08,9450,2021-12-01,1115,020406,,3,1,9,2000,0,1,3,,2,031,"SR-99 SOUTHBOUND","AVENUE 11",2640.00,S,N,A,-,Y,,,99,,,,,,S,N,4,0,1,2,A,-,03,22350,,N,C,2,A,A,H,-,A,D,0,,,,,Y,,A,01,0,0,1,0,0,0,0,0,0,"- ","- ",36.899600982666016,-119.99629974365234,MADERA,UNINCORPORATED,-119.99617004394531,36.899738311767578
91646936,2021,2021-12-08,9450,2021-12-01,2030,021188,,3,2,9,2000,0,1,3,,2,012,"SR-99 N/B (GOLDEN STATE HIGHWAY)","SR-99 N/B TO SR-152 W/B",0.00,,Y,A,-,Y,,,99,,,,,,N,Y,3,0,1,1,A,-,08,22107,,N,E,I,A,A,H,-,C,D,0,,,,,Y,,A,01,0,1,0,0,0,0,0,0,0,"- ","- ",37.084228515625,-120.2091064453125,MADERA,UNINCORPORATED,-120.20900726318359,37.084373474121094
91650347,2021,2021-12-13,9450,2021-12-02,0445,019385,,4,3,9,2000,0,1,3,,1,013,"STATE ROUTE 152 WESTBOUND","COUNTY ROAD 4",1584.00,W,N,E,-,Y,,,152,,,,,,W,Y,4,0,1,6,A,-,08,22107,,N,E,I,A,B,H,-,D,D,0,,,,,Y,,A,01,0,0,1,0,0,0,0,0,0,"- ","- ",37.083698272705078,-120.48107147216797,MADERA,UNINCORPORATED,-120.48107147216797,37.083683013916016
91650477,2021,2021-12-13,9450,2021-12-03,0915,019665,,5,1,9,2000,0,1,3,,1,013,SR-152,"COUNTY ROAD 10",1300.00,W,N,E,-,Y,,,152,,,,,,,Y,4,0,2,3,A,-,03,22350,,N,C,C,A,A,G,-,A,D,0,,,,Y,Y,,F,26,0,0,2,0,0,0,0,0,0,"- ","- ",37.083461761474609,-120.36962127685547,MADERA,UNINCORPORATED,-120.36962127685547,37.083461761474609
91650644,2021,2021-12-13,9450,2021-12-03,0930,019975,,5,1,9,2000,0,1,3,,1,013,"SR-152 W/B","COUNTY ROAD 11",3696.00,W,N,E,-,Y,,,152,,,,,,W,Y,3,0,4,4,A,-,03,22350,,N,C,C,A,B,G,-,A,D,0,,,,Y,Y,,A,08,0,4,0,0,0,0,0,0,0,"- ","- ",37.083431243896484,-120.35980224609375,MADERA,UNINCORPORATED,-120.35980224609375,37.083457946777344
91650852,2021,2021-12-13,9450,2021-12-03,0949,018075,,5,1,3,2001,0,3,5,,2,010,"STATE ROUTE 233","AVENUE 20",421.00,N,N,E,-,Y,,,,,,,,,,Y,4,0,1,2,A,-,09,21804,A,N,D,C,A,A,H,-,A,D,0,,,,,Y,,D,22,0,0,1,0,0,0,0,0,0,"- ","- ",37.042949676513672,-120.33197021484375,MADERA,CHOWCHILLA,,
91651754,2021,2021-12-14,9450,2021-12-03,0958,021188,,5,1,9,2000,0,1,3,,1,013,"SR-152 W/B","COUNTY ROAD 11",500.00,W,N,E,-,Y,,,152,,,,,,W,Y,3,0,1,3,A,-,03,22350,,N,C,C,A,B,H,-,A,D,0,,,,Y,Y,,G,25,0,1,0,0,0,0,0,0,0,"- ","- ",37.083530426025391,-120.34864807128906,MADERA,UNINCORPORATED,-120.34864807128906,37.083461761474609
91652091,2021,2021-12-30,9456,2021-12-10,1748,018923,,5,2,9,2000,0,1,S,,2,001,"STATE HIGHWAY 41","HARMONY LANE",1584.00,S,N,A,-,Y,,,,,,,,,,Y,2,0,1,1,A,-,08,22107,,N,E,I,A,A,H,-,D,D,0,,,,,Y,,D,22,1,0,0,0,0,0,0,0,0,"- ","- ",37.341129302978516,-119.69245147705078,MADERA,UNINCORPORATED,,
91652109,2021,2021-12-14,9450,2021-12-03,1000,021188,,5,1,9,2000,0,1,3,,1,013,"SR-152 W/B","COUNTY ROAD 11",400.00,W,N,E,-,Y,,,152,,,,,,W,Y,3,0,1,6,A,-,03,22350,,N,C,C,A,B,H,-,A,D,0,,,,Y,Y,,F,26,0,1,0,0,0,0,0,0,0,"- ","- ",37.083499908447266,-120.34837341308594,MADERA,UNINCORPORATED,-120.34837341308594,37.083465576171875
91652172,2021,2021-12-14,9450,2021-12-03,0906,018928,,5,1,9,2000,0,1,3,,1,013,"STATE ROUTE 152 E/B","COUNTY ROAD 4",0.00,,Y,E,-,Y,,,152,,,,,,E,Y,3,0,2,2,A,-,09,21802,A,N,D,C,A,A,H,-,A,D,0,,,,Y,Y,,A,01,0,2,0,0,0,0,0,0,0,"- ","- ",37.083549499511719,-120.47341918945312,MADERA,UNINCORPORATED,-120.47341918945312,37.083530426025391
9165266,2020,2020-10-13,2002,2020-09-22,2102,4466,,2,5,4,2002,0,0,0,,0,004,"MADERA AV S","10TH ST W",97.00,N,N,A,-,N,,,,,,,,,,Y,3,0,3,3,A,-,01,23152,,N,C,C,A,A,H,-,C,A,0,,,,,Y,Y,A,01,0,1,2,0,0,0,0,0,0,"- ","- ",,,MADERA,MADERA,-120.05605316162109,36.956066131591797
91653871,2021,2021-12-16,9450,2021-12-05,0615,017032,,7,1,9,2000,0,3,5,,2,030,"COUNTY ROAD 16","AVENUE 14",0.00,,Y,B,-,N,,,,,,,,,,Y,3,0,2,2,A,-,01,23152,A,N,D,C,A,B,H,-,D,A,0,,,,,Y,Y,A,01,0,2,0,0,0,0,0,0,0,"- ","- ",36.952838897705078,-120.25608062744141,MADERA,UNINCORPORATED,-120.256103515625,36.952812194824219
91653938,2021,2021-12-16,9450,2021-12-04,1535,018612,,6,2,9,2000,0,3,5,,2,020,"FAIRMEAD BLVD.","AVENUE 24",0.00,,Y,A,-,N,,,,,,,,,,Y,4,0,1,2,A,-,01,23152,A,N,D,C,A,A,H,-,A,A,0,,,,,Y,Y,D,22,0,0,1,0,0,0,0,0,0,"- ","- ",37.098239898681641,-120.21508026123047,MADERA,UNINCORPORATED,-120.21512603759766,37.098262786865234
91653968,2021,2021-12-16,9450,2021-12-04,1545,020406,,6,2,9,2000,0,3,5,,2,040,"SR-41 SOUTHBOUND","AVENUE 12",1320.00,N,N,A,-,Y,,,41,,,,,,S,Y,3,0,1,3,A,-,03,22350,,N,C,C,A,A,H,-,A,D,0,,,,,Y,,D,22,0,1,0,0,0,0,0,0,0,"- ","- ",36.92578125,-119.79399108886719,MADERA,UNINCORPORATED,-119.79396820068359,36.92578125
91653986,2021,2021-12-16,9450,2021-12-04,1835,020406,,6,2,9,2000,0,1,3,,2,031,"SR-99 NORTHBOUND","AVENUE 12",500.00,S,N,A,-,Y,,,99,,,,,,N,Y,3,0,1,2,A,-,08,22107,,N,E,I,A,A,H,-,D,D,0,,,,,Y,,A,01,0,1,0,0,0,0,0,0,0,"- ","- ",36.920509338378906,-120.01737976074219,MADERA,UNINCORPORATED,-120.0174560546875,36.920413970947266
91654142,2021,2021-12-16,9456,2021-12-12,2150,021285,,7,2,9,2000,0,2,4,,1,054,"COUNTY ROAD 274","ROAD 331",3696.00,E,N,B,-,N,,,,,,,,,,Y,3,0,1,1,A,-,01,23152,A,N,E,I,A,A,H,-,D,D,0,,,,,Y,Y,A,01,0,1,0,0,0,0,0,0,0,"- ","- ",37.331771850585938,-119.57009124755859,MADERA,UNINCORPORATED,-119.56988525390625,37.332332611083984
9165444,2020,2020-11-24,2002,2020-10-03,1241,4562,MADER,6,5,4,2002,0,0,0,,0,004,"RT 145","LEWIS ST E",0.00,,Y,A,-,Y,MAD,6,145,-,-,8.990,I,5,N,Y,4,0,1,2,A,-,09,21801,,N,D,C,A,A,H,-,A,D,0,,,,,Y,,A,07,0,0,1,0,0,0,0,0,0,"- ","- ",,,MADERA,MADERA,-120.05606842041016,36.951698303222656
91655329,2021,2021-12-17,9450,2021-12-07,1705,018551,,2,2,9,2000,0,2,4,,2,045,"AVENUE 12","COUNTY ROAD 35",0.00,,Y,A,-,N,,,,,,,,,,N,4,0,2,2,A,-,09,21801,B,N,D,C,A,A,H,-,B,D,0,,,,,Y,,D,22,0,0,2,0,0,0,0,0,0,"- ","- ",36.923049926757812,-119.91208648681641,MADERA,UNINCORPORATED,-119.91240692138672,36.923023223876953
91655375,2021,2021-12-17,9450,2021-12-09,0735,017032,,4,1,9,2000,0,1,3,,1,042,"STATE ROUTE 41 S/B",SR-41,100.00,S,N,C,-,Y,,,41,,,,,,S,Y,4,0,1,2,A,-,08,22107,,N,D,C,A,B,H,-,A,A,0,,,,,Y,,A,07,0,0,1,0,0,0,0,0,0,"- ","- ",36.922920227050781,-119.79395294189453,MADERA,UNINCORPORATED,-119.79399108886719,36.922920227050781
91656095,2021,2021-12-20,9450,2021-04-22,1920,017032,,4,2,9,2000,0,3,5,,2,040,"AVENUE 9","COUNTY ROAD 38",1460.00,W,N,A,-,N,,,,,,,,,,Y,1,1,1,2,A,-,01,23152,F,N,A,C,A,A,H,-,A,D,0,,,,,Y,,A,01,1,0,0,0,0,0,0,0,0,"- ","- ",36.880420684814453,-119.86225128173828,MADERA,UNINCORPORATED,-119.86217498779297,36.880409240722656
91656374,2021,2021-12-20,9450,2021-12-09,1020,019105,,4,1,9,2000,0,3,5,,2,040,"N/B SR-41 TO W/B CHILDREN'S BLVD",SR-41,206.00,E,N,C,-,N,,,41,,,,R,,,Y,4,0,1,1,A,-,08,22107,,N,E,I,A,B,H,-,A,D,0,,,,,Y,,A,01,0,0,1,0,0,0,0,0,0,"- ","- ",36.896980285644531,-119.79167175292969,MADERA,UNINCORPORATED,-119.79167175292969,36.896980285644531
91656407,2021,2021-12-20,9450,2021-12-10,0530,021270,,5,3,9,2000,0,3,5,,2,030,"COUNTY ROAD 25","AVENUE 12 1/2",1162.00,N,N,A,-,N,,,,,,,,,,Y,3,0,1,2,A,-,03,22350,,N,C,C,A,A,H,-,B,D,0,,,,,Y,,A,07,0,1,0,0,0,0,0,0,0,"- ","- ",36.934131622314453,-120.0921630859375,MADERA,UNINCORPORATED,-120.09217834472656,36.934288024902344