CASE_ID,ACCIDENT_YEAR,PROC_DATE,JURIS,COLLISION_DATE,COLLISION_TIME,OFFICER_ID,REPORTING_DISTRICT,DAY_OF_WEEK,CHP_SHIFT,POPULATION,CNTY_CITY_LOC,SPECIAL_COND,BEAT_TYPE,CHP_BEAT_TYPE,CITY_DIVISION_LAPD,CHP_BEAT_CLASS,BEAT_NUMBER,PRIMARY_RD,SECONDARY_RD,DISTANCE,DIRECTION,INTERSECTION,WEATHER_1,WEATHER_2,STATE_HWY_IND,CALTRANS_COUNTY,CALTRANS_DISTRICT,STATE_ROUTE,ROUTE_SUFFIX,POSTMILE_PREFIX,POSTMILE,LOCATION_TYPE,RAMP_INTERSECTION,SIDE_OF_HWY,TOW_AWAY,COLLISION_SEVERITY,NUMBER_KILLED,NUMBER_INJURED,PARTY_COUNT,PRIMARY_COLL_FACTOR,PCF_CODE_OF_VIOL,PCF_VIOL_CATEGORY,PCF_VIOLATION,PCF_VIOL_SUBSECTION,HIT_AND_RUN,TYPE_OF_COLLISION,MVIW,PED_ACTION,ROAD_SURFACE,ROAD_COND_1,ROAD_COND_2,LIGHTING,CONTROL_DEVICE,CHP_ROAD_TYPE,PEDESTRIAN_ACCIDENT,BICYCLE_ACCIDENT,MOTORCYCLE_ACCIDENT,TRUCK_ACCIDENT,NOT_PRIVATE_PROPERTY,ALCOHOL_INVOLVED,STWD_VEHTYPE_AT_FAULT,CHP_VEHTYPE_AT_FAULT,COUNT_SEVERE_INJ,COUNT_VISIBLE_INJ,COUNT_COMPLAINT_PAIN,COUNT_PED_KILLED,COUNT_PED_INJURED,COUNT_BICYCLIST_KILLED,COUNT_BICYCLIST_INJURED,COUNT_MC_KILLED,COUNT_MC_INJURED,PRIMARY_RAMP,SECONDARY_RAMP,LATITUDE,LONGITUDE,COUNTY,CITY,POINT_X,POINT_Y
91656472,2021,2021-12-20,9450,2021-12-12,1605,021188,,7,2,9,2000,0,3,5,,2,010,"AVENUE 18 1/2","COUNTY ROAD 18 1/2",1056.00,W,N,A,-,N,,,,,,,,,,Y,3,0,1,1,A,-,08,22107,,N,F,A,A,A,H,-,A,D,0,,,,,Y,,A,01,0,1,0,0,0,0,0,0,0,"- ","- ",37.018421173095703,-120.18845367431641,MADERA,UNINCORPORATED,-120.2149658203125,37.018375396728516
91656675,2021,2021-12-20,9450,2021-12-11,1756,018612,,6,2,9,2000,0,1,3,,2,031,"SR-99 SOUTHBOUND","AVENUE 9",4752.00,S,N,A,-,Y,,,99,,,,,,S,Y,4,0,1,1,C,-,18,,,N,E,8,A,A,H,-,D,D,0,,,,,Y,,-,"- ",0,0,1,0,0,0,0,0,0,"- ","- ",36.870090484619141,-119.96562957763672,MADERA,UNINCORPORATED,-119.96552276611328,36.870201110839844
91656720,2021,2021-12-20,9450,2021-12-13,0750,017032,,1,1,9,2000,0,2,4,,2,045,"AVENUE 12","COUNTY ROAD 35",0.00,,Y,C,-,N,,,,,,,,,,Y,4,0,1,2,A,-,06,21755,A,N,D,C,A,B,H,-,A,A,0,,,,,Y,,A,07,0,0,1,0,0,0,0,0,0,"- ","- ",36.923091888427734,-119.91239929199219,MADERA,UNINCORPORATED,-119.91240692138672,36.923023223876953
91656857,2021,2021-12-20,9450,2021-12-13,1350,018551,,1,1,9,2000,0,1,3,,1,037,SR-145,"AVENUE 11",0.00,,Y,B,-,Y,,,145,,,,,,,N,4,0,2,2,A,-,09,21802,A,N,D,C,A,A,H,-,A,A,0,,,,,Y,,D,22,0,0,2,0,0,0,0,0,0,"- ","- ",36.909351348876953,-120.05625152587891,MADERA,UNINCORPORATED,-120.05606079101562,36.909351348876953
9165736,2020,2020-11-24,2002,2020-10-07,1135,4560,MADER,3,5,4,2002,0,0,0,,0,004,"RT 145","PECAN AV E",96.00,S,N,A,-,Y,MAD,6,145,-,-,8.030,H,-,N,Y,4,0,1,2,A,-,01,23152,,N,D,C,A,A,H,-,A,A,0,,,,,Y,,A,01,0,0,1,0,0,0,0,0,0,"- ","- ",,,MADERA,MADERA,-120.05602264404297,36.937911987304688
91658694,2021,2021-12-22,9456,2021-12-14,0715,018970,,2,1,9,2000,0,1,3,,1,051,SR-41,"HOLLY LANE",550.00,N,N,D,-,Y,,,41,,,,,,,Y,4,0,1,2,A,-,09,21801,A,N,D,C,A,C,H,-,B,D,0,,,,,Y,,A,07,0,0,1,0,0,0,0,0,0,"- ","- ",37.283908843994141,-119.65843200683594,MADERA,UNINCORPORATED,-119.65841674804688,37.283897399902344
91658893,2021,2021-12-22,9450,2021-12-14,1440,020759,,2,2,9,2000,0,3,5,,2,040,"COUNTY ROAD 36 1/2","MARCIEL AVENUE",0.00,,Y,C,-,N,,,,,,,,,,Y,3,0,2,2,A,-,09,21804,A,N,D,C,A,B,H,-,A,A,0,,,,,Y,,A,07,0,1,1,0,0,0,0,0,0,"- ","- ",36.932968139648438,-119.88513946533203,MADERA,UNINCORPORATED,-119.88508605957031,36.932975769042969
91659233,2021,2021-12-22,9450,2021-12-21,1752,018612,,2,2,9,2000,0,1,3,,1,042,SR-41,"AVENUE 12",1320.00,N,N,A,-,Y,,,41,,,,,,,Y,3,0,2,3,A,-,03,22350,,N,C,C,A,A,H,-,D,D,0,,,,,Y,,A,01,0,2,0,0,0,0,0,0,0,"- ","- ",36.927169799804688,-119.79405212402344,MADERA,UNINCORPORATED,-119.79396057128906,36.927169799804688
9165985,2020,2020-11-10,2002,2020-09-12,1341,4620,,6,5,4,2002,0,0,0,,0,002,"RAYMOND RD","ECHO ST",15.00,N,N,A,-,N,,,,,,,,,,Y,4,0,1,3,A,-,03,22350,,N,C,C,A,A,H,-,A,D,0,,,,,Y,,A,01,0,0,1,0,0,0,0,0,0,"- ","- ",,,MADERA,MADERA,-120.04042053222656,36.980094909667969
91660537,2021,2021-12-23,9450,2021-12-15,1430,018612,,3,2,9,2000,0,3,5,,2,010,"AVENUE 18","COUNTY ROAD 23",1584.00,W,N,A,-,N,,,,,,,,,,Y,2,0,1,1,A,-,01,23152,A,N,E,I,A,A,H,-,A,D,0,,,,,Y,Y,A,01,1,0,0,0,0,0,0,0,0,"- ","- ",37.011020660400391,-120.13446807861328,MADERA,UNINCORPORATED,-120.13416290283203,37.010978698730469
91660573,2021,2021-12-23,9450,2021-12-21,1650,018551,,2,2,9,2000,0,1,3,,2,031,"SR-99 N/B","AVENUE 7",4224.00,S,N,A,-,Y,,,99,,,,,,N,N,4,0,2,2,A,-,08,22107,,N,E,I,A,A,H,-,A,D,0,,,,,Y,,A,07,0,0,2,0,0,0,0,0,0,"- ","- ",36.843379974365234,-119.9332275390625,MADERA,UNINCORPORATED,-119.93319702148438,36.84344482421875
91662206,2021,2021-12-27,9450,2021-08-05,2035,021202,,4,2,9,2000,0,1,3,,1,037,"STATE ROUTE 145","AVENUE 6",0.00,,Y,A,-,Y,,,145,,,,,,,Y,1,1,2,2,A,-,12,22450,A,N,D,C,A,A,H,-,C,A,0,,,,Y,Y,,A,08,1,0,1,0,0,0,0,0,0,"- ","- ",36.836780548095703,-120.05590057373047,MADERA,UNINCORPORATED,-120.05584716796875,36.836769104003906
91663392,2021,2021-12-28,9450,2021-12-15,1049,019105,,3,1,9,2000,0,3,5,,2,030,"AVENUE 7","COUNTY ROAD 16",7392.00,E,N,A,-,N,,,,,,,,,,Y,2,0,2,2,A,-,09,21801,A,N,D,C,A,A,H,-,A,D,0,,,,,Y,,A,01,1,0,1,0,0,0,0,0,0,"- ","- ",36.851009368896484,-120.23069763183594,MADERA,UNINCORPORATED,-120.23032379150391,36.850990295410156
91663507,2021,2021-12-28,9450,2021-08-10,1718,021188,,2,2,4,2002,0,1,3,,2,011,"SR-99 S/B (GOLDEN STATE HIGHWAY)","CLEVELAND AVENUE",140.00,N,N,A,-,Y,,,99,,,,,,S,Y,1,1,0,2,A,-,01,23152,F,N,C,C,A,A,D,-,A,D,0,,,,Y,Y,,A,07,0,0,0,0,0,0,0,0,0,"- ","- ",36.975128173828125,-120.07714080810547,MADERA,MADERA,-120.07713317871094,36.975139617919922
91663711,2021,2021-12-28,9456,2021-12-15,1417,020944,,3,2,9,2000,0,1,3,,1,051,"COUNTY ROAD 416","COUNTY ROAD 207",520.00,S,N,A,-,Y,,,,,,,,,,Y,3,0,1,2,A,-,08,22107,,M,A,C,A,A,H,-,A,B,0,,,,,Y,,A,01,0,1,0,0,0,0,0,0,0,"- ","- ",37.148101806640625,-119.73206329345703,MADERA,UNINCORPORATED,,
91663934,2021,2021-12-28,9456,2021-12-07,2045,020944,,2,2,4,2002,0,3,5,,2,050,"COUNTY ROAD 416","COUNTY ROAD 415",0.00,,Y,A,-,N,,,,,,,,,,Y,2,0,1,1,A,-,12,22450,A,M,E,I,A,A,H,-,D,D,0,,,,,Y,,D,22,1,0,0,0,0,0,0,0,0,"- ","- ",37.232139587402344,-119.74249267578125,MADERA,MADERA,-119.74249267578125,37.232128143310547
91665536,2021,2021-12-29,9450,2021-07-07,2110,018551,,3,2,9,2000,0,1,3,,1,041,"STATE ROUTE 145","ISLAND DRIVE",0.00,,Y,A,-,Y,,,145,,,,,,,Y,1,2,1,2,A,-,09,21801,A,N,D,C,A,A,H,-,D,D,0,,,Y,,Y,,A,01,0,1,0,0,0,0,0,2,0,"- ","- ",36.994518280029297,-120.00092315673828,MADERA,UNINCORPORATED,-120.00091552734375,36.994510650634766
91665718,2021,2021-12-29,9450,2021-07-21,1140,016950,,3,1,9,2000,0,3,5,,2,010,"AVENUE 21","COUNTY ROAD 10",0.00,,Y,A,-,N,,,,,,,,,,Y,1,1,1,2,A,-,12,22450,A,N,D,C,A,A,H,-,A,A,0,,,,Y,Y,,D,22,0,1,0,0,0,0,0,0,0,"- ","- ",37.054328918457031,-120.36488342285156,MADERA,UNINCORPORATED,-120.36489868164062,37.054313659667969
91667651,2021,2021-12-31,9450,2021-12-21,1720,021188,,2,2,9,2000,0,3,5,,2,040,"RIVERWALK BLVD.","MARKET AVENUE",0.00,,Y,A,-,N,,,,,,,,,,Y,4,0,1,2,A,-,09,21802,A,N,D,C,A,A,H,-,C,A,0,,,,,Y,,A,01,0,0,1,0,0,0,0,0,0,"- ","- ",36.920448303222656,-119.79876708984375,MADERA,UNINCORPORATED,-119.798902,36.920374000000002
91668694,2021,2022-01-03,9450,2021-12-22,1709,017032,,3,2,9,2000,0,1,3,,1,042,"SR41 NORTHBOUND","CHILDRENS BOULEVARD O/C",1056.00,N,N,C,-,Y,,,41,,,,,,N,Y,4,0,2,2,A,-,03,22350,,N,C,C,A,B,H,-,D,D,0,,,,,Y,,A,07,0,0,2,0,0,0,0,0,0,"- ","- ",36.896728515625,-119.79245758056641,MADERA,UNINCORPORATED,-119.79248046875,36.896732330322266
91668807,2021,2022-01-03,9450,2021-12-28,1710,018612,,2,2,9,2000,0,3,5,,2,020,"COUNTY ROAD 25","MELBA DR.",0.00,,Y,A,-,N,,,,,,,,,,Y,3,0,1,2,A,-,09,21802,A,N,D,C,A,A,H,-,D,D,0,,,,,Y,,A,07,0,1,0,0,0,0,0,0,0,"- ","- ",37.003700256347656,-120.0924072265625,MADERA,UNINCORPORATED,-120.09238433837891,37.003669738769531
91669131,2021,2022-01-04,9450,2021-12-02,1230,016950,,4,1,9,2000,0,3,5,,2,010,"AVENUE 20","COUNTY ROAD 20",1350.00,W,N,A,-,N,,,,,,,,,,Y,2,0,1,2,A,-,01,23152,A,N,A,C,A,A,H,-,A,D,0,,,,Y,Y,Y,D,22,1,0,0,0,0,0,0,0,0,"- ","- ",37.040130615234375,-120.18878173828125,MADERA,UNINCORPORATED,-120.18870544433594,37.04010009765625
91669608,2021,2022-01-04,9450,2021-12-03,0730,016950,,5,1,9,2000,0,1,3,,2,014,SR-233,"AVENUE 22",150.00,N,N,E,-,Y,,,,,,,,,,Y,4,0,2,2,A,-,03,22350,,N,C,C,A,B,H,-,A,D,0,,,,,Y,,A,01,0,0,2,0,0,0,0,0,0,"- ","- ",37.069240570068359,-120.30951690673828,MADERA,UNINCORPORATED,,
91669699,2021,2022-01-04,9450,2021-10-19,0820,016950,,2,1,9,2000,0,3,5,,2,020,"COUNTY ROAD 24","AVENUE 18",0.00,,Y,A,-,N,,,,,,,,,,N,3,0,1,2,A,-,05,21752,D,M,B,C,A,A,H,-,A,D,0,,,,,Y,,A,07,0,1,0,0,0,0,0,0,0,"- ","- ",37.011020660400391,-120.11031341552734,MADERA,UNINCORPORATED,-120.11052703857422,37.010932922363281
91669912,2021,2022-01-04,9450,2021-12-26,1650,021188,,7,2,9,2000,0,1,3,,2,011,"SR-99 S/B (GOLDEN STATE HIGHWAY)","AVENUE 21 1/2",1584.00,S,N,A,-,Y,,,99,,,,,,S,Y,3,0,3,3,A,-,03,22350,,M,C,C,A,A,H,-,A,D,0,,,,,Y,,A,08,0,3,0,0,0,0,0,0,0,"- ","- ",37.062049865722656,-120.18213653564453,MADERA,UNINCORPORATED,-120.18215942382812,37.062026977539062
91669991,2021,2022-01-04,9450,2021-12-06,1835,020406,,1,2,9,2000,0,1,3,,1,041,SR-145,"ISLAND DRIVE",1056.00,W,N,A,-,N,,,145,,,,,,,Y,3,0,2,2,A,-,01,23152,A,N,B,C,A,A,H,-,D,D,0,,,,,Y,Y,A,01,0,2,0,0,0,0,0,0,0,"- ","- ",36.993049621582031,-120.00486755371094,MADERA,UNINCORPORATED,-120.00489807128906,36.993110656738281
91670117,2021,2022-01-04,9450,2021-12-27,2025,018551,,1,2,9,2000,0,3,5,,2,030,"AVENUE 15","COUNTY ROAD 28 1/2",0.00,,Y,B,-,N,,,,,,,,,,N,4,0,2,2,A,-,09,21802,A,N,D,C,A,B,H,-,D,A,0,,,,,Y,,A,01,0,0,2,0,0,0,0,0,0,"- ","- ",36.967098236083984,-120.02890014648438,MADERA,UNINCORPORATED,-120.02861785888672,36.967140197753906
91670158,2021,2022-01-04,9456,2021-12-22,1513,020787,,3,2,9,2000,0,3,5,,2,050,"GOLDEN OAK LOOP","COUNTY ROAD 426",24.00,N,N,C,-,N,,,,,,,,,,Y,4,0,1,1,A,-,03,22350,,N,E,I,A,B,H,-,A,D,0,,,,,Y,,D,22,0,0,1,0,0,0,0,0,0,"- ","- ",37.332168579101562,-119.65068817138672,MADERA,UNINCORPORATED,-119.65087890625,37.332248687744141
91671100,2021,2022-01-05,9450,2021-12-29,1610,020759,,3,2,9,2000,0,2,4,,2,045,"AVENUE 12",SR-41,10.00,W,N,A,-,N,,,41,,,,,,,N,4,0,1,2,A,-,03,22350,,N,C,C,A,A,H,-,A,A,0,,,,,Y,,A,01,0,0,1,0,0,0,0,0,0,"- ","- ",36.923198699951172,-119.79432678222656,MADERA,UNINCORPORATED,-119.79399871826172,36.923206329345703
91671394,2021,2022-01-05,9450,2021-12-31,1638,020759,,5,2,9,2000,0,2,4,,2,045,"AVENUE 12",SR-41,500.00,W,N,A,-,N,,,,,,,,,,Y,3,0,2,2,A,-,08,22107,,N,C,C,A,A,H,-,A,D,0,,,,,Y,,A,01,0,2,0,0,0,0,0,0,0,"- ","- ",36.923309326171875,-119.7955322265625,MADERA,UNINCORPORATED,-119.79567718505859,36.923240661621094
91671418,2021,2022-01-05,9450,2021-12-27,1624,018551,,1,2,9,2000,0,1,3,,2,031,"SR-99 S/B","AVENUE 12",2640.00,S,N,B,C,Y,,,99,,,,,,S,N,4,0,2,4,A,-,03,22350,,N,C,C,A,A,H,-,A,D,0,,,,,Y,,A,01,0,0,2,0,0,0,0,0,0,"- ","- ",36.920570373535156,-120.01789093017578,MADERA,UNINCORPORATED,-120.01792907714844,36.920513153076172
91672222,2021,2022-01-06,9450,2021-12-23,1920,020406,,4,2,9,2000,0,3,5,,2,040,"RIVERWALK BLVD","MARKET AVENUE",0.00,,Y,C,-,N,,,,,,,,,,N,3,0,2,2,A,-,09,21800,A,N,D,C,A,B,G,-,C,D,0,,,,,Y,,D,22,0,2,0,0,0,0,0,0,0,"- ","- ",36.917888641357422,-119.80741119384766,MADERA,UNINCORPORATED,-119.798908,36.920374000000002
91672759,2021,2022-01-06,9456,2021-12-25,2215,021555,,6,3,9,2000,0,2,4,,1,054,"COUNTY ROAD 274","FAWN POINT ROAD",2640.00,E,N,D,-,N,,,,,,,,,,Y,4,0,1,1,A,-,03,22350,,N,F,A,A,D,H,-,D,D,0,,,,,Y,,D,22,0,0,1,0,0,0,0,0,0,"- ","- ",37.309268951416016,-119.53015899658203,MADERA,UNINCORPORATED,-119.52995300292969,37.308528900146484
91673702,2021,2022-01-07,9456,2021-12-26,1245,019856,,7,1,9,2000,0,1,3,,1,052,"STATE ROUTE 41","COUNTY ROAD 426",240.00,S,N,A,-,Y,,,41,,,,,,,N,3,0,1,2,A,-,08,22107,,N,D,C,A,A,H,-,A,D,0,,,,,Y,,A,01,0,1,0,0,0,0,0,0,0,"- ","- ",37.332439422607422,-119.65238189697266,MADERA,UNINCORPORATED,-119.65238952636719,37.332466125488281
91674750,2021,2022-01-10,9456,2021-12-28,1030,018970,,2,1,9,2000,0,1,3,,1,051,SR-41,"VICTORIA LN",0.00,,Y,B,-,Y,,,41,,,,,,,Y,4,0,2,2,A,-,09,21802,A,N,D,C,A,B,H,-,A,A,0,,,,,Y,,A,01,0,0,2,0,0,0,0,0,0,"- ","- ",37.326499938964844,-119.66011810302734,MADERA,UNINCORPORATED,-119.66009521484375,37.326473236083984
91675852,2021,2022-01-11,9456,2021-12-30,0415,021285,,4,3,9,2000,0,1,3,,1,051,SR-41,"SUNSET PINES DR",180.00,S,N,A,-,Y,,,41,,,,,,,Y,4,0,1,1,A,-,03,22350,,N,E,I,A,C,H,-,D,D,0,,,,,Y,,A,07,0,0,1,0,0,0,0,0,0,"- ","- ",37.279609680175781,-119.66873931884766,MADERA,UNINCORPORATED,-119.66865539550781,37.279624938964844
91677417,2022,2022-01-13,9456,2022-01-03,0855,018970,,1,1,9,2000,0,1,3,,1,051,SR-41,"SKYLINE RIDGE RD",70.00,N,N,A,-,Y,MAD,,41,,,26.368,H,,R,Y,4,0,2,2,A,-,03,22350,,N,C,C,A,A,H,-,A,D,0,,,,,Y,,A,07,0,0,2,0,0,0,0,0,0,"- ","- ",37.237331390380859,-119.70693206787109,MADERA,UNINCORPORATED,-119.70687866210938,37.237335205078125
91677543,2022,2022-01-13,9456,2022-01-03,1100,018970,,1,1,9,2000,0,2,4,,1,054,"COUNTY ROAD 274","ROAD 331",3168.00,S,N,A,-,N,,,,,,,,,,N,2,0,1,1,A,-,03,22350,,N,F,A,A,C,H,-,A,A,0,,,,,Y,,A,07,1,0,0,0,0,0,0,0,0,"- ","- ",37.333271026611328,-119.56950378417969,MADERA,UNINCORPORATED,-119.56953430175781,37.333705902099609
91677863,2022,2022-01-14,9450,2022-01-03,1415,020406,,1,2,9,2000,0,2,4,,2,045,"AVENUE 12","KENSINGTON DRIVE",16.00,W,N,A,-,N,,,,,,,,,,N,4,0,1,2,A,-,09,21804,A,N,D,C,A,A,H,-,A,D,0,,,,,Y,,D,22,0,0,1,0,0,0,0,0,0,"- ","- ",36.923110961914062,-119.87210083007812,MADERA,UNINCORPORATED,-119.87199401855469,36.923049926757812
91678780,2022,2022-01-17,9450,2022-01-07,2330,019385,,5,3,4,2002,0,1,3,,2,012,"NORTHBOUND SR-99 TO WESTBOUND SR-152","STATE ROUTE 99",200.00,W,N,B,-,Y,MAD,,152,,,15.593,H,,L,Y,4,0,1,1,A,-,08,22107,,N,E,I,A,A,H,-,C,D,0,,,,,Y,,A,07,0,0,1,0,0,0,0,0,0,"- ","- ",37.084369659423828,-120.21073913574219,MADERA,MADERA,-120.21073913574219,37.0843505859375
91678783,2022,2022-01-17,9450,2022-01-08,0240,020253,,6,3,9,2000,0,3,5,,2,030,"AVENUE 12","COUNTY ROAD 24",2621.00,W,N,E,-,N,,,,,,,,,,N,3,0,1,1,A,-,01,23152,A,M,E,I,A,B,H,-,D,D,0,,,,,Y,Y,A,01,0,1,0,0,0,0,0,0,0,"- ","- ",36.923778533935547,-120.11953735351562,MADERA,UNINCORPORATED,-120.11949157714844,36.923751831054688
91679071,2021,2022-01-17,9450,2021-12-26,1820,020406,,7,2,9,2000,0,3,5,,2,020,"DEL MAR RD","AVENUE 21",1162.00,S,N,A,-,N,,,,,,,,,,Y,4,0,1,3,A,-,03,22350,,N,B,C,A,B,H,-,D,D,0,,,,,Y,,A,01,0,0,1,0,0,0,0,0,0,"- ","- ",37.050769805908203,-119.99585723876953,MADERA,UNINCORPORATED,-119.99578857421875,37.050880432128906
91679072,2022,2022-01-17,9450,2022-01-03,1450,020406,,1,2,9,2000,0,1,3,,1,042,"SR-41 NORTHBOUND","AVENUE 10 1/2",200.00,N,N,A,-,Y,MAD,,41,,R,1.903,H,,R,Y,4,0,1,1,C,-,18,,,N,E,I,A,A,H,-,A,D,0,,,,,Y,,-,"- ",0,0,1,0,0,0,0,0,0,"- ","- ",36.903549194335938,-119.79226684570312,MADERA,UNINCORPORATED,-119.79240417480469,36.903545379638672
91679669,2022,2022-01-24,9450,2022-01-13,2210,019604,,4,3,9,2000,0,3,5,,2,010,"AVENUE 24","COUNTY ROAD 19 1/2",1584.00,W,N,E,-,N,,,,,,,,,,N,4,0,1,2,A,-,03,22350,,N,C,C,A,A,H,-,D,D,0,,,,,Y,,A,01,0,0,1,0,0,0,0,0,0,"- ","- ",37.098251342773438,-120.19789886474609,MADERA,UNINCORPORATED,-120.19853210449219,37.098213195800781
91679894,2022,2022-01-18,9450,2022-01-04,0958,017827,,2,1,9,2000,0,1,3,,2,012,"SR-99 (N/B)",SR-152,750.00,N,N,A,-,Y,MAD,,99,,,22.940,H,,R,N,3,0,1,1,A,-,08,22107,,N,F,A,A,A,H,-,A,D,0,,,Y,,Y,,C,02,0,1,0,0,0,0,0,0,1,"- ","- ",37.086769104003906,-120.21214294433594,MADERA,UNINCORPORATED,-120.21212768554688,37.086776733398438
91680095,2022,2022-01-18,9456,2022-01-07,1342,020635,,5,1,9,2000,0,3,5,,2,050,"COUNTY ROAD 416","COUNTY ROAD 415",25.00,S,N,B,-,N,,,,,,,,,,Y,2,0,1,1,A,-,08,22107,,N,F,A,A,A,H,-,A,D,0,,,Y,,Y,,C,02,1,0,0,0,0,0,0,0,1,"- ","- ",37.231918334960938,-119.74204254150391,MADERA,UNINCORPORATED,-119.74240875244141,37.232101440429688
91680160,2022,2022-01-18,9450,2022-01-05,0632,017827,,3,1,9,2000,0,3,5,,2,010,"COUNTY ROAD 23","AVENUE 17",528.00,N,N,E,-,N,,,,,,,,,,Y,3,0,1,2,A,-,08,22107,,N,D,C,A,A,H,-,A,D,0,,,,,Y,,D,22,0,1,0,0,0,0,0,0,0,"- ","- ",37.006748199462891,-120.12869262695312,MADERA,UNINCORPORATED,-120.12863159179688,36.997898101806641
91680186,2022,2022-01-18,9450,2022-01-04,0650,017032,,2,1,9,2000,0,1,3,,2,031,"COUNTY ROAD 25","AVE 5 1/2",8.00,N,N,B,-,N,,,,,,,,,,Y,4,0,2,2,A,-,03,22350,,N,C,C,A,A,H,-,A,A,0,,,,,Y,,D,22,0,0,2,0,0,0,0,0,0,"- ","- ",36.829658508300781,-120.09693908691406,MADERA,UNINCORPORATED,-120.09686279296875,36.829551696777344
91680247,2022,2022-01-18,9450,2022-01-14,0605,021188,,5,1,9,2000,0,1,3,,2,012,"SR-99 S/B TO AVENUE 24 1/2","SR-99 S/B",100.00,W,N,E,-,Y,,,,,,,,,,Y,3,0,1,1,A,-,08,22107,,N,E,I,A,B,H,-,D,A,0,,,,,Y,,A,01,0,1,0,0,0,0,0,0,0,"- ","- ",37.105438232421875,-120.22515869140625,MADERA,UNINCORPORATED,-120.22515869140625,37.105438232421875
91680706,2022,2022-01-19,9450,2022-01-04,1040,017032,,2,1,9,2000,0,3,5,,2,040,"CHILDRENS BOULEVARD","CROCKET WAY",0.00,,Y,B,-,N,,,,,,,,,,Y,4,0,3,2,A,-,07,21658,A,N,B,C,A,A,H,-,A,D,0,,,,Y,Y,,G,25,0,0,3,0,0,0,0,0,0,"- ","- ",36.883659362792969,-119.80644989013672,MADERA,UNINCORPORATED,-119.80664825439453,36.88372802734375
91682815,2022,2022-01-21,9450,2022-01-19,0800,017032,,3,1,9,2000,0,2,4,,2,038,"AVENUE 7","COUNTY ROAD 25",387.00,E,N,B,E,N,,,,,,,,,,Y,4,0,1,1,A,-,08,22107,,N,E,I,A,A,H,-,A,D,0,,,,,Y,,A,01,0,0,1,0,0,0,0,0,0,"- ","- ",36.851219177246094,-120.09078979492188,MADERA,UNINCORPORATED,-120.09080505371094,36.851284027099609
91682905,2021,2022-01-21,9450,2021-12-31,1625,020406,,5,2,9,2000,0,3,5,,2,020,"FAIRMEAD BLVD.","ARNOTT DRIVE",1320.00,S,N,A,-,N,,,,,,,,,,N,3,0,2,2,A,-,01,23152,A,F,C,C,A,A,H,-,A,D,0,,,,,Y,Y,A,01,0,1,1,0,0,0,0,0,0,"- ","- ",37.070671081542969,-120.19058990478516,MADERA,UNINCORPORATED,-120.19035339355469,37.070446014404297
91683474,2022,2022-01-24,9450,2022-01-12,0520,019705,,3,3,9,2000,0,3,5,,2,040,"AVENUE 9","COUNTY ROAD 40",272.00,E,N,A,-,N,,,,,,,,,,Y,3,0,1,2,A,-,08,22107,,N,A,I,A,A,H,-,D,D,0,,,,,Y,,A,01,0,1,0,0,0,0,0,0,0,"- ","- ",36.880168914794922,-119.81951904296875,MADERA,UNINCORPORATED,-119.82050323486328,36.879985809326172
91683607,2022,2022-01-24,9450,2022-01-08,1826,020406,,6,2,9,2000,0,3,5,,2,020,"AVENUE 21","COUNTY ROAD 27",0.00,,Y,A,-,N,,,,,,,,,,Y,3,0,2,2,A,-,12,22450,A,N,D,C,A,A,H,-,D,A,0,,,,,Y,,A,01,0,2,0,0,0,0,0,0,0,"- ","- ",37.054340362548828,-120.056396484375,MADERA,UNINCORPORATED,-120.05641174316406,37.054340362548828
91686602,2022,2022-01-27,9450,2022-01-16,0925,017827,,7,1,9,2000,0,3,5,,2,010,"AVENUE 18 1/2","ROBERTSON BLVD.",0.00,,Y,E,-,N,,,,,,,,,,N,3,0,1,1,A,-,03,22350,,N,F,A,A,A,H,-,A,A,0,,,,,Y,,A,01,0,1,0,0,0,0,0,0,0,"- ","- ",37.018070220947266,-120.35389709472656,MADERA,UNINCORPORATED,-120.35314178466797,37.018108367919922
91686675,2022,2022-01-27,9450,2022-01-24,1635,018551,,1,2,9,2000,0,2,4,,2,035,"AVENUE 12","COUNTY ROAD 23",1320.00,W,N,A,-,N,,,,,,,,,,Y,4,0,1,1,A,-,08,22107,,N,E,I,A,A,H,-,A,D,0,,,,,Y,,A,01,0,0,1,0,0,0,0,0,0,"- ","- ",36.923610687255859,-120.14360046386719,MADERA,UNINCORPORATED,-120.13317108154297,36.923725128173828
91686698,2022,2022-02-11,9450,2022-01-25,2105,021188,,2,2,9,2000,0,3,5,,2,020,"COUNTY ROAD 600","COUNTY ROAD 407",3168.00,S,N,A,-,N,,,,,,,,,,Y,3,0,2,1,A,-,08,22107,,N,E,I,A,A,H,-,D,D,0,,,,,Y,,A,01,0,2,0,0,0,0,0,0,0,"- ","- ",37.140888214111328,-119.91642761230469,MADERA,UNINCORPORATED,-119.91664123535156,37.140590667724609