CASE_ID,ACCIDENT_YEAR,PROC_DATE,JURIS,COLLISION_DATE,COLLISION_TIME,OFFICER_ID,REPORTING_DISTRICT,DAY_OF_WEEK,CHP_SHIFT,POPULATION,CNTY_CITY_LOC,SPECIAL_COND,BEAT_TYPE,CHP_BEAT_TYPE,CITY_DIVISION_LAPD,CHP_BEAT_CLASS,BEAT_NUMBER,PRIMARY_RD,SECONDARY_RD,DISTANCE,DIRECTION,INTERSECTION,WEATHER_1,WEATHER_2,STATE_HWY_IND,CALTRANS_COUNTY,CALTRANS_DISTRICT,STATE_ROUTE,ROUTE_SUFFIX,POSTMILE_PREFIX,POSTMILE,LOCATION_TYPE,RAMP_INTERSECTION,SIDE_OF_HWY,TOW_AWAY,COLLISION_SEVERITY,NUMBER_KILLED,NUMBER_INJURED,PARTY_COUNT,PRIMARY_COLL_FACTOR,PCF_CODE_OF_VIOL,PCF_VIOL_CATEGORY,PCF_VIOLATION,PCF_VIOL_SUBSECTION,HIT_AND_RUN,TYPE_OF_COLLISION,MVIW,PED_ACTION,ROAD_SURFACE,ROAD_COND_1,ROAD_COND_2,LIGHTING,CONTROL_DEVICE,CHP_ROAD_TYPE,PEDESTRIAN_ACCIDENT,BICYCLE_ACCIDENT,MOTORCYCLE_ACCIDENT,TRUCK_ACCIDENT,NOT_PRIVATE_PROPERTY,ALCOHOL_INVOLVED,STWD_VEHTYPE_AT_FAULT,CHP_VEHTYPE_AT_FAULT,COUNT_SEVERE_INJ,COUNT_VISIBLE_INJ,COUNT_COMPLAINT_PAIN,COUNT_PED_KILLED,COUNT_PED_INJURED,COUNT_BICYCLIST_KILLED,COUNT_BICYCLIST_INJURED,COUNT_MC_KILLED,COUNT_MC_INJURED,PRIMARY_RAMP,SECONDARY_RAMP,LATITUDE,LONGITUDE,COUNTY,CITY,POINT_X,POINT_Y
91689552,2021,2022-01-31,9456,2021-12-21,2025,020944,,2,2,4,2002,0,2,S,,2,057,"COUNTY ROAD 415","CUTTER ROAD",480.00,E,N,B,-,N,,,,,,,,,,Y,3,0,1,1,A,-,01,23152,A,M,E,J,A,A,H,-,C,D,0,,,,,Y,Y,A,07,0,1,0,0,0,0,0,0,0,"- ","- ",37.262161254882812,-119.70738220214844,MADERA,MADERA,-119.70771789550781,37.262157440185547
91689774,2022,2022-01-31,9450,2022-01-17,1210,018612,,1,1,9,2000,0,3,5,,2,040,"CHILDREN'S BLVD.","LANES BRIDGE DR.",0.00,,Y,A,-,N,,,,,,,,,,Y,3,0,1,3,D,-,00,,,N,D,C,A,A,H,-,A,A,0,,,,,Y,,-,"- ",0,1,0,0,0,0,0,0,0,"- ","- ",36.892070770263672,-119.79582214355469,MADERA,UNINCORPORATED,-119.79582977294922,36.892070770263672
91691050,2022,2022-02-01,9450,2022-01-21,1656,018075,,5,2,9,2000,0,1,3,,1,042,"STATE ROUTE 41","AVENUE 11",1000.00,S,N,A,-,Y,MAD,,41,,R,2.123,H,,R,Y,4,0,2,3,A,-,03,22350,,N,C,C,A,A,H,-,A,D,0,,,,,Y,,A,01,0,0,2,0,0,0,0,0,0,"- ","- ",36.906730651855469,-119.79250335693359,MADERA,UNINCORPORATED,-119.79256439208984,36.906726837158203
91691070,2022,2022-02-01,9456,2022-01-21,1945,021135,,5,2,4,2002,0,3,5,,2,050,"COUNTY ROAD 426","HANGTREE LN",22.00,E,N,A,-,N,,,,,,,,,,N,2,0,1,1,A,-,03,22350,,N,F,A,A,A,H,-,D,D,0,,,Y,,Y,,C,02,1,0,0,0,0,0,0,0,1,"- ","- ",37.324329376220703,-119.6356201171875,MADERA,MADERA,-119.63568115234375,37.324176788330078
91691093,2022,2022-02-01,9450,2022-01-20,1100,017032,,4,1,9,2000,0,3,5,,2,010,"AVENUE 9","COUNTY ROAD 30 1/2",170.00,E,N,A,-,N,,,,,,,,,,N,4,0,1,2,C,-,18,,,N,E,J,A,A,H,-,A,D,0,,,,,Y,,-,"- ",0,0,1,0,0,0,0,0,0,"- ","- ",36.880218505859375,-119.97245788574219,MADERA,UNINCORPORATED,-119.97254180908203,36.8802490234375
91691689,2022,2022-02-02,9450,2022-01-21,1730,020759,,5,2,4,2002,0,1,3,,2,031,"SR-99 S/B TO MADERA AVENUE (OFF-RAMP)","SOUTH MADERA AVENUE",100.00,N,N,A,-,Y,,,,,,,,,,Y,3,0,3,3,A,-,03,22350,,N,C,C,A,A,H,-,D,D,0,,,,,Y,,A,01,0,3,0,0,0,0,0,0,0,"- ","- ",36.953731536865234,-120.0572509765625,MADERA,MADERA,-120.0572509765625,36.953731536865234
91691756,2022,2022-02-02,9450,2022-01-23,2500,018612,,7,4,9,2000,0,3,5,,2,040,"AVENUE 15","SANTA FE DR.",9504.00,E,N,A,-,N,,,,,,,,,,Y,4,0,1,1,A,-,08,22107,,M,E,I,A,A,H,-,D,D,0,,,,,Y,,D,22,0,0,1,0,0,0,0,0,0,"- ","- ",36.966678619384766,-119.97940826416016,MADERA,UNINCORPORATED,-119.96904754638672,36.966686248779297
91691778,2022,2022-02-02,9450,2022-01-26,0410,019604,,3,3,9,2000,0,1,3,,1,041,"STATE ROUTE 145","COUNTY ROAD 38",400.00,W,N,A,-,Y,MAD,,145,,,21.713,H,,R,N,3,0,1,1,A,-,08,22107,,N,E,I,A,A,H,-,D,D,0,,,,,Y,,A,01,0,1,0,0,0,0,0,0,0,"- ","- ",37.010250091552734,-119.86128997802734,MADERA,UNINCORPORATED,-119.86128997802734,37.010307312011719
91693061,2022,2022-02-03,9450,2022-02-01,1620,018551,,2,2,9,2000,0,1,3,,1,043,"SR-41 NB","COUNTY ROAD 406",1320.00,S,N,A,-,Y,MAD,,41,,,15.456,H,,R,N,4,0,2,2,A,-,03,22350,,N,C,C,A,A,H,-,A,D,0,,,,,Y,,A,08,0,0,2,0,0,0,0,0,0,"- ","- ",37.093181610107422,-119.75341033935547,MADERA,UNINCORPORATED,-119.75347900390625,37.09320068359375
91693127,2022,2022-02-03,9450,2022-01-22,0711,018075,,6,1,9,2000,0,3,5,,2,030,"AVENUE 7","COUNTY ROAD 23",0.00,,Y,E,-,N,,,,,,,,,,Y,4,0,1,2,A,-,03,22350,,N,D,C,A,A,H,-,A,A,0,,,,,Y,,A,07,0,0,1,0,0,0,0,0,0,"- ","- ",36.851230621337891,-120.12834167480469,MADERA,UNINCORPORATED,-120.12835693359375,36.851238250732422
91693528,2022,2022-02-04,9450,2022-02-02,2154,018551,,3,2,9,2000,0,1,3,,1,043,"SR-41 NORTHBOUND","JEWEL VISTA",200.00,S,N,A,-,Y,MAD,,41,,,14.802,H,,R,N,4,0,1,2,A,-,03,22350,,N,C,C,A,A,H,-,D,D,0,,,,,Y,,A,01,0,0,1,0,0,0,0,0,0,"- ","- ",37.084239959716797,-119.75717926025391,MADERA,UNINCORPORATED,-119.75724029541016,37.084251403808594
9169485,2020,2020-11-16,2002,2020-09-29,1700,4461,,2,5,4,2002,0,0,0,,0,001,"TOZER ST","PECAN AV",1001.00,N,N,A,-,N,,,,,,,,,,Y,2,0,1,2,A,-,05,21460,,N,A,C,A,A,H,-,A,D,0,,,,,Y,,D,22,1,0,0,0,0,0,0,0,0,"- ","- ",,,MADERA,MADERA,-120.035639,36.938822000000002
91694988,2022,2022-02-07,9450,2022-01-31,0330,019385,,1,3,9,2000,0,3,5,,2,030,"COUNTY ROAD 23","AVENUE 14",150.00,S,N,A,-,N,,,,,,,,,,Y,3,0,1,1,A,-,01,23152,A,N,E,I,A,A,H,-,D,D,0,,,,,Y,Y,A,01,0,1,0,0,0,0,0,0,0,"- ","- ",36.952571868896484,-120.12831878662109,MADERA,UNINCORPORATED,-120.12836456298828,36.952461242675781
91696281,2022,2022-02-08,9450,2022-02-05,0255,020253,,6,3,9,2000,0,2,4,,2,045,"AVENUE 12","RIVERSTONE BLVD",729.00,E,N,A,-,N,,,,,,,,,,Y,3,0,1,1,A,-,01,23152,A,N,E,I,A,C,H,-,D,D,0,,,,,Y,Y,A,01,0,1,0,0,0,0,0,0,0,"- ","- ",36.923210144042969,-119.81291961669922,MADERA,UNINCORPORATED,-119.81298828125,36.923175811767578
91696731,2022,2022-02-09,9450,2022-02-06,0433,019604,,7,3,9,2000,0,3,5,,2,010,"AVENUE 18 1/2","COUNTY ROAD 19",500.00,E,N,A,-,N,,,,,,,,,,Y,4,0,1,1,A,-,08,22107,,N,E,I,A,A,H,-,D,D,0,,,,,Y,,D,22,0,0,1,0,0,0,0,0,0,"- ","- ",37.018409729003906,-120.19959259033203,MADERA,UNINCORPORATED,-120.20063781738281,37.018341064453125
91697023,2022,2022-02-09,9450,2022-02-03,2215,021202,,4,3,9,2000,0,3,5,,2,040,"AVENUE 15","COUNTY ROAD 29",14784.00,E,N,A,-,N,,,,,,,,,,Y,3,0,3,2,A,-,01,23152,A,N,A,C,A,A,H,-,D,D,0,,,,,Y,Y,A,01,0,1,2,0,0,0,0,0,0,"- ","- ",36.966709136962891,-119.96900177001953,MADERA,UNINCORPORATED,-119.96901702880859,36.966686248779297
91697672,2022,2022-02-10,9450,2022-02-03,2037,018551,,4,2,9,2000,0,1,3,,1,037,SR-145,"AVENUE 5 1/2",2240.00,S,N,A,-,Y,MAD,,145,,R,0.077,H,,R,N,2,0,1,2,A,-,01,23152,A,N,B,C,A,A,H,-,D,D,0,,,,Y,Y,Y,A,01,1,0,0,0,0,0,0,0,0,"- ","- ",36.824329376220703,-120.05626678466797,MADERA,UNINCORPORATED,-120.05619049072266,36.824329376220703
91697992,2022,2022-02-10,9456,2022-01-30,0010,021285,,7,3,9,2000,0,3,5,,2,050,"COUNTY ROAD 600","EAGLE DRIVE",1584.00,S,N,A,-,N,,,,,,,,,,Y,3,0,1,1,A,-,01,23152,A,N,E,I,A,A,H,-,D,D,0,,,,,Y,Y,D,22,0,1,0,0,0,0,0,0,0,"- ","- ",37.262710571289062,-119.85919952392578,MADERA,UNINCORPORATED,-119.85900115966797,37.262790679931641
91698819,2022,2022-02-11,9450,2022-02-04,1730,020759,,5,2,9,2000,0,3,5,,2,040,"COUNTY ROAD 400","RIVER ROAD",3643.00,S,N,A,-,N,,,,,,,,,,Y,3,0,1,1,A,-,01,23152,A,N,E,J,A,A,H,-,B,D,0,,,,,Y,Y,A,01,0,1,0,0,0,0,0,0,0,"- ","- ",37.059429168701172,-119.91000366210938,MADERA,UNINCORPORATED,-119.77149200439453,37.209693908691406
91700467,2022,2022-02-14,9450,2022-02-08,0845,016938,,2,1,9,2000,0,2,4,,2,035,"AVENUE 12","COUNTY ROAD 23",0.00,,Y,A,-,N,,,,,,,,,,Y,4,0,1,2,A,-,12,22450,A,N,D,C,A,A,H,-,A,A,0,,,,,Y,,A,01,0,0,1,0,0,0,0,0,0,"- ","- ",36.923801422119141,-120.12867736816406,MADERA,UNINCORPORATED,-120.128662109375,36.923740386962891
91700502,2022,2022-02-14,9450,2022-02-10,0550,017032,,4,3,9,2000,0,3,5,,2,010,"GOLDENSTATE BOULEVARD WESTBOUND","COUNTY ROAD 17 1/2",1056.00,E,N,A,-,N,,,,,,,,,,Y,4,0,1,1,A,-,08,22107,,N,F,A,A,A,H,-,D,D,0,,,,,Y,,A,07,0,0,1,0,0,0,0,0,0,"- ","- ",37.083351135253906,-120.22622680664062,MADERA,UNINCORPORATED,,
91700546,2022,2022-02-14,9450,2022-02-02,2029,018075,,3,2,9,2000,0,1,3,,1,043,"STATE ROUTE 41","COUNTY ROAD 406",2640.00,S,N,A,-,Y,MAD,,41,,,15.004,H,,R,Y,1,1,1,1,A,-,01,23152,A,N,E,J,A,A,H,-,D,D,0,,,,,Y,Y,A,01,1,0,0,0,0,0,0,0,0,"- ","- ",37.086959838867188,-119.75581359863281,MADERA,UNINCORPORATED,-119.75577545166016,37.086948394775391
91700604,2022,2022-02-14,9450,2022-02-03,2038,018551,,4,2,9,2000,0,1,3,,1,037,SR-145,"AVENUE 5 1/2",2290.00,S,N,A,-,Y,MAD,,145,,R,0.016,H,,R,N,2,0,3,2,A,-,03,22350,,N,C,C,A,A,H,-,D,D,0,,,,,Y,Y,A,01,1,1,1,0,0,0,0,0,0,"- ","- ",36.823371887207031,-120.05622863769531,MADERA,UNINCORPORATED,-120.05617523193359,36.823371887207031
91701440,2022,2022-02-15,9450,2022-02-10,1816,021270,,4,2,9,2000,0,1,3,,2,031,"STATE ROUTE 99 (NORTHBOUND)","AVENUE 9 (OVERCROSSING)",3168.00,N,N,A,-,Y,MAD,,99,,,4.154,H,,R,Y,3,0,1,2,A,-,03,22350,,N,C,C,A,A,H,-,D,D,0,,,Y,,Y,,D,22,0,1,0,0,0,0,0,0,1,"- ","- ",36.887218475341797,-119.98290252685547,MADERA,UNINCORPORATED,-119.98289489746094,36.887226104736328
91703191,2022,2022-03-31,9450,2022-02-11,2100,021202,,5,2,9,2000,0,3,5,,2,010,"COUNTY ROAD 23","AVENUE 18 1/2",1060.00,S,N,A,-,N,,,,,,,,,,Y,3,0,1,4,A,-,01,23152,A,N,C,C,A,A,H,-,C,D,0,,,,,Y,Y,A,01,0,1,0,0,0,0,0,0,0,"- ","- ",37.015491485595703,-120.12901306152344,MADERA,UNINCORPORATED,-120.12936401367188,37.015731811523438
91703656,2021,2022-02-17,9450,2021-07-26,2110,018075,,1,2,9,2000,0,3,5,,2,040,"AVENUE 15","COUNTY ROAD 29",4752.00,E,N,A,-,N,,,,,,,,,,Y,1,1,1,2,A,-,01,23152,F,N,A,C,A,A,H,-,D,D,0,,,,,Y,,A,01,1,0,0,0,0,0,0,0,0,"- ","- ",36.966941833496094,-120.00341796875,MADERA,UNINCORPORATED,-120.00333404541016,36.966964721679688
91704018,2022,2023-03-09,9450,2022-02-09,1816,019105,,3,2,9,2000,0,3,5,,2,020,"COUNTY ROAD 27","AVENUE 17",0.00,,Y,A,-,N,,,,,,,,,,Y,1,1,5,3,A,-,01,23153,F,N,D,C,A,A,H,-,B,A,0,,,,,Y,,A,01,2,0,3,0,0,0,0,0,0,"- ","- ",36.996288299560547,-120.05619812011719,MADERA,UNINCORPORATED,-120.05619049072266,36.996273040771484
91705107,2022,2022-02-21,9450,2022-02-13,1949,019105,,7,2,9,2000,0,3,5,,2,020,"COUNTY ROAD 27","AVENUE 21",77.00,N,N,A,-,N,,,,,,,,,,Y,4,0,1,1,A,-,12,22450,A,M,E,I,A,A,H,-,D,A,0,,,,,Y,,A,01,0,0,1,0,0,0,0,0,0,"- ","- ",37.054550170898438,-120.05638885498047,MADERA,UNINCORPORATED,-120.05641174316406,37.054340362548828
91705201,2022,2022-02-21,9450,2022-02-16,1518,019105,,3,2,9,2000,0,2,4,,2,035,"AVENUE 12","COUNTY ROAD 28 1/4",0.00,,Y,A,-,N,,,,,,,,,,N,4,0,1,2,A,-,09,21802,A,N,D,C,A,A,H,-,A,A,0,,,,,Y,,A,01,0,0,1,0,0,0,0,0,0,"- ","- ",36.923618316650391,-120.03350830078125,MADERA,UNINCORPORATED,-120.03334045410156,36.9237060546875
91705245,2022,2022-02-21,9450,2022-02-16,0630,018612,,3,1,9,2000,0,1,3,,2,012,"SR-99 NORTHBOUND","AVENUE 24",3168.00,S,N,A,-,Y,MAD,,99,,,23.163,H,,R,Y,3,0,2,3,A,-,03,22350,,N,C,C,A,A,H,-,A,D,0,,,,,Y,,A,01,0,2,0,0,0,0,0,0,0,"- ","- ",37.089900970458984,-120.21305847167969,MADERA,UNINCORPORATED,-120.21305847167969,37.089900970458984
91705248,2022,2022-02-21,9450,2022-02-12,1145,018612,,6,1,9,2000,0,3,5,,2,030,"AVENUE 6","COUNTY ROAD 26 1/2",430.00,W,N,A,-,N,,,,,,,,,,Y,2,0,1,1,A,-,08,22107,,N,E,J,A,A,H,-,A,D,0,,,,,Y,,A,01,1,0,0,0,0,0,0,0,0,"- ","- ",36.836719512939453,-120.06645965576172,MADERA,UNINCORPORATED,-120.06632232666016,36.836818695068359
91705910,2022,2022-02-22,9450,2022-02-12,1017,018612,,6,1,9,2000,0,3,5,,2,040,"ROAD 145 (MILLERTON ROAD)","COUNTY ROAD 211",5808.00,E,N,A,-,N,,,,,,,,,,Y,2,0,1,2,A,-,05,21460,A,N,A,G,A,A,H,-,A,D,0,,Y,,,Y,,L,04,1,0,0,0,0,0,1,0,0,"- ","- ",37.03070068359375,-119.70616149902344,MADERA,UNINCORPORATED,-119.71157073974609,37.02996826171875
91706019,2022,2022-02-22,9456,2022-02-15,1435,019856,,2,2,9,2000,0,3,5,,2,050,"DORSTAN DRIVE","BRIDGE ROAD",350.00,S,N,B,-,N,,,,,,,,,,Y,4,0,1,2,A,-,21,22106,,N,H,C,A,A,H,-,A,D,0,,,,,Y,,A,08,0,0,1,0,0,0,0,0,0,"- ","- ",37.366500854492188,-119.60990905761719,MADERA,UNINCORPORATED,-119.60911560058594,37.366859436035156
91706736,2022,2022-02-23,9450,2022-02-11,2123,018075,,5,2,9,2000,0,1,3,,1,042,"STATE ROUTE 41","AVENUE 15",2640.00,N,N,A,-,Y,MAD,,41,,,7.093,H,,R,Y,4,0,2,2,A,-,03,22350,,N,C,C,A,A,H,-,D,D,0,,,,,Y,,A,01,0,0,2,0,0,0,0,0,0,"- ","- ",36.979400634765625,-119.79398345947266,MADERA,UNINCORPORATED,-119.79398345947266,36.979400634765625
91707831,2022,2022-02-24,9450,2022-02-14,1556,018075,,1,2,9,2000,0,3,5,,2,040,"CHILDREN'S BOULEVARD","LANES BRIDGE DRIVE",60.00,E,N,A,-,N,,,,,,,,,,Y,4,0,2,2,A,-,03,22350,,N,C,C,A,A,H,-,A,A,0,,,,,Y,,A,07,0,0,2,0,0,0,0,0,0,"- ","- ",36.892208099365234,-119.79559326171875,MADERA,UNINCORPORATED,-119.795654296875,36.892154693603516
91707954,2022,2022-02-24,9450,2022-02-11,1610,018075,,5,2,9,2000,0,1,3,,1,042,"STATE ROUTE 41","CHILDREN'S BOULEVARD",547.00,N,N,A,-,Y,MAD,,41,,R,1.335,H,,R,Y,4,0,1,2,A,-,03,22350,,N,C,C,A,A,H,-,A,D,0,,,,,Y,,A,07,0,0,1,0,0,0,0,0,0,"- ","- ",36.895328521728516,-119.79251861572266,MADERA,UNINCORPORATED,-119.79251861572266,36.895328521728516
91708307,2022,2022-02-24,9450,2022-02-23,1748,018551,,3,2,9,2000,0,1,3,,2,031,"SR-99 N/B","AVENUE 9",1500.00,S,N,A,-,Y,MAD,,99,,,2.992,H,,R,N,4,0,1,2,A,-,04,21703,,N,C,C,A,A,H,-,B,D,0,,,,,Y,,A,01,0,0,1,0,0,0,0,0,0,"- ","- ",36.874290466308594,-119.96951293945312,MADERA,UNINCORPORATED,-119.96947479248047,36.874309539794922
91709653,2022,2022-02-25,9450,2022-02-24,1609,018075,,4,2,9,2000,0,1,3,,1,042,"STATE ROUTE 41","AVENUE 11",152.00,N,N,A,-,Y,MAD,,41,,R,2.352,H,,R,Y,4,0,1,2,A,-,03,22350,,N,C,C,A,A,H,-,A,D,0,,,,,Y,,A,01,0,0,1,0,0,0,0,0,0,"- ","- ",36.910030364990234,-119.79264068603516,MADERA,UNINCORPORATED,-119.79269409179688,36.910030364990234
91709956,2021,2022-02-25,9456,2021-08-28,2035,020993,,6,2,9,2000,0,1,3,,1,051,"STATE ROUTE 41","BLACK OAK ROAD",105.00,S,N,A,-,Y,,,41,,,,,,,Y,1,1,2,3,A,-,01,23152,F,N,A,C,A,A,H,-,D,D,0,,,,,Y,,D,22,0,0,2,0,0,0,0,0,0,"- ","- ",37.228271484375,-119.70764923095703,MADERA,UNINCORPORATED,-119.70763397216797,37.228271484375
91710447,2022,2022-02-28,9450,2022-02-20,0235,021202,,7,3,9,2000,0,3,5,,2,020,"COUNTY ROAD 600","COUNTY ROAD 407",3010.00,S,N,A,-,N,,,,,,,,,,Y,4,0,1,1,A,-,01,23152,A,N,E,I,A,A,H,-,D,D,0,,,,,Y,Y,D,22,0,0,1,0,0,0,0,0,0,"- ","- ",37.140651702880859,-119.91668701171875,MADERA,UNINCORPORATED,-119.91630554199219,37.140926361083984
91711086,2022,2022-02-28,9450,2022-02-19,0720,018612,,6,1,9,2000,0,1,3,,2,031,"SR-99 NORTHBOUND TO AVENUE 9 ON-RAMP","AVENUE 9",0.00,,Y,A,-,Y,,,,,,,,,,Y,4,0,2,2,A,-,09,21802,A,N,D,C,A,A,H,-,A,A,0,,,,,Y,,A,01,0,0,2,0,0,0,0,0,0,"- ","- ",36.880340576171875,-119.97599029541016,MADERA,UNINCORPORATED,-119.97665405273438,36.880218505859375
91711244,2022,2022-02-28,9450,2022-02-22,1125,016938,,2,1,9,2000,0,1,3,,2,031,"SR 99 SOUTHBOUND TO AVENUE 9 OFF-RAMP","AVENUE 9",0.00,,Y,B,-,Y,,,,,,,,,,Y,3,0,3,2,A,-,09,21802,A,N,D,C,A,B,H,-,A,A,0,,,,,Y,,A,01,0,1,2,0,0,0,0,0,0,"- ","- ",36.880138397216797,-119.97923278808594,MADERA,UNINCORPORATED,-119.97695922851562,36.880218505859375
91711507,2022,2022-02-28,9456,2022-02-23,1545,020787,,3,2,9,2000,0,1,3,,1,052,"1122 SR-41 (TENAYA ENTRANCE)",SR-41,6.00,E,N,D,-,Y,MPA,,41,,,3.039,H,,R,N,4,0,1,2,A,-,03,22350,,N,D,C,A,C,H,-,A,A,0,,,,,Y,,A,01,0,0,1,0,0,0,0,0,0,"- ","- ",37.474010467529297,-119.638427734375,MADERA,UNINCORPORATED,-119.63851928710938,37.473987579345703
91711515,2022,2022-02-28,9456,2022-02-23,1625,020787,,3,2,9,2000,0,1,3,,1,052,SR-41,"COUNTY ROAD 630",3168.00,N,N,D,-,Y,MAD,,41,,,44.942,H,,R,N,3,0,2,1,A,-,03,22350,,N,F,I,A,C,H,-,A,A,0,,,,,Y,,A,07,0,2,0,0,0,0,0,0,0,"- ","- ",37.437000274658203,-119.64058685302734,MADERA,UNINCORPORATED,-119.64054870605469,37.436973571777344
91712159,2022,2022-03-01,9456,2022-02-17,1800,019856,,4,2,9,2000,0,1,3,,1,052,"STATE ROUTE 41","TEDDY BEAR LANE",980.00,S,N,B,-,Y,MAD,,41,,,35.843,H,,R,N,3,0,1,2,A,-,09,21801,A,N,D,C,A,A,H,-,C,D,0,,,Y,,Y,,D,22,0,1,0,0,0,0,0,0,1,"- ","- ",37.333450317382812,-119.64956665039062,MADERA,UNINCORPORATED,-119.64955902099609,37.333431243896484
91712615,2022,2022-03-01,9450,2022-02-16,1517,021270,,3,2,9,2000,0,3,5,,2,030,"AVENUE 7 1/2","COUNTY ROAD 7",1056.00,W,N,A,-,N,,,,,,,,,,N,3,0,4,2,A,-,03,22350,,N,C,C,A,D,H,-,A,D,0,,,,,Y,,A,01,0,3,1,0,0,0,0,0,0,"- ","- ",36.85845947265625,-120.4217529296875,MADERA,UNINCORPORATED,-120.42140960693359,36.858390808105469
91713053,2022,2022-03-02,9456,2022-02-28,1740,019856,,1,2,9,2000,0,3,5,,2,050,"COUNTY ROAD 417","QUARTZ MOUNTAIN ROAD",1300.00,W,N,A,-,N,,,,,,,,,,N,4,0,1,1,A,-,08,22107,,N,E,I,A,A,H,-,A,D,0,,,,,Y,,D,22,0,0,1,0,0,0,0,0,0,"- ","- ",37.210739135742188,-119.69532012939453,MADERA,UNINCORPORATED,-119.69425964355469,37.210731506347656
91713102,2021,2022-11-08,9456,2021-11-12,0407,021130,,5,3,9,2000,0,2,S,,2,057,"COUNTY ROAD 415","HIDDEN KNOLLS ROAD",3673.00,E,N,F,-,N,,,,,,,,,,N,1,1,0,2,A,-,11,21954,A,N,G,B,E,A,H,-,D,D,0,Y,,,,Y,Y,N,60,0,0,0,1,0,0,0,0,0,"- ","- ",37.237781524658203,-119.82475280761719,MADERA,UNINCORPORATED,-119.800048828125,37.241371154785156
91714818,2022,2022-03-04,9456,2022-02-18,0040,021135,,5,3,9,2000,0,3,5,,2,050,"COUNTY ROAD 221","ROAD 223",0.00,,Y,A,-,N,,,,,,,,,,Y,3,0,1,1,A,-,01,23152,A,N,E,I,A,A,H,-,D,D,0,,,,,Y,Y,D,22,0,1,0,0,0,0,0,0,0,"- ","- ",37.234691619873047,-119.55158996582031,MADERA,UNINCORPORATED,-119.55154418945312,37.234683990478516
91715455,2022,2022-03-04,9450,2022-02-20,1310,018612,,7,1,9,2000,0,3,5,,2,020,"COUNTY ROAD 27","AVENUE 17",0.00,,Y,A,-,N,,,,,,,,,,Y,3,0,1,2,A,-,09,21801,A,M,D,C,A,A,H,-,A,D,0,,,,,Y,,A,01,0,1,0,0,0,0,0,0,0,"- ","- ",36.996288299560547,-120.05622863769531,MADERA,UNINCORPORATED,-120.05619049072266,36.996273040771484
91716527,2022,2022-03-07,9450,2022-02-26,2345,021270,,6,3,9,2000,0,1,3,,2,031,"STATE ROUTE 99 (SOUTHBOUND)","AVENUE 12",2640.00,N,N,A,-,Y,MAD,,99,,,7.996,H,,R,N,4,0,1,2,A,-,03,22350,,M,C,C,A,A,H,-,D,D,0,,,,,Y,,-,99,0,0,1,0,0,0,0,0,0,"- ","- ",36.930099487304688,-120.02755737304688,MADERA,UNINCORPORATED,-120.0274658203125,36.930160522460938
91716569,2022,2022-03-07,9456,2022-03-04,1445,020993,,5,2,9,2000,0,3,5,,2,050,"COUNTY ROAD 417","DELAWARE ROAD",0.00,,Y,B,C,N,,,,,,,,,,N,4,0,1,2,A,-,12,22450,A,N,D,C,A,B,H,-,A,A,0,,,,,Y,,D,22,0,0,1,0,0,0,0,0,0,"- ","- ",37.215778350830078,-119.68106842041016,MADERA,UNINCORPORATED,-119.68108367919922,37.215808868408203
91716575,2022,2022-03-07,9456,2022-03-01,1559,020944,,2,2,4,2002,0,1,3,,1,051,SR-41,"COUNTY ROAD 416",0.00,,Y,B,-,Y,MAD,,41,,,23.464,H,,R,N,3,0,1,2,A,-,09,21801,A,N,D,C,A,A,H,-,A,A,0,,,,,Y,,D,22,0,1,0,0,0,0,0,0,0,"- ","- ",37.202068328857422,-119.72267150878906,MADERA,MADERA,-119.72261047363281,37.202045440673828
9171671,2020,2020-12-07,2002,2020-10-20,1841,4242,,2,5,4,2002,0,0,0,,0,001,"E ST N","GAREWAY DR N",458.00,E,N,A,-,N,,,,,,,,,,N,4,0,1,2,A,-,03,22350,,N,D,C,A,A,H,-,C,D,0,,,,,Y,,A,01,0,0,1,0,0,0,0,0,0,"- ","- ",,,MADERA,MADERA,,
91716763,2022,2022-03-07,9450,2022-02-28,0600,017032,,1,1,9,2000,0,1,3,,1,043,"SR-41 SOUTHBOUND",SR-145,0.00,,Y,A,-,Y,MAD,,41,,,9.251,H,,L,Y,4,0,2,2,A,-,12,21453,A,N,D,C,A,A,H,-,B,A,0,,,,,Y,,A,01,0,0,2,0,0,0,0,0,0,"- ","- ",37.010501861572266,-119.79395294189453,MADERA,UNINCORPORATED,-119.79400634765625,37.010501861572266
91717002,2022,2022-03-07,9450,2022-03-02,0840,017032,,3,1,9,2000,0,3,5,,2,040,"ROAD 36 SOUTHBOUND","AVENUE 9",7920.00,N,N,A,-,N,,,,,,,,,,Y,3,0,2,2,A,-,03,22350,,N,C,C,A,A,H,-,A,D,0,,,,,Y,,D,22,0,1,1,0,0,0,0,0,0,"- ","- ",36.901329040527344,-119.89380645751953,MADERA,UNINCORPORATED,-119.89381408691406,36.902111053466797