CASE_ID,ACCIDENT_YEAR,PROC_DATE,JURIS,COLLISION_DATE,COLLISION_TIME,OFFICER_ID,REPORTING_DISTRICT,DAY_OF_WEEK,CHP_SHIFT,POPULATION,CNTY_CITY_LOC,SPECIAL_COND,BEAT_TYPE,CHP_BEAT_TYPE,CITY_DIVISION_LAPD,CHP_BEAT_CLASS,BEAT_NUMBER,PRIMARY_RD,SECONDARY_RD,DISTANCE,DIRECTION,INTERSECTION,WEATHER_1,WEATHER_2,STATE_HWY_IND,CALTRANS_COUNTY,CALTRANS_DISTRICT,STATE_ROUTE,ROUTE_SUFFIX,POSTMILE_PREFIX,POSTMILE,LOCATION_TYPE,RAMP_INTERSECTION,SIDE_OF_HWY,TOW_AWAY,COLLISION_SEVERITY,NUMBER_KILLED,NUMBER_INJURED,PARTY_COUNT,PRIMARY_COLL_FACTOR,PCF_CODE_OF_VIOL,PCF_VIOL_CATEGORY,PCF_VIOLATION,PCF_VIOL_SUBSECTION,HIT_AND_RUN,TYPE_OF_COLLISION,MVIW,PED_ACTION,ROAD_SURFACE,ROAD_COND_1,ROAD_COND_2,LIGHTING,CONTROL_DEVICE,CHP_ROAD_TYPE,PEDESTRIAN_ACCIDENT,BICYCLE_ACCIDENT,MOTORCYCLE_ACCIDENT,TRUCK_ACCIDENT,NOT_PRIVATE_PROPERTY,ALCOHOL_INVOLVED,STWD_VEHTYPE_AT_FAULT,CHP_VEHTYPE_AT_FAULT,COUNT_SEVERE_INJ,COUNT_VISIBLE_INJ,COUNT_COMPLAINT_PAIN,COUNT_PED_KILLED,COUNT_PED_INJURED,COUNT_BICYCLIST_KILLED,COUNT_BICYCLIST_INJURED,COUNT_MC_KILLED,COUNT_MC_INJURED,PRIMARY_RAMP,SECONDARY_RAMP,LATITUDE,LONGITUDE,COUNTY,CITY,POINT_X,POINT_Y
94825145,2025,2025-09-01,9450,2025-08-27,"750 ",021285,,3,1,9,2000,0,1,3,,2,031,"SB SR-99","AVENUE 9",100.00,S,N,A,-,Y,MAD,,99," ",R,3.539,H,,R,Y,4,0,1,2,A,-,07,21658,A,N,B,C,A,A,H,-,A,D,0,,,,,Y,,D,22,0,0,1,0,0,0,0,0,0,"- ","- ",36.879829406738281,-119.97657775878906,MADERA,UNINCORPORATED,-119.97638702392578,36.879962921142578
94825152,2025,2025-09-01,9450,2025-08-21,"751 ",018075,,4,1,9,2000,0,3,5,,2,040,"AVENUE 16 1/2","COUNTY ROAD 36",0.00,,Y,A,-,N,,,,,,,,,,N,3,0,1,3,A,-,09,21802,A,N,D,C,A,A,H,-,A,A,0,,,,,Y,,D,22,0,1,0,0,0,0,0,0,0,"- ","- ",36.988491058349609,-119.89372253417969,MADERA,UNINCORPORATED,-119.89373779296875,36.988452911376953
94825168,2025,2025-09-01,9450,2025-08-29,1824,021555,,5,2,9,2000,0,3,5,,2,040,"COUNTY ROAD 36","BLOSSOM AVE",0.00,,Y,A,-,N,,,,,,,,,,Y,4,0,1,3,A,-,09,21804,B,N,D,C,A,A,H,-,A,D,0,,,,,Y,,-,"- ",0,0,1,0,0,0,0,0,0,"- ","- ",36.926101684570312,-119.89431762695312,MADERA,UNINCORPORATED,-119.89427185058594,36.926090240478516
94825219,2025,2025-09-01,9450,2025-08-20,1726,023299,,3,2,9,2000,0,1,3,,1,013,SR-152,"COUNTY ROAD 17",618.00,W,N,A,-,Y,MAD,,152," "," ",13.932,H,,L,Y,3,0,2,1,A,-,01,23152,F,N,E,8,A,A,H,-,A,D,0,,,,,Y,,A,07,0,1,1,0,0,0,0,0,0,"- ","- ",37.084110260009766,-120.24066925048828,MADERA,UNINCORPORATED,-120.24066925048828,37.083957672119141
94826288,2025,2025-09-02,9450,2025-09-01,1350,021202,,1,1,9,2000,0,1,3,,1,037,"STATE ROUTE 145","AVENUE 7",30.00,N,N,A,-,Y,MAD,,145," "," ",1.941,H,,R,N,4,0,1,2,A,-,03,22350,,N,C,C,A,A,H,-,A,D,0,,,,,Y,,A,08,0,0,1,0,0,0,0,0,0,"- ","- ",36.851459503173828,-120.05584716796875,MADERA,UNINCORPORATED,-120.05589294433594,36.851459503173828
94826312,2025,2025-09-02,9456,2025-08-25,1415,018970,,1,2,9,2000,0,3,5,,2,050,"JUNCTION DRIVE",SR-49,8.00,N,N,A,-,N,,,,,,,,,,N,4,0,1,2,A,-,03,22350,,N,C,C,A,A,H,-,A,D,0,,,,,Y,,D,22,0,0,1,0,0,0,0,0,0,"- ","- ",37.333019256591797,-119.65894317626953,MADERA,UNINCORPORATED,-119.65904235839844,37.332897186279297
94827198,2025,2025-09-02,9456,2025-08-30,"910 ",018970,,6,1,9,2000,0,2,4,,1,053,"COUNTY ROAD 200","HOUSE RANCH ROAD",680.00,E,N,A,-,N,,,,,,,,,,Y,3,0,1,1,A,-,08,22107,,N,E,I,A,A,H,-,A,D,0,,,,,Y,Y,D,22,0,1,0,0,0,0,0,0,0,"- ","- ",37.168350219726562,-119.6380615234375,MADERA,UNINCORPORATED,-119.63816070556641,37.168350219726562
94829925,2025,2025-09-04,9450,2025-08-31,1130,018551,,7,1,9,2000,0,1,3,,2,031,"SR-99 N/B","AVENUE 7",5280.00,N,N,A,-,Y,MAD,,99," "," ",2.422,H,,R,N,4,0,2,2,A,-,07,21658,A,M,F,A,A,A,H,-,A,D,0,,,,,Y,,A,01,0,0,2,0,0,0,0,0,0,"- ","- ",36.867988586425781,-119.96285247802734,MADERA,UNINCORPORATED,-119.96288299560547,36.867965698242188
94830214,2025,2025-09-04,9450,2025-08-25,2004,021320,,1,2,9,2000,0,3,5,,2,040,"COUNTY ROAD 36","AVE 14 1/2",186.00,S,N,A,-,N,,,,,,,,,,N,3,0,1,1,A,-,01,23152,A,N,H,A,A,A,H,-,D,D,0,,,,,Y,Y,D,22,0,1,0,0,0,0,0,0,0,"- ","- ",36.958820343017578,-119.89391326904297,MADERA,UNINCORPORATED,-119.89390563964844,36.958808898925781
9483071,2022,2022-08-05,2002,2022-07-23,1459,4559,,6,5,4,2002,0,0,0,,0,003,"RIVERVIEW DR","WESTBERRY BL N",13.00,E,N,A,-,N,,,,,,,,,,Y,4,0,1,2,A,-,03,22350,,N,C,C,A,A,H,-,A,A,0,,,,,Y,,A,01,0,0,1,0,0,0,0,0,0,"- ","- ",,,MADERA,MADERA,-120.10117340087891,36.965255737304688
94831550,2025,2025-09-05,9456,2025-08-26,"100 ",021854,,2,3,9,2000,0,2,4,,1,054,"COUNTY ROAD 274","ROAD 331",1584.00,E,N,A,-,N,,,,,,,,,,Y,2,0,1,1,A,-,08,22107,,N,E,I,A,A,H,-,D,D,0,,,,,Y,Y,A,01,1,0,0,0,0,0,0,0,0,"- ","- ",37.334709167480469,-119.57520294189453,MADERA,UNINCORPORATED,-119.57465362548828,37.334587097167969
94831565,2025,2025-09-05,9456,2025-08-30,1020,020635,,6,1,9,2000,0,3,5,,2,050,"COUNTY ROAD 426","CIVIC CIR",605.00,S,N,A,-,N,,,,,,,,,,Y,3,0,2,2,A,-,08,22100,A,N,B,C,A,A,H,-,A,D,0,,,,,Y,,A,01,0,2,0,0,0,0,0,0,0,"- ","- ",37.329868316650391,-119.65039825439453,MADERA,UNINCORPORATED,-119.65048217773438,37.329917907714844
94831600,2025,2025-09-12,9450,2025-08-29,1340,021285,,5,1,9,2000,0,3,5,,2,030,"COUNTY ROAD 29","AVENUE 8",2640.00,N,N,A,-,N,,,,,,,,,,Y,2,0,1,2,A,-,09,21801,A,N,D,C,A,A,H,-,A,D,0,,,Y,,Y,,A,07,1,0,0,0,0,0,0,0,1,"- ","- ",36.872348785400391,-120.01947784423828,MADERA,UNINCORPORATED,-120.01939392089844,36.873065948486328
94831649,2025,2025-09-05,9450,2025-08-23,"920 ",017827,,6,1,9,2000,0,3,5,,2,020,"SANTA FE DR","AVENUE 26",0.00,,Y,A,-,N,,,,,,,,,,N,3,0,1,2,A,-,12,22450,A,N,D,C,A,A,E,-,A,A,0,,,,,Y,,A,08,0,1,0,0,0,0,0,0,0,"- ","- ",37.127079010009766,-120.15110778808594,MADERA,UNINCORPORATED,-120.15106964111328,37.127052307128906
9483275,2022,2022-08-03,2002,2022-06-07,1624,4467,,2,5,4,2002,0,0,0,,0,004,"PECAN AV W","STADIUM RD",0.00,,Y,A,-,N,,,,,,,,,,Y,4,0,1,2,A,-,12,21453,A,N,D,C,A,A,H,-,A,A,0,,,,,Y,,A,01,0,0,1,0,0,0,0,0,0,"- ","- ",,,MADERA,MADERA,,
9483278,2022,2022-08-25,2002,2022-06-02,1530,4467,,4,5,4,2002,0,0,0,,0,,"D ST S","6TH ST E",0.00,,Y,A,-,N,,,,,,,,,,N,4,0,1,2,A,-,12,22450,A,N,D,C,A,A,H,-,A,A,0,,,,,Y,,A,01,0,0,1,0,0,0,0,0,0,"- ","- ",,,MADERA,MADERA,-120.05751037597656,36.961666107177734
94837269,2025,2025-09-09,9450,2025-09-01,1252,018551,,1,1,9,2000,0,2,4,,2,035,"AVENUE 12","COUNTY ROAD 20",2640.00,W,N,A,-,N,,,,,,,,,,N,2,0,1,1,A,-,08,22107,,N,F,I,A,A,H,-,A,D,0,,,,,Y,,D,22,1,0,0,0,0,0,0,0,0,"- ","- ",36.923660278320312,-120.19110107421875,MADERA,UNINCORPORATED,-120.19231414794922,36.923702239990234
94837282,2025,2025-09-09,9450,2025-09-05,1833,021407,,5,2,9,2000,0,1,3,,2,011,"SR-99 NORTHBOUND","AVENUE 20 1/2",238.00,N,N,A,-,Y,MAD,,99," ",R,18.740,H,,R,Y,4,0,1,1,A,-,08,22107,,N,E,I,A,A,H,-,A,D,0,,,,,Y,,A,01,0,0,1,0,0,0,0,0,0,"- ","- ",37.043441772460938,-120.15947723388672,MADERA,UNINCORPORATED,-120.15933990478516,37.043514251708984
94837308,2025,2025-09-09,9450,2025-09-04,1001,021280,,4,1,9,2000,0,1,3,,1,042,SR-41,"AVENUE 15",980.00,S,N,A,-,Y,MAD,,41," "," ",6.037,H,,R,Y,3,0,2,2,A,-,03,22350,,N,C,C,A,A,H,-,A,D,0,,,,,Y,,A,07,0,2,0,0,0,0,0,0,0,"- ","- ",36.964168548583984,-119.79402160644531,MADERA,UNINCORPORATED,-119.79392242431641,36.964168548583984
94837347,2025,2025-09-09,9450,2025-09-07,1840,021811,,7,2,9,2000,0,2,4,,2,035,"AVENUE 12","COUNTY ROAD 23",0.00,,Y,A,-,N,,,,,,,,,,Y,4,0,1,2,A,-,12,22450,A,N,D,C,A,A,H,-,A,A,0,,,,,Y,,A,01,0,0,1,0,0,0,0,0,0,"- ","- ",36.923759460449219,-120.12860870361328,MADERA,UNINCORPORATED,-120.128662109375,36.923740386962891
94837472,2025,2025-09-09,9456,2025-08-31,2000,021944,,7,2,9,2000,0,1,3,,1,051,SR-41,"MECCA LANE",4224.00,S,N,A,-,Y,MAD,,41," "," ",21.744,H,,R,Y,3,0,4,4,A,-,06,21751,,F,B,C,A,A,H,-,D,D,0,,,,,Y,Y,-,99,0,1,3,0,0,0,0,0,0,"- ","- ",37.178138732910156,-119.72892761230469,MADERA,UNINCORPORATED,-119.72892761230469,37.178138732910156
94837712,2025,2025-09-09,9450,2025-09-08,"700 ",018551,,1,1,9,2000,0,3,5,,2,030,"SR-99 SB TO AVENUE 9","AVENUE 9",0.00,,Y,A,-,N,,,,,,,,,,N,3,0,1,2,A,-,09,21802,A,N,D,2,A,A,H,-,A,A,0,,,,,Y,,A,01,0,1,0,0,0,0,0,0,0,"- ","- ",36.880241394042969,-119.97889709472656,MADERA,UNINCORPORATED,-119.97695922851562,36.880218505859375
94837993,2025,2025-09-09,9450,2025-08-28,1301,021280,,4,1,4,2002,0,1,3,,2,011,"SR-99 S/B","AVENUE 17",2112.00,S,N,A,-,Y,MAD,,99," "," ",13.777,H,,L,Y,3,0,1,2,A,-,07,21658,A,F,E,I,A,A,H,-,A,D,0,,,,,Y,,-,99,0,1,0,0,0,0,0,0,0,"- ","- ",36.992450714111328,-120.09628295898438,MADERA,MADERA,-120.09635925292969,36.992385864257812
94838908,2025,2025-09-10,9450,2025-09-04,1735,021555,,4,2,9,2000,0,2,4,,2,045,"AVENUE 12","COUNTY ROAD 36",1320.00,W,N,A,-,N,,,,,,,,,,Y,4,0,1,3,A,-,03,22350,,N,C,C,A,A,H,-,A,D,0,,,,,Y,,A,01,0,0,1,0,0,0,0,0,0,"- ","- ",36.923000335693359,-119.89807891845703,MADERA,UNINCORPORATED,-119.89882659912109,36.923019409179688
94842974,2025,2025-09-12,9450,2025-09-06,1054,021280,,6,1,9,2000,0,1,3,,1,013,"SR-152 E/B","COUNTY ROAD 16",0.00,,Y,A,-,Y,MAD,,152," "," ",13.043,H,,R,Y,4,0,3,3,A,-,16,29004,A,N,E,J,A,A,H,-,A,A,0,,,,,Y,,E,22,0,0,3,0,0,0,0,0,0,"- ","- ",37.083778381347656,-120.25679779052734,MADERA,UNINCORPORATED,-120.25679779052734,37.083759307861328
94844447,2025,2025-09-15,9450,2025-09-13,1520,020253,,6,2,9,2000,0,3,5,,2,030,"COUNTY ROAD 29","AVENUE 12",300.00,N,N,A,-,N,,,,,,,,,,N,3,0,2,1,A,-,08,22107,,N,E,8,A,A,H,-,A,D,0,,,,,Y,,A,01,0,1,1,0,0,0,0,0,0,"- ","- ",36.924850463867188,-120.01927947998047,MADERA,UNINCORPORATED,-120.02755737304688,36.923740386962891
94844456,2025,2025-09-15,9450,2025-09-12,1849,021407,,5,2,9,2000,0,3,5,,2,020,"SANTA FE DRIVE","AVENUE 26",0.00,,Y,A,-,N,,,,,,,,,,Y,4,0,3,2,A,-,09,21802,A,N,D,C,A,A,H,-,A,A,0,,,,,Y,,A,01,0,0,3,0,0,0,0,0,0,"- ","- ",37.127048492431641,-120.15103149414062,MADERA,UNINCORPORATED,-120.15106964111328,37.127052307128906
94846083,2025,2025-09-16,9450,2025-09-14,2218,023299,,7,3,9,2000,0,3,5,,2,030,"COUNTY ROAD 23","AVENUE 12 1/2",12.00,S,N,A,-,N,,,,,,,,,,Y,4,0,1,1,A,-,08,22107,,N,E,8,A,A,H,-,D,D,0,,,,,Y,,A,01,0,0,1,0,0,0,0,0,0,"- ","- ",36.931011199951172,-120.12844085693359,MADERA,UNINCORPORATED,-120.12857055664062,36.931026458740234
94846118,2025,2025-09-16,9450,2025-09-14,"915 ",018551,,7,1,9,2000,0,3,5,,2,030,"AVENUE 7","FIREBAUGH BLVD",0.00,,Y,A,-,N,,,,,,,,,,N,3,0,1,2,A,-,09,21802,A,N,D,C,A,A,H,-,A,A,0,,,,,Y,,A,01,0,1,0,0,0,0,0,0,0,"- ","- ",36.859161376953125,-120.34092712402344,MADERA,UNINCORPORATED,-120.34098815917969,36.859310150146484
94846144,2025,2025-09-16,9450,2025-09-09,"815 ",021300,,2,1,9,2000,0,1,3,,2,031,"STATE ROUTE 99","AVENUE 9",528.00,S,N,A,-,Y,MAD,,99," ",R,3.284,H,,R,Y,4,0,3,3,A,-,03,22350,,N,C,C,A,A,H,-,A,D,0,,,,,Y,,A,01,0,0,3,0,0,0,0,0,0,"- ","- ",36.877429962158203,-119.97305297851562,MADERA,UNINCORPORATED,-119.97303009033203,36.877445220947266
94847863,2025,2025-09-17,9450,2025-09-16,1733,018676,,2,2,4,2002,0,1,3,,2,031,"SR-99 SOUTHBOUND","MADERA AVENUE",2112.00,N,N,A,-,Y,MAD,,99," "," ",10.728,H,,L,Y,4,0,1,2,A,-,08,22107,,N,E,I,A,A,H,-,A,D,0,,,,,Y,,A,01,0,0,1,0,0,0,0,0,0,"- ","- ",36.958339691162109,-120.06154632568359,MADERA,MADERA,-120.06163024902344,36.958290100097656
94848051,2025,2025-09-17,9456,2025-04-24,2144,019856,,4,2,9,2000,0,3,5,,2,050,"COUNTY ROAD 426","ROAD 223",171.00,W,N,A,-,N,,,,,,,,,,Y,1,1,0,1,A,-,01,23152,A,N,E,I,A,A,H,-,D,D,0,,,,,Y,Y,A,01,0,0,0,0,0,0,0,0,0,"- ","- ",37.310939788818359,-119.58384704589844,MADERA,UNINCORPORATED,-119.583740234375,37.311023712158203
94849566,2025,2025-09-18,9450,2025-09-12,2358,021508,,5,3,9,2000,0,1,3,,2,011,"SR-99 (S/B)","AVE 21",1584.00,S,N,A,-,Y,MAD,,99," "," ",20.061,H,,R,Y,3,0,1,2,A,-,03,22350,,N,C,C,A,A,H,-,D,D,0,,,,,Y,,A,01,0,1,0,0,0,0,0,0,0,"- ","- ",37.057510375976562,-120.17579650878906,MADERA,UNINCORPORATED,-120.17562866210938,37.057640075683594
94849577,2025,2025-09-18,9450,2025-09-11,1857,021811,,4,2,9,2000,0,3,5,,2,040,"GROVLAND AVE W.","BLOSSOM WAY S.",55.00,W,N,A,-,N,,,,,,,,,,N,4,0,1,2,A,-,05,21660,,N,G,B,A,A,H,-,A,D,0,,,,,Y,,M,93,0,0,1,0,0,0,0,0,0,"- ","- ",36.916469573974609,-119.80194854736328,MADERA,UNINCORPORATED,-119.80191802978516,36.91644287109375
9484993,2022,2022-08-31,2002,2022-08-16,1410,4666,,2,5,4,2002,0,0,0,,0,003,"CLEVELAND AV W","SCHNOOR AV N",650.00,E,N,A,-,N,,,,,,,,,,Y,2,0,2,3,A,-,01,23153,A,N,C,C,A,A,H,-,A,A,0,,,,,Y,Y,A,01,1,1,0,0,0,0,0,0,0,"- ","- ",,,MADERA,MADERA,-120.08232879638672,36.974540710449219
9484994,2022,2022-08-31,2002,2022-08-18,0200,4224,,4,5,4,2002,0,0,0,,0,004,"GRANADA DR S","APPLE TREE DR",16.00,N,N,A,-,N,,,,,,,,,,Y,3,0,1,1,A,-,01,23152,A,N,E,I,A,A,H,-,C,D,0,,,,,Y,Y,A,01,0,1,0,0,0,0,0,0,0,"- ","- ",,,MADERA,MADERA,-120.0921630859375,36.943714141845703
94850458,2025,2025-09-18,9450,2025-09-18,"558 ",021280,,4,3,9,2000,0,1,3,,2,031,"SR-99 N/B","AVENUE 7",5280.00,S,N,A,-,Y,MAD,,99," ",R,0.604,H,,R,Y,4,0,1,2,A,-,03,22350,,N,C,C,A,A,H,-,D,D,0,,,,Y,Y,,A,01,0,0,1,0,0,0,0,0,0,"- ","- ",36.847900390625,-119.94168853759766,MADERA,UNINCORPORATED,-119.94170379638672,36.847881317138672
94851588,2025,2025-09-19,9450,2025-09-18,1846,021407,,4,2,9,2000,0,1,3,,2,031,"SR-99 N/B","AVE 8",1584.00,N,N,C,-,Y,MAD,,99," "," ",2.339,H,,R,N,4,0,1,2,A,-,03,22350,,N,C,C,A,B,H,-,A,D,0,,,,Y,Y,,G,25,0,0,1,0,0,0,0,0,0,"- ","- ",36.867008209228516,-119.96195983886719,MADERA,UNINCORPORATED,-119.96192932128906,36.867031097412109
94851606,2025,2025-09-19,9450,2025-09-09,"405 ",021530,,2,3,9,2000,0,1,3,,2,011,"NB SR-99","AVENUE 18 1/2",4752.00,S,N,A,-,Y,MAD,,99," "," ",15.328,H,,R,Y,2,0,1,1,A,-,01,23152,A,N,F,I,A,A,H,-,D,D,0,,,,,Y,Y,A,01,1,0,0,0,0,0,0,0,0,"- ","- ",37.008541107177734,-120.11537933349609,MADERA,UNINCORPORATED,-120.11548614501953,37.008460998535156
94851940,2025,2025-09-19,9450,2025-09-17,"645 ",021202,,3,1,9,2000,0,3,5,,2,030,"AVENUE 7","COUNTY ROAD 32",634.00,W,N,A,-,N,,,,,,,,,,Y,4,0,1,1,A,-,01,23152,F,N,E,I,A,A,H,-,A,D,0,,,,,Y,,A,01,0,0,1,0,0,0,0,0,0,"- ","- ",36.851299285888672,-119.96720886230469,MADERA,UNINCORPORATED,-119.96698760986328,36.851245880126953
94852979,2025,2025-09-22,9450,2025-09-13,1945,021407,,6,2,9,2000,0,2,4,,2,044,"COUNTY ROAD 145","COUNTY ROAD 206",6864.00,W,N,A,-,Y,,,,,,,,,,Y,2,0,1,1,A,-,01,23152,A,M,E,I,A,A,H,-,D,D,0,,,,,Y,Y,D,22,1,0,0,0,0,0,0,0,0,"- ","- ",37.0106201171875,-119.76053619384766,MADERA,UNINCORPORATED,-119.759521484375,37.010540008544922
9485314,2022,2022-09-06,2002,2022-08-17,1357,3660,CITY,3,5,4,2002,0,0,0,,0,002,"KENNEDY ST E","MERCED ST",12.00,S,N,A,-,N,,,,,,,,,,N,4,0,1,2,A,-,09,21802,A,N,D,C,A,A,H,-,A,A,0,,,,Y,Y,,F,25,0,0,1,0,0,0,0,0,0,"- ","- ",,,MADERA,MADERA,-120.05251312255859,36.981731414794922
94855196,2025,2025-09-22,9456,2025-09-22,1240,018869,,1,1,9,2000,0,1,3,,1,051,SR41,"ROAD 425C / CAVIN LN.",200.00,N,N,A,-,Y,MAD,,41," "," ",31.787,H,,R,Y,3,0,1,2,A,-,03,22350,,N,C,C,A,A,H,-,A,D,0,,,,,Y,,A,01,0,1,0,0,0,0,0,0,0,"- ","- ",37.286960601806641,-119.65360260009766,MADERA,UNINCORPORATED,-119.65360260009766,37.286964416503906
94855225,2025,2025-09-22,9450,2025-09-19,1530,020253,,5,2,9,2000,0,1,3,,1,043,"STATE ROUTE 41","COUNTY ROAD 208",5280.00,N,N,A,-,Y,MAD,,41," "," ",12.451,H,,R,N,2,0,4,3,A,-,01,23152,A,N,A,C,A,A,H,-,A,D,0,,,,,Y,Y,D,22,2,0,2,0,0,0,0,0,0,"- ","- ",37.053218841552734,-119.77362823486328,MADERA,UNINCORPORATED,-119.77364349365234,37.053226470947266
94856393,2025,2025-09-23,9450,2025-09-18,2250,021811,,4,3,9,2000,0,1,3,,1,042,SR-41,"CHILDRENS BLVD.",2112.00,S,N,B,-,Y,MAD,,41," ",R,0.817,H,,L,Y,3,0,2,2,A,-,01,23152,A,N,C,C,A,B,H,-,C,D,0,,,,,Y,Y,A,01,0,1,1,0,0,0,0,0,0,"- ","- ",36.88787841796875,-119.79306030273438,MADERA,UNINCORPORATED,-119.7930908203125,36.887882232666016
94856529,2025,2025-09-23,9450,2025-09-18,1815,021508,,4,2,9,2000,0,1,3,,2,031,"SR-99 (N/B)","AVENUE 9",1056.00,S,N,B,C,Y,MAD,,99," ",R,3.410,H,,R,Y,3,0,4,2,A,-,03,22350,,N,C,C,A,B,H,-,A,D,0,,,,,Y,,A,01,0,4,0,0,0,0,0,0,0,"- ","- ",36.878608703613281,-119.97476959228516,MADERA,UNINCORPORATED,-119.97474670410156,36.878631591796875
94856921,2025,2025-09-23,9450,2025-09-19,2013,021407,,5,2,9,2000,0,3,5,,2,020,"AVENUE 17","HOWARD BLVD",1584.00,E,N,A,-,N,,,,,,,,,,Y,2,0,1,1,A,-,01,23152,A,N,D,H,A,A,H,-,D,B,0,,,Y,,Y,Y,C,06,1,0,0,0,0,0,0,0,1,"- ","- ",36.996231079101562,-120.03872680664062,MADERA,UNINCORPORATED,,
94856930,2025,2025-09-23,9450,2025-09-15,1833,021530,,1,2,9,2000,0,3,5,,2,030,"NB SR-99","AVENUE 9",2800.00,S,N,A,-,Y,MAD,,99," "," ",3.025,H,,R,N,4,0,1,3,A,-,03,22350,,N,C,C,A,A,H,-,B,D,0,,,,,Y,,D,22,0,0,1,0,0,0,0,0,0,"- ","- ",36.874691009521484,-119.9698486328125,MADERA,UNINCORPORATED,-119.96986389160156,36.874683380126953
94856981,2025,2025-09-23,9450,2025-09-16,2028,017868,,2,2,9,2000,0,3,5,,2,020,"LAKE STREET","MARTIN STREET",300.00,S,N,A,-,N,,,,,,,,,,Y,3,0,1,2,A,-,01,23152,A,M,B,C,A,A,H,-,D,D,0,,,,,Y,Y,A,08,0,1,0,0,0,0,0,0,0,"- ","- ",36.991428375244141,-120.05622100830078,MADERA,UNINCORPORATED,-120.05613708496094,36.991737365722656
9485714,2022,2022-10-19,2002,2022-08-21,2038,4680,,7,5,4,2002,0,0,0,,0,002,"LAKE ST N","SHERWOOD WY",0.00,,Y,A,-,N,,,,,,,,,,N,3,0,1,2,A,-,09,21800,A,N,D,G,A,A,H,-,C,A,0,,Y,,,Y,,A,01,0,1,0,0,0,0,1,0,0,"- ","- ",,,MADERA,MADERA,-120.05631256103516,36.977230072021484
94858050,2025,2025-09-24,9456,2025-09-15,1149,019856,,1,1,9,2000,0,1,3,,1,051,"STATE ROUTE 41","VICTORIA LANE",300.00,S,N,A,-,Y,MAD,,41," "," ",34.463,H,,R,Y,4,0,2,2,A,-,05,21460,A,N,A,C,A,A,H,-,A,D,0,,,,,Y,,E,22,0,0,2,0,0,0,0,0,0,"- ","- ",37.318771362304688,-119.66272735595703,MADERA,UNINCORPORATED,-119.66272735595703,37.318775177001953
94858147,2025,2025-09-24,9450,2025-09-23,"835 ",018551,,2,1,9,2000,0,1,3,,2,031,"SR-99 N/B FROM MADERA AVENUE (ON-RAMP)",SR-145,700.00,N,N,A,-,Y,MAD,,99," "," ",10.464,H,,R,N,3,0,1,3,A,-,03,22350,,N,C,C,A,A,H,-,A,D,0,,,,,Y,,A,01,0,1,0,0,0,0,0,0,0,"- ","- ",36.955551147460938,-120.05837249755859,MADERA,UNINCORPORATED,-120.05843353271484,36.955509185791016
94858171,2025,2025-09-24,9450,2025-09-23,1345,018551,,2,1,9,2000,0,3,5,,2,030,"AVENUE 9","COUNTY ROAD 30 1/2",900.00,E,N,A,-,N,,,,,,,,,,N,3,0,1,3,A,-,09,21804,A,N,C,C,A,A,H,-,A,D,0,,,,,Y,,A,07,0,1,0,0,0,0,0,0,0,"- ","- ",36.880279541015625,-119.97039031982422,MADERA,UNINCORPORATED,-119.97004699707031,36.8802490234375
94858180,2025,2025-09-24,9450,2025-09-23,1355,021285,,2,1,9,2000,0,1,3,,1,042,"SB SR-41","AVENUE 15",528.00,S,N,A,-,Y,MAD,,41," "," ",5.982,H,,R,Y,4,0,1,1,A,-,08,22107,,N,E,I,A,A,H,-,A,D,0,,,,,Y,,A,07,0,0,1,0,0,0,0,0,0,"- ","- ",36.963359832763672,-119.79376220703125,MADERA,UNINCORPORATED,-119.79392242431641,36.963359832763672
94858336,2025,2025-09-24,9450,2025-09-15,2049,021320,,1,2,9,2000,0,3,5,,2,020,"AVENUE 17","D ST.",0.00,,Y,A,-,N,,,,,,,,,,Y,4,0,2,2,A,-,01,23152,A,N,D,C,A,A,H,-,D,A,0,,,,,Y,Y,A,07,0,0,2,0,0,0,0,0,0,"- ","- ",36.996288299560547,-120.06316375732422,MADERA,UNINCORPORATED,-120.06314849853516,36.996307373046875
9485848,2022,2022-09-07,2002,2022-08-25,1802,4479,MADER,4,5,4,2002,0,0,0,,0,001,"SUNRISE AV","LAKE ST S",0.00,,Y,A,-,N,,,,,,,,,,N,3,0,1,2,A,-,10,21950,,N,D,G,A,A,H,-,A,D,0,,Y,,,Y,,A,01,0,1,0,0,0,0,1,0,0,"- ","- ",,,MADERA,MADERA,-120.04869079589844,36.959976196289062
9485989,2022,2022-09-12,2002,2022-08-25,1906,4559,MADER,4,5,4,2002,0,0,0,,0,002,"LAKE ST N","SHERWOOD WY",0.00,,Y,A,-,N,,,,,,,,,,N,3,0,1,2,A,-,10,21950,A,N,G,B,B,A,H,-,B,A,0,Y,,,,Y,,A,01,0,1,0,0,1,0,0,0,0,"- ","- ",,,MADERA,MADERA,-120.05631256103516,36.977230072021484