CASE_ID,ACCIDENT_YEAR,PROC_DATE,JURIS,COLLISION_DATE,COLLISION_TIME,OFFICER_ID,REPORTING_DISTRICT,DAY_OF_WEEK,CHP_SHIFT,POPULATION,CNTY_CITY_LOC,SPECIAL_COND,BEAT_TYPE,CHP_BEAT_TYPE,CITY_DIVISION_LAPD,CHP_BEAT_CLASS,BEAT_NUMBER,PRIMARY_RD,SECONDARY_RD,DISTANCE,DIRECTION,INTERSECTION,WEATHER_1,WEATHER_2,STATE_HWY_IND,CALTRANS_COUNTY,CALTRANS_DISTRICT,STATE_ROUTE,ROUTE_SUFFIX,POSTMILE_PREFIX,POSTMILE,LOCATION_TYPE,RAMP_INTERSECTION,SIDE_OF_HWY,TOW_AWAY,COLLISION_SEVERITY,NUMBER_KILLED,NUMBER_INJURED,PARTY_COUNT,PRIMARY_COLL_FACTOR,PCF_CODE_OF_VIOL,PCF_VIOL_CATEGORY,PCF_VIOLATION,PCF_VIOL_SUBSECTION,HIT_AND_RUN,TYPE_OF_COLLISION,MVIW,PED_ACTION,ROAD_SURFACE,ROAD_COND_1,ROAD_COND_2,LIGHTING,CONTROL_DEVICE,CHP_ROAD_TYPE,PEDESTRIAN_ACCIDENT,BICYCLE_ACCIDENT,MOTORCYCLE_ACCIDENT,TRUCK_ACCIDENT,NOT_PRIVATE_PROPERTY,ALCOHOL_INVOLVED,STWD_VEHTYPE_AT_FAULT,CHP_VEHTYPE_AT_FAULT,COUNT_SEVERE_INJ,COUNT_VISIBLE_INJ,COUNT_COMPLAINT_PAIN,COUNT_PED_KILLED,COUNT_PED_INJURED,COUNT_BICYCLIST_KILLED,COUNT_BICYCLIST_INJURED,COUNT_MC_KILLED,COUNT_MC_INJURED,PRIMARY_RAMP,SECONDARY_RAMP,LATITUDE,LONGITUDE,COUNTY,CITY,POINT_X,POINT_Y
9611954,2023,2023-09-29,2002,2023-08-24,2214,4766,,4,5,4,2002,0,0,0,,0,001,"ELM AV","SANTA FE CT",77.00,N,N,A,-,N,,,,,,,,,,Y,4,0,1,3,A,-,08,22107,,N,C,E,A,A,H,-,C,D,0,,,,,Y,,A,01,0,0,1,0,0,0,0,0,0,"- ","- ",,,MADERA,MADERA,-120.04376983642578,36.970302581787109
9611958,2023,2023-09-29,2002,2023-08-24,1644,4224,,4,5,4,2002,0,0,0,,0,003,"GATEWAY AV N","CLEVELAND AV W",965.00,S,N,A,-,N,,,,,,,,,,Y,2,0,1,2,A,-,09,21801,A,N,D,C,A,A,H,-,A,D,0,,,Y,,Y,Y,D,22,1,0,0,0,0,0,0,0,1,"- ","- ",,,MADERA,MADERA,-120.07235717773438,36.972980499267578
9612082,2023,2023-09-14,2002,2023-08-24,1652,4680,,4,5,4,2002,0,0,0,,0,003,"AVE 17","GOLDEN STATE BL N",0.00,,Y,A,-,N,,,,,,,,,,Y,2,0,1,2,A,-,09,21802,A,N,D,C,A,A,H,-,A,A,0,,,Y,,Y,,A,01,1,0,0,0,0,0,0,0,1,"- ","- ",,,MADERA,MADERA,-120.10618591308594,36.996505737304688
9612083,2023,2023-09-14,2002,2023-08-12,"821 ",4748,,6,5,4,2002,0,0,0,,0,001,"YOSEMITE AV E","D ST N",0.00,,Y,A,-,N,,,,,,,,,,N,3,0,1,2,A,-,10,21950,,N,G,B,B,A,H,-,A,A,0,Y,,,,Y,,A,01,0,1,0,0,1,0,0,0,0,"- ","- ",,,MADERA,MADERA,-120.05850219726562,36.962623596191406
9612246,2023,2023-10-09,2002,2023-09-05,"807 ",4224,,2,5,4,2002,0,0,0,,0,003,"AVE 16","RT 99",0.00,,Y,A,-,Y,MAD,6,99,-,-,12.986,R,4,S,Y,4,0,2,2,A,-,09,21801,A,N,D,C,A,A,H,-,A,D,0,,,,,Y,,A,01,0,0,2,0,0,0,0,0,0,"- ","- ",,,MADERA,MADERA,-120.08635711669922,36.984188079833984
9612306,2023,2023-10-27,2002,2023-09-05,1444,4224,,2,5,4,2002,0,0,0,,0,002,"SHERWOOD WY","COUNTRY CLUB DR",203.00,E,N,A,-,N,,,,,,,,,,N,4,0,1,2,A,-,09,21804,A,N,D,C,A,A,H,-,A,D,0,,,,,Y,,A,07,0,0,1,0,0,0,0,0,0,"- ","- ",,,MADERA,MADERA,-120.07351684570312,36.977260589599609
9612307,2023,2023-10-27,2002,2023-09-07,"749 ",4808,,4,5,4,2002,0,0,0,,0,002,"ELLIS ST E","MERCE ST",0.00,,Y,A,-,N,,,,,,,,,,Y,3,0,3,2,A,-,09,21801,A,N,D,C,A,A,H,-,A,A,0,,,,,Y,,A,01,0,2,1,0,0,0,0,0,0,"- ","- ",,,MADERA,MADERA,-120.05248260498047,36.986770629882812
9615900,2023,2023-10-09,2002,2023-09-17,1323,4808,2002,7,5,4,2002,0,0,0,,0,002,"ADELL ST E","AUSTIN AV",0.00,,Y,A,-,N,,,,,,,,,,N,4,0,1,2,A,-,09,21802,A,N,D,C,A,A,H,-,A,A,0,,,,,Y,,A,07,0,0,1,0,0,0,0,0,0,"- ","- ",,,MADERA,MADERA,-120.05966949462891,36.982807159423828
9616340,2023,2023-10-18,2002,2023-09-23,1917,4561,,6,5,4,2002,0,0,0,,0,004,"AVE 13","WATT ST",0.00,,Y,A,-,N,,,,,,,,,,Y,4,0,2,2,A,-,03,22350,,N,C,C,A,A,H,-,C,A,0,,,,,Y,,A,01,0,0,2,0,0,0,0,0,0,"- ","- ",,,MADERA,MADERA,-120.05126190185547,36.938304901123047
9616341,2023,2023-10-19,2002,2023-09-16,"449 ",4766,,6,5,4,2002,0,0,0,,0,003,"4TH ST W","L ST N",0.00,,Y,A,-,N,,,,,,,,,,N,3,0,1,2,A,-,08,22107,,F,D,G,A,A,H,-,C,D,0,,Y,,,Y,,-,,0,1,0,0,0,0,1,0,0,"- ","- ",,,MADERA,MADERA,-120.06874084472656,36.958850860595703
9617866,2023,2023-10-13,2002,2023-09-14,1252,4758,,4,5,4,2002,0,0,0,,0,002,"GATEWAY DR","CENTRAL AV",1268.00,N,N,A,-,N,,,,,,,,,,Y,2,0,1,3,A,-,09,21804,A,N,D,C,A,A,H,-,A,D,0,,,,,Y,,A,08,1,0,0,0,0,0,0,0,0,"- ","- ",,,MADERA,MADERA,-120.06939697265625,36.970211029052734
9618107,2023,2023-11-27,2002,2023-10-02,1502,4224,,1,5,4,2002,0,0,0,,0,003,"N GATEWAY DR","MARKETPLACE DR",990.00,E,N,A,-,N,,,,,,,,,,Y,4,0,2,2,A,-,09,21801,A,N,A,A,A,A,H,-,A,D,0,,,,,Y,,J,48,0,0,2,0,0,0,0,0,0,"- ","- ",,,MADERA,MADERA,,
9620800,2023,2023-10-23,2001,2023-09-24,1950,030,4B,7,5,3,2001,0,0,0,,0,,"COUNTY ROAD 16","AVE 24",0.00,,Y,A,-,N,,,,,,,,,,Y,2,0,1,2,A,-,12,22450,A,N,D,C,A,A,H,-,D,A,0,,,Y,,Y,,C,02,1,0,0,0,0,0,0,0,1,"- ","- ",37.098258972167969,-120.25672912597656,MADERA,CHOWCHILLA,-120.25678253173828,37.098251342773438
9621308,2023,2023-11-14,2002,2023-10-24,1332,4274,,2,5,4,2002,0,0,0,,0,003,"SCHNOOR AV","CLEVELAND AV",32.00,N,N,A,-,N,,,,,,,,,,Y,3,0,1,2,A,-,03,22350,,N,C,C,A,A,H,-,A,A,0,,,,,Y,,A,01,0,1,0,0,0,0,0,0,0,"- ","- ",,,MADERA,MADERA,-120.08454132080078,36.974636077880859
9621309,2023,2023-11-14,2002,2023-10-18,1419,4224,,3,5,4,2002,0,0,0,,0,004,"STADIUM RD","MILANO LN",0.00,,Y,A,-,N,,,,,,,,,,N,4,0,1,2,A,-,10,21950,A,N,G,B,B,A,H,-,A,A,0,Y,,,,Y,,A,07,0,0,1,0,1,0,0,0,0,"- ","- ",,,MADERA,MADERA,,
9621670,2023,2023-11-01,2002,2023-09-02,1259,4584,MSC,6,5,4,2002,0,0,0,,0,002,"LAKE ST N","CLEVELAND AV E",51.00,N,N,A,-,N,,,,,,,,,,N,4,0,1,2,A,-,04,21703,,M,C,C,A,A,H,-,A,A,0,,,,,Y,,A,01,0,0,1,0,0,0,0,0,0,"- ","- ",,,MADERA,MADERA,-120.05637359619141,36.974658966064453
9621738,2023,2023-11-03,2002,2023-09-16,"918 ",4680,,6,5,4,2002,0,0,0,,0,004,"PINE ST S","HOWARD RD",0.00,,Y,A,-,N,,,,,,,,,,Y,3,0,2,3,A,-,12,21453,A,N,D,C,A,A,H,-,A,A,0,,,,,Y,,A,01,0,1,1,0,0,0,0,0,0,"- ","- ",,,MADERA,MADERA,-120.07399749755859,36.952747344970703
9621769,2023,2023-10-26,2002,2023-09-15,1542,4666,MADER,5,5,4,2002,0,0,0,,0,003,"4TH ST W","SUNSET AV",84.00,E,N,A,-,N,,,,,,,,,,N,4,0,1,2,A,-,03,22350,,N,C,C,A,A,H,-,A,A,0,,,,,Y,,A,01,0,0,1,0,0,0,0,0,0,"- ","- ",,,MADERA,MADERA,-120.06692504882812,36.960079193115234
9621770,2023,2023-10-26,2002,2023-09-15,2016,4681,,5,5,4,2002,0,0,0,,0,002,"SHERWOOD WY","AUSTIN ST",55.00,E,N,A,-,N,,,,,,,,,,N,4,0,1,2,A,-,03,22350,,N,D,C,A,A,H,-,C,A,0,,,,,Y,,A,01,0,0,1,0,0,0,0,0,0,"- ","- ",,,MADERA,MADERA,-120.05947875976562,36.977230072021484
9622002,2023,2023-12-02,2002,2023-10-02,"442 ",4667,MADER,1,5,4,2002,0,0,0,,0,001,"CENTRAL AV E","D ST N",165.00,E,N,A,-,N,,,,,,,,,,N,4,0,1,2,A,-,11,21954,A,N,G,B,E,A,H,-,C,A,0,Y,,,,Y,Y,N,60,0,0,1,0,1,0,0,0,0,"- ","- ",,,MADERA,MADERA,-120.06263732910156,36.967384338378906
9622375,2023,2023-12-01,2002,2023-10-10,"716 ",3850,,2,5,4,2002,0,0,0,,0,002,"AVE 17","SHARON BL",375.00,W,N,B,-,N,,,,,,,,,,N,3,0,1,2,A,-,08,22100,B,N,D,C,A,A,H,-,A,A,0,,,,,Y,,E,22,0,1,0,0,0,0,0,0,0,"- ","- ",,,MADERA,MADERA,,
9623591,2023,2024-02-01,2002,2023-11-04,1410,4738,MSC,6,5,4,2002,0,0,0,,0,001,"LAKE ST S","6TH ST E",0.00,,Y,A,-,N,,,,,,,,,,N,4,0,1,2,A,-,10,21950,A,N,G,G,A,A,H,-,A,A,0,,Y,,,Y,,A,01,0,0,1,0,0,0,1,0,0,"- ","- ",,,MADERA,MADERA,-120.05329132080078,36.9644775390625
9623781,2023,2024-01-06,2002,2023-11-03,1829,4466,,5,5,4,2002,0,0,0,,0,004,"4TH ST E","G ST S",35.00,E,N,A,-,N,,,,,,,,,,N,4,0,1,2,A,-,03,22350,,N,C,C,A,A,H,-,C,A,0,,,,,Y,,A,01,0,0,1,0,0,0,0,0,0,"- ","- ",,,MADERA,MADERA,-120.06342315673828,36.962440490722656
9623868,2023,2024-01-06,2002,2023-11-06,"712 ",4224,,1,5,4,2002,0,0,0,,0,004,"GATEWAY DR S","OLIVE AV E",1400.00,S,N,B,C,N,,,,,,,,,,Y,4,0,1,1,A,-,03,22350,,N,E,I,A,B,H,-,A,D,0,,,,,Y,,D,22,0,0,1,0,0,0,0,0,0,"- ","- ",,,MADERA,MADERA,-120.04850006103516,36.949901580810547
9624046,2023,2023-10-05,2002,2023-09-11,2014,4535,,1,5,4,2002,0,0,0,,0,004,"MADERA AV S","MAPLE ST",65.00,N,N,A,-,Y,MAD,6,145,-,-,8.890,H,-,S,Y,1,1,0,3,A,-,11,21954,A,N,A,B,D,A,H,-,C,D,0,Y,,,,Y,Y,N,60,0,0,0,1,0,0,0,0,0,"- ","- ",,,MADERA,MADERA,-120.05606079101562,36.950305938720703
9624111,2023,2025-06-26,2002,2023-10-01,1908,4765,MADER,7,5,4,2002,0,0,0,,0,004,"G ST S","12TH ST W",187.00,N,N,A,-,N,,,,,,,,,,Y,1,1,0,2,A,-,11,21954,A,N,G,B,D,A,H,-,B,D,0,Y,,,,Y,Y,N,60,0,0,0,1,0,0,0,0,0,"- ","- ",,,MADERA,MADERA,-120.0546875,36.953914642333984
9624112,2023,2025-06-26,2002,2023-10-02,"29  ",4750,MSC,1,5,4,2002,0,0,0,,0,004,RT-145,"GARY LN E",21.00,S,N,A,-,Y,MAD,6,145,-,-,8.310,H,-,S,Y,1,1,0,1,A,-,03,22350,,N,F,J,A,A,H,-,C,D,0,,,,,Y,Y,A,01,0,0,0,0,0,0,0,0,0,"- ","- ",,,MADERA,MADERA,-120.05602264404297,36.941757202148438
9625182,2023,2023-10-04,2002,2023-09-05,"951 ",4224,,2,5,4,2002,0,0,0,,0,001,"RT 145","D ST S",0.00,,Y,A,-,Y,MAD,6,145,-,-,9.830,I,5,N,N,4,0,1,2,A,-,10,21950,A,N,G,B,B,A,H,-,A,A,0,Y,,,,Y,,A,08,0,0,1,0,1,0,0,0,0,"- ","- ",,,MADERA,MADERA,-120.05847930908203,36.962612152099609
9628185,2023,2023-11-02,2002,2023-09-14,1835,4763,MADER,4,5,4,2002,0,0,0,,0,004,"RT 145","STANFORD AV",718.00,S,N,A,-,Y,MAD,6,145,-,-,7.680,H,-,N,N,3,0,1,2,A,-,07,21658,,F,B,C,A,A,H,-,A,D,0,,,,,Y,,D,22,0,1,0,0,0,0,0,0,0,"- ","- ",,,MADERA,MADERA,-120.05605316162109,36.932884216308594
9628323,2023,2023-11-03,2001,2023-09-05,1040,036,12A,2,5,3,2001,0,0,0,,0,00A,"CALAVERAS ST","ROSEHILL DR",0.00,,Y,A,-,N,,,,,,,,,,N,3,0,1,2,A,-,09,21801,A,N,D,C,A,A,H,-,A,D,0,,,Y,,Y,,A,01,0,1,0,0,0,0,0,0,1,"- ","- ",37.126579284667969,-120.26966857910156,MADERA,CHOWCHILLA,-120.26976013183594,37.126567840576172
9628326,2023,2023-11-01,2002,2023-09-29,"813 ",4808,,5,5,4,2002,0,0,0,,0,004,"6TH ST E","GATEWAY DR S",213.00,E,N,A,-,Y,MAD,6,145,-,-,9.600,I,6,N,Y,2,0,1,1,A,-,00,22526,D,N,H,F,A,A,H,-,A,A,0,,,,,Y,,A,01,1,0,0,0,0,0,0,0,0,"- ","- ",,,MADERA,MADERA,-120.05953979492188,36.960357666015625
9628330,2023,2023-11-01,2001,2023-09-05,1726,035,12A,2,5,3,2001,0,0,0,,0,00A,"RT 233","11TH ST",0.00,,Y,A,-,Y,MAD,6,233,-,-,2.760,I,5,N,N,3,0,1,2,D,-,00,,,N,G,B,B,A,H,-,A,A,0,Y,,,,Y,,-,"- ",0,1,0,0,1,0,0,0,0,"- ","- ",37.116680145263672,-120.26789855957031,MADERA,CHOWCHILLA,-120.26784515380859,37.11669921875
9631693,2023,2024-01-23,2002,2023-11-13,1205,4466,,1,5,4,2002,0,0,0,,0,003,"WESTBERRY BL","CLEVELAND AV W",0.00,,Y,A,-,N,,,,,,,,,,Y,3,0,4,2,A,-,09,21802,A,N,D,C,A,A,H,-,A,A,0,,,,,Y,,A,01,0,2,2,0,0,0,0,0,0,"- ","- ",,,MADERA,MADERA,-120.10128021240234,36.974590301513672
9632474,2023,2023-11-29,2001,2023-10-06,"745 ",032,12A,5,5,3,2001,0,0,0,,0,00A,"WEST ROBERTSON BL","N 4TH ST",0.00,,Y,A,-,N,,,,,,,,,,Y,2,0,1,2,D,-,00,,,N,G,B,E,A,H,-,A,D,0,Y,,,,Y,,-,"- ",1,0,0,0,1,0,0,0,0,"- ","- ",37.122821807861328,-120.26004028320312,MADERA,CHOWCHILLA,-120.26184844970703,37.121463775634766
9634409,2023,2024-01-03,2002,2023-11-15,"508 ",4748,,3,5,4,2002,0,0,0,,0,002,"SHERWOOD WY","ROGERS ST",0.00,,Y,A,-,N,,,,,,,,,,N,4,0,1,2,A,-,03,22350,,N,D,C,A,A,H,-,C,D,0,,,,,Y,,A,01,0,0,1,0,0,0,0,0,0,"- ","- ",,,MADERA,MADERA,-120.05375671386719,36.977218627929688
9634674,2023,2024-01-24,2002,2023-11-21,1154,4224,,2,5,4,2002,0,0,0,,0,001,"OLIVE AV E","E ST S",0.00,,Y,A,-,N,,,,,,,,,,Y,4,0,1,2,A,-,09,21802,A,N,D,C,A,A,H,-,A,A,0,,,,,Y,,A,07,0,0,1,0,0,0,0,0,0,"- ","- ",,,MADERA,MADERA,-120.05014038085938,36.952766418457031
9634818,2023,2024-01-22,2002,2023-11-17,1141,4738,MSC,5,5,4,2002,0,0,0,,0,001,"YOSEMITE AV E","E ST N",0.00,,Y,A,-,N,,,,,,,,,,Y,4,0,1,2,A,-,09,21802,A,N,D,C,A,A,H,-,A,D,0,,,,,Y,,A,01,0,0,1,0,0,0,0,0,0,"- ","- ",,,MADERA,MADERA,-120.05954742431641,36.961921691894531
9635033,2023,2024-01-23,2002,2023-11-18,1136,4808,,6,5,4,2002,0,0,0,,0,001,"C ST N","YOSEMITE AV E",0.00,,Y,A,-,N,,,,,,,,,,N,4,0,1,2,A,-,09,21801,A,N,A,C,A,B,H,-,A,A,0,,,,,Y,,A,01,0,0,1,0,0,0,0,0,0,"- ","- ",,,MADERA,MADERA,-120.05741119384766,36.963333129882812
9635111,2023,2024-02-28,2002,2023-12-01,1459,4763,MADER,5,5,4,2002,0,0,0,,0,002,"MERCED ST","KENNEDY ST E",0.00,,Y,A,-,N,,,,,,,,,,N,4,0,4,2,A,-,03,22350,,N,C,C,A,A,H,-,A,A,0,,,,,Y,,A,01,0,0,4,0,0,0,0,0,0,"- ","- ",,,MADERA,MADERA,-120.05251312255859,36.981727600097656
9635112,2023,2024-02-28,2002,2023-12-01,"749 ",4666,MADER,5,5,4,2002,0,0,0,,0,004,"PECAN AV E","GOLDEN STATE BL S",1163.00,W,N,A,-,N,,,,,,,,,,N,4,0,1,2,A,-,09,21801,,N,D,C,A,A,H,-,A,D,0,,,,,Y,,A,01,0,0,1,0,0,0,0,0,0,"- ","- ",,,MADERA,MADERA,-120.04214477539062,36.938148498535156
9635205,2023,2024-01-20,2002,2023-11-10,1508,4466,,5,5,4,2002,0,0,0,,0,003,"CLEVELAND AV W","GATEWAY DR N",28.00,E,N,A,-,N,,,,,,,,,,N,4,0,3,2,A,-,03,22350,,N,C,C,A,A,H,-,A,A,0,,,,,Y,,D,22,0,0,3,0,0,0,0,0,0,"- ","- ",,,MADERA,MADERA,-120.07461547851562,36.974922180175781
9635721,2023,2024-01-05,2001,2023-11-23,2159,036,,4,5,3,2001,0,0,0,,0,00B,"E ROBERTSON",ROBERTSON,0.00,,Y,A,-,N,,,,,,,,,,Y,2,0,3,2,A,-,01,23152,A,N,E,C,A,A,H,-,D,D,0,,,,,Y,Y,-,,1,1,1,0,0,0,0,0,0,"- ","- ",37.125179290771484,-120.251708984375,MADERA,CHOWCHILLA,-120.24951171875,37.127311706542969
9636097,2023,2024-01-04,2001,2023-10-31,1521,033,12B,2,5,3,2001,0,0,0,,0,00B,"MONTGOMERY LAKES WY","E ROBERTSON BL",0.00,,Y,A,-,N,,,,,,,,,,Y,2,0,4,2,A,-,08,22107,,N,D,C,A,A,H,-,A,D,0,,,,,Y,,A,01,2,1,1,0,0,0,0,0,0,"- ","- ",37.127338409423828,-120.24765014648438,MADERA,CHOWCHILLA,-120.24765777587891,37.127277374267578
9636140,2023,2023-12-28,2001,2023-10-23,1151,036,12A,1,5,3,2001,0,0,0,,0,00A,"LAKE AV","LAKE AV 600 BLOCK",0.00,,-,A,-,N,,,,,,,,,,N,2,0,1,1,A,-,01,23152,A,N,H,J,A,A,H,-,A,D,0,,,Y,,Y,Y,C,02,1,0,0,0,0,0,0,0,1,"- ","- ",37.122249603271484,-120.26625823974609,MADERA,CHOWCHILLA,-120.05622100830078,36.986831665039062
9636927,2023,2023-11-30,2001,2023-10-09,1358,033,12B,1,5,3,2001,0,0,0,,0,00B,"COUNTY ROAD 16","AVE 24 1/2",1056.00,N,N,A,B,N,,,,,,,,,,Y,2,0,6,2,A,-,09,21801,A,N,D,C,A,A,H,-,A,D,0,,,,,Y,,A,01,1,5,0,0,0,0,0,0,0,"- ","- ",37.105518341064453,-120.24774169921875,MADERA,CHOWCHILLA,-120.25675964355469,37.108417510986328
9636928,2023,2023-11-30,2001,2023-10-12,1758,034,12B,4,5,3,2001,0,0,0,,0,00B,"CHOWCHILLA BL","E ROBERTSON BL",0.00,,Y,A,-,N,,,,,,,,,,N,3,0,1,2,A,-,10,21950,A,N,G,B,B,A,H,-,A,A,0,Y,,,,Y,,A,01,0,1,0,0,1,0,0,0,0,"- ","- ",37.125141143798828,-120.25720977783203,MADERA,CHOWCHILLA,-120.25648498535156,37.125568389892578
9637738,2023,2023-12-26,2002,2023-11-21,1428,4224,,2,5,4,2002,0,0,0,,0,004,"RT 145","LEWIS ST E",0.00,,Y,A,-,Y,MAD,6,145,-,-,8.990,I,5,N,Y,4,0,2,2,A,-,09,21801,A,N,D,C,A,A,H,-,A,D,0,,,,,Y,,A,01,0,0,2,0,0,0,0,0,0,"- ","- ",,,MADERA,MADERA,-120.05606842041016,36.951740264892578
9638005,2023,2023-11-28,2001,2023-09-29,1100,028,12B,5,5,3,2001,0,0,0,,0,00B,"AVENUE 24 1/2","COUNTY ROAD 16",0.00,,Y,A,-,N,,,,,,,,,,N,2,0,1,2,A,-,09,21802,A,N,C,G,A,A,H,-,A,A,0,,Y,,,Y,,L,04,1,0,0,0,0,0,1,0,0,"- ","- ",37.105499267578125,-120.25672912597656,MADERA,CHOWCHILLA,-120.25675964355469,37.105522155761719
9640285,2024,2024-07-31,2002,2024-02-13,2028,4804,,2,5,4,2002,0,0,0,,0,001,"B ST","RT 145",0.00,,Y,A,-,Y,MAD,6,145,-,-,9.990,I,5,N,N,1,1,0,2,A,-,10,21950,A,N,G,B,B,A,H,-,C,A,0,Y,,,,Y,,A,01,0,0,0,1,0,0,0,0,0,"- ","- ",,,MADERA,MADERA,-120.05635070800781,36.964023590087891
9640411,2024,2024-05-28,2002,2024-04-06,1903,4785,MADER,6,5,4,2002,0,0,0,,0,004,"RT 145","GARY LN W",668.00,S,N,A,-,Y,MAD,6,145,-,-,8.170,H,-,S,Y,1,1,0,1,A,-,08,22107,,N,E,I,A,A,H,-,A,D,0,,,,,Y,,A,01,0,0,0,0,0,0,0,0,0,"- ","- ",,,MADERA,MADERA,-120.05602264404297,36.939830780029297
9640755,2024,2024-08-27,2002,2024-08-03,"509 ",4750,MSC,6,5,4,2002,0,0,0,,0,004,"PECAN AV E","MONTEREY ST",0.00,,Y,A,-,N,,,,,,,,,,Y,1,1,0,1,A,-,03,22350,,N,E,J,A,A,H,-,C,A,0,,,Y,,Y,Y,C,02,0,0,0,0,0,0,0,1,0,"- ","- ",,,MADERA,MADERA,-120.060546875,36.938339233398438
9640849,2024,2024-08-06,2002,2024-07-06,2114,4738,MSC,6,5,4,2002,0,0,0,,0,002,"RAYMOND RD","LAGUNA WY",20.00,S,N,A,-,N,,,,,,,,,,Y,1,1,0,2,A,-,00,21954,,N,A,B,D,A,H,-,C,D,0,Y,,,,Y,Y,N,60,0,0,0,1,0,0,0,0,0,"- ","- ",,,MADERA,MADERA,-120.04282379150391,36.976776123046875
9646649,2023,2024-03-12,2002,2023-12-26,"906 ",4804,,2,5,4,2002,0,0,0,,0,001,"SUNRISE AV","A ST S",0.00,,Y,A,-,N,,,,,,,,,,N,4,0,1,2,A,-,09,21802,A,N,D,C,A,A,H,-,A,A,0,,,,,Y,,A,07,0,0,1,0,0,0,0,0,0,"- ","- ",,,MADERA,MADERA,-120.05036926269531,36.960002899169922
9647277,2023,2024-01-18,2002,2023-11-22,1210,4224,,3,5,4,2002,0,0,0,,0,004,"MONTEREY ST","WALNUT ST",0.00,,Y,A,-,N,,,,,,,,,,N,4,0,1,2,A,-,09,21801,A,N,D,C,A,A,-,-,A,D,0,,,,,Y,,A,01,0,0,1,0,0,0,0,0,0,"- ","- ",,,MADERA,MADERA,-120.06053161621094,36.949203491210938
9647278,2023,2024-01-18,2002,2023-11-13,1354,4738,,1,5,4,2002,0,0,0,,0,004,"CLEVELAND AV","GATEWAY DR",0.00,,Y,A,-,N,,,,,,,,,,N,4,0,1,2,A,-,03,22350,,N,C,C,A,A,H,-,A,A,0,,,,,Y,,A,07,0,0,1,0,0,0,0,0,0,"- ","- ",,,MADERA,MADERA,-120.07466888427734,36.974861145019531
9648125,2023,2024-02-16,2002,2023-12-06,1712,4680,,3,5,4,2002,0,0,0,,0,004,"MADERA AV","PECAN AV",290.00,S,N,A,-,Y,MAD,6,145,-,-,8.010,H,-,N,Y,3,0,1,2,A,-,03,22350,,N,C,C,A,A,H,-,C,A,0,,,,,Y,,A,01,0,1,0,0,0,0,0,0,0,"- ","- ",,,MADERA,MADERA,-120.05600738525391,36.937625885009766
9648910,2023,2024-01-30,2002,2023-11-21,"20  ",4666,MADER,2,5,4,2002,0,0,0,,0,099,"AVE 18 1/2","RT 99",111.00,E,N,A,-,N,,,,,,,,,,Y,2,0,1,1,A,-,01,23152,A,N,F,J,A,A,H,-,C,D,0,,,,,Y,Y,D,22,1,0,0,0,0,0,0,0,0,"- ",NO,,,MADERA,MADERA,-120.11795043945312,37.010822296142578
9649238,2023,2024-03-02,2002,2023-12-07,1715,4680,MSC,4,5,4,2002,0,0,0,,0,004,"OLIVE AV","L ST",0.00,,Y,A,-,N,,,,,,,,,,Y,3,0,1,2,A,-,09,21802,A,F,D,C,A,A,H,-,C,A,0,,,,,Y,,A,08,0,1,0,0,0,0,0,0,0,"- ","- ",,,MADERA,MADERA,-120.06253814697266,36.952919006347656
9649381,2023,2024-02-17,2002,2023-12-26,1726,4739,,2,5,4,2002,0,0,0,,0,004,"Q ST","YOSEMITE AV",0.00,,Y,A,-,N,,,,,,,,,,Y,3,0,1,2,A,-,09,21453,C,F,D,C,A,A,H,-,C,A,0,,,,,Y,,A,01,0,1,0,0,0,0,0,0,0,"- ","- ",,,MADERA,MADERA,-120.07209014892578,36.953495025634766
9649498,2023,2024-02-21,2002,2023-12-27,1142,4680,MSC,3,5,4,2002,0,0,0,,0,004,"4TH ST","G ST",0.00,,Y,A,-,N,,,,,,,,,,Y,3,0,2,3,A,-,12,21453,A,N,D,C,A,A,H,-,A,A,0,,,,,Y,,D,22,0,1,1,0,0,0,0,0,0,"- ","- ",,,MADERA,MADERA,-120.06352233886719,36.962379455566406
9649502,2023,2024-02-21,2002,2023-12-28,1913,4681,,4,5,4,2002,0,0,0,,0,001,"60TH ST","A ST",0.00,,Y,A,-,N,,,,,,,,,,N,4,0,1,2,A,-,09,21804,A,N,D,G,A,A,H,-,C,D,0,,Y,,,Y,,L,04,0,0,1,0,0,0,1,0,0,"- ","- ",,,MADERA,MADERA,,
9651984,2024,2024-03-28,2002,2024-01-04,1109,4804,,4,5,4,2002,0,0,0,,0,001,"SUNRISE AV","B ST S",29.00,E,N,A,-,N,,,,,,,,,,Y,4,0,1,1,A,-,03,22350,,N,E,I,A,A,H,-,A,D,0,,,,,Y,,A,01,0,0,1,0,0,0,0,0,0,"- ","- ",,,MADERA,MADERA,-120.05210113525391,36.960029602050781
9651985,2024,2024-03-28,2002,2024-01-06,2331,4785,,6,5,4,2002,0,0,0,,0,003,"GATEWAY DR N","4TH ST W",0.00,,Y,B,-,N,,,,,,,,,,Y,3,0,3,2,A,-,01,23153,A,N,D,C,A,B,H,-,C,A,0,,,,,Y,Y,A,07,0,3,0,0,0,0,0,0,0,"- ","- ",,,MADERA,MADERA,-120.06244659423828,36.963054656982422
9651986,2024,2024-03-28,2002,2024-01-06,"546 ",4681,,6,5,4,2002,0,0,0,,0,002,"CLEVELAND AV E","TULARE ST",0.00,,Y,A,-,N,,,,,,,,,,N,4,0,1,2,A,-,12,21453,A,M,D,C,A,A,H,-,C,A,0,,,,,Y,,A,01,0,0,1,0,0,0,0,0,0,"- ","- ",,,MADERA,MADERA,-120.05142974853516,36.974491119384766
9652385,2024,2024-03-23,2002,2024-01-19,1138,4499,MSC,5,5,4,2002,0,0,0,,0,004,"G ST S","6TH ST W",0.00,,Y,A,-,N,,,,,,,,,,N,3,0,1,2,A,-,12,22450,A,N,D,J,B,A,H,-,A,A,0,Y,,,,Y,,A,01,0,1,0,0,1,0,0,0,0,"- ","- ",,,MADERA,MADERA,-120.06059265136719,36.959606170654297
9652552,2024,2024-04-03,2002,2024-01-20,1203,4747,,6,5,4,2002,0,0,0,,0,003,"CLEVELAND AV W","SAINT MARY AV",176.00,W,N,A,-,N,,,,,,,,,,Y,3,0,1,2,A,-,09,21801,,N,D,C,A,A,-,-,A,D,0,,,,,Y,,A,01,0,1,0,0,0,0,0,0,0,"- ","- ",,,MADERA,MADERA,,