CASE_ID,ACCIDENT_YEAR,PROC_DATE,JURIS,COLLISION_DATE,COLLISION_TIME,OFFICER_ID,REPORTING_DISTRICT,DAY_OF_WEEK,CHP_SHIFT,POPULATION,CNTY_CITY_LOC,SPECIAL_COND,BEAT_TYPE,CHP_BEAT_TYPE,CITY_DIVISION_LAPD,CHP_BEAT_CLASS,BEAT_NUMBER,PRIMARY_RD,SECONDARY_RD,DISTANCE,DIRECTION,INTERSECTION,WEATHER_1,WEATHER_2,STATE_HWY_IND,CALTRANS_COUNTY,CALTRANS_DISTRICT,STATE_ROUTE,ROUTE_SUFFIX,POSTMILE_PREFIX,POSTMILE,LOCATION_TYPE,RAMP_INTERSECTION,SIDE_OF_HWY,TOW_AWAY,COLLISION_SEVERITY,NUMBER_KILLED,NUMBER_INJURED,PARTY_COUNT,PRIMARY_COLL_FACTOR,PCF_CODE_OF_VIOL,PCF_VIOL_CATEGORY,PCF_VIOLATION,PCF_VIOL_SUBSECTION,HIT_AND_RUN,TYPE_OF_COLLISION,MVIW,PED_ACTION,ROAD_SURFACE,ROAD_COND_1,ROAD_COND_2,LIGHTING,CONTROL_DEVICE,CHP_ROAD_TYPE,PEDESTRIAN_ACCIDENT,BICYCLE_ACCIDENT,MOTORCYCLE_ACCIDENT,TRUCK_ACCIDENT,NOT_PRIVATE_PROPERTY,ALCOHOL_INVOLVED,STWD_VEHTYPE_AT_FAULT,CHP_VEHTYPE_AT_FAULT,COUNT_SEVERE_INJ,COUNT_VISIBLE_INJ,COUNT_COMPLAINT_PAIN,COUNT_PED_KILLED,COUNT_PED_INJURED,COUNT_BICYCLIST_KILLED,COUNT_BICYCLIST_INJURED,COUNT_MC_KILLED,COUNT_MC_INJURED,PRIMARY_RAMP,SECONDARY_RAMP,LATITUDE,LONGITUDE,COUNTY,CITY,POINT_X,POINT_Y
9652553,2024,2024-04-02,2002,2024-01-24,1348,4778,,3,5,4,2002,0,0,0,,0,003,"SCHNOOR AV N","KENNEDY ST W",0.00,,Y,B,C,N,,,,,,,,,,Y,4,0,1,2,A,-,09,21453,C,N,D,C,A,B,H,-,A,A,0,,,,,Y,,A,07,0,0,1,0,0,0,0,0,0,"- ","- ",,,MADERA,MADERA,-120.08769989013672,36.981838226318359
9652910,2023,2024-02-22,2002,2023-10-19,2039,4758,MADER,4,5,4,2002,0,0,0,,0,004,"ALMOND AV","STADIUM RD",0.00,,Y,A,-,N,,,,,,,,,,N,4,0,1,2,A,-,10,21950,,N,G,B,B,A,H,-,C,D,0,Y,,,,Y,,D,22,0,0,1,0,1,0,0,0,0,"- ","- ",,,MADERA,MADERA,-120.06502532958984,36.945575714111328
9653838,2023,2024-02-26,2002,2023-12-14,1743,4224,,4,5,4,2002,0,0,0,,0,004,"PECAN AV","RAYMOND THOMAS ST",0.00,,Y,A,-,N,,,,,,,,,,Y,4,0,1,2,A,-,03,22350,,N,C,C,A,A,H,-,C,D,0,,,,,Y,,A,01,0,0,1,0,0,0,0,0,0,"- ","- ",,,MADERA,MADERA,-120.04820251464844,36.938240051269531
9653839,2023,2024-02-26,2002,2023-12-15,"625 ",4738,MSC,5,5,4,2002,0,0,0,,0,004,"GRANADA DR","RIVERVIEW DR",0.00,,Y,A,-,N,,,,,,,,,,Y,4,0,1,2,A,-,12,22450,,N,D,C,A,A,H,-,A,A,0,,,,,Y,,A,01,0,0,1,0,0,0,0,0,0,"- ","- ",,,MADERA,MADERA,-120.0921630859375,36.967041015625
9654654,2023,2024-02-28,2001,2023-12-27,"136 ",030,,3,5,3,2001,0,0,0,,0,,"SOUTH 5TH ST","AVE 25",1052.00,N,N,A,-,N,,,,,,,,,,Y,3,0,1,1,A,-,03,22350,,N,E,I,A,A,H,-,D,D,0,,,,,Y,Y,A,01,0,1,0,0,0,0,0,0,0,"- ","- ",37.116180419921875,-120.25692749023438,MADERA,CHOWCHILLA,-119.93343353271484,35.9552001953125
9655325,2024,2024-04-03,2002,2024-01-18,"754 ",4804,,4,5,4,2002,0,0,0,,0,001,"C ST S","14TH ST E",10.00,W,N,A,-,N,,,,,,,,,,N,4,0,1,2,A,-,00,21760,,F,G,G,A,A,H,-,A,A,0,,Y,,,Y,,L,04,0,0,1,0,0,0,1,0,0,"- ","- ",,,MADERA,MADERA,-120.04804229736328,36.954292297363281
9655329,2024,2024-03-29,2002,2024-01-22,2029,4799,MSC,1,5,4,2002,0,0,0,,0,002,"COUNTRY CLUB DR","ADELL ST",477.00,S,N,A,-,N,,,,,,,,,,Y,4,0,3,2,A,-,01,23152,,N,C,C,A,B,H,-,C,D,0,,,,,Y,Y,E,22,0,0,3,0,0,0,0,0,0,"- ","- ",,,MADERA,MADERA,-120.07424926757812,36.981510162353516
9656206,2023,2024-02-01,2002,2023-12-17,1709,4738,MSC,7,5,4,2002,0,0,0,,0,004,"MADERA AV S","GATEWAY DR S",79.00,S,N,A,-,Y,MAD,6,145,-,-,9.290,H,-,N,Y,4,0,2,2,A,-,22,23123,A,N,C,C,A,A,H,-,C,-,0,,,,,Y,Y,A,01,0,0,2,0,0,0,0,0,0,"- ","- ",,,MADERA,MADERA,-120.05599975585938,36.956695556640625
9656413,2023,2024-05-02,2002,2023-12-21,2344,4748,,4,5,4,2002,0,0,0,,0,004,"RT 99","RT 145",14.00,E,N,A,-,Y,MAD,6,99,-,-,10.106,R,3,S,N,2,0,1,2,A,-,11,21461,5,N,G,B,D,A,H,-,C,D,0,Y,,,,Y,Y,N,60,1,0,0,0,1,0,0,0,0,"- ","- ",,,MADERA,MADERA,-120.05374908447266,36.951831817626953
9656540,2023,2024-02-16,2001,2023-12-17,"37  ",034,12B,7,5,3,2001,0,0,0,,0,00B,"RT 233","FRONT ST",54.00,E,N,A,-,Y,MAD,6,233,-,-,3.510,H,-,N,N,3,0,1,1,A,-,07,21658,A,N,E,I,A,A,H,-,C,D,0,,,,,Y,Y,A,01,0,1,0,0,0,0,0,0,0,"- ","- ",37.125038146972656,-120.25708770751953,MADERA,CHOWCHILLA,-120.25814819335938,37.124347686767578
9656588,2023,2024-03-01,2001,2023-12-08,1626,036,12A,5,5,3,2001,0,0,0,,0,00A,"RT 233","FRONT ST",0.00,,Y,A,-,Y,MAD,6,233,-,-,3.500,I,5,N,Y,4,0,1,2,D,-,00,,,M,D,C,A,A,H,-,B,A,0,,,,,Y,,-,"- ",0,0,1,0,0,0,0,0,0,"- ","- ",37.124198913574219,-120.25821685791016,MADERA,CHOWCHILLA,-120.25827789306641,37.124248504638672
9658942,2024,2024-05-15,2002,2024-02-05,1238,4747,,1,5,4,2002,0,0,0,,0,003,"GATEWAY DR N","YOSEMITW AV W",0.00,,Y,A,-,N,,,,,,,,,,Y,4,0,3,3,A,-,09,21804,,N,A,C,A,A,H,-,A,D,0,,,,,Y,,A,01,0,0,3,0,0,0,0,0,0,"- ","- ",,,MADERA,MADERA,-120.06055450439453,36.961261749267578
9659290,2024,2024-03-23,2002,2024-01-27,2028,4799,,6,5,4,2002,0,0,0,,0,003,"CLEVELAND AV","SCHNOOR AV",208.00,W,N,A,-,N,,,,,,,,,,N,3,0,1,2,A,-,10,21950,,N,G,B,B,A,H,-,C,A,0,Y,,,,Y,,A,01,0,1,0,0,1,0,0,0,0,"- ","- ",,,MADERA,MADERA,-120.08525848388672,36.97454833984375
9660078,2024,2024-06-04,2002,2024-02-03,1746,4861,MSC,6,5,4,2002,0,0,0,,0,004,"PECAN AVE E","RT 145",120.00,E,N,A,B,Y,MAD,6,145,-,-,8.060,I,6,N,N,2,0,1,2,A,-,03,22350,,N,D,C,A,B,H,-,B,A,0,,,Y,,Y,,C,02,1,0,0,0,0,0,0,0,1,"- ","- ",,,MADERA,MADERA,-120.05602264404297,36.938316345214844
9660569,2024,2024-04-24,2002,2024-02-13,"827 ",4799,,2,5,4,2002,0,0,0,,0,001,"C ST","13TH ST",24.00,S,N,A,-,N,,,,,,,,,,Y,2,0,1,1,A,-,03,22350,,N,A,I,A,A,H,-,A,D,0,,,,,Y,,A,01,1,0,0,0,0,0,0,0,0,"- ","- ",,,MADERA,MADERA,-120.04904937744141,36.955268859863281
9660570,2024,2024-04-24,2002,2024-02-20,2250,4738,MSC,2,5,4,2002,0,0,0,,0,001,"TOZER ST","AVE 15",336.00,N,N,A,-,N,,,,,,,,,,Y,3,0,1,1,A,-,01,23152,,N,F,A,A,B,H,-,D,D,0,,,,,Y,Y,A,01,0,1,0,0,0,0,0,0,0,"- ","- ",,,MADERA,MADERA,-120.03775787353516,36.967361450195312
9660878,2024,2024-03-26,2002,2024-01-07,1809,4766,,7,5,4,2002,0,0,0,,0,004,"PARK ST","OLIVE AV W",0.00,,Y,A,-,N,,,,,,,,,,N,4,0,1,2,A,-,10,21950,A,N,G,B,B,A,H,-,E,A,0,Y,,,,Y,,A,08,0,0,1,0,1,0,0,0,0,"- ","- ",,,MADERA,MADERA,-120.07154846191406,36.952812194824219
9661834,2024,2024-04-19,2002,2024-03-03,"201 ",4808,,7,5,4,2002,0,0,0,,0,004,"RT 145","RT 99",0.00,,Y,A,-,Y,MAD,6,145,-,-,9.160,H,-,S,N,4,0,3,2,A,-,03,22350,,N,C,C,A,A,H,-,C,A,0,,,,,Y,Y,A,01,0,0,3,0,0,0,0,0,0,"- ","- ",,,MADERA,MADERA,-120.05609893798828,36.954395294189453
9662593,2024,2024-03-15,2002,2024-01-19,1717,4750,MSC,5,5,4,2002,0,0,0,,0,004,"MADERA AV S","STANFORD AV",0.00,,Y,A,-,Y,MAD,6,145,-,-,7.820,I,5,S,Y,2,0,2,2,A,-,09,21801,A,N,D,C,A,-,H,-,A,D,0,,,,,Y,,A,01,1,0,1,0,0,0,0,0,0,"- ","- ",,,MADERA,MADERA,-120.05606842041016,36.934925079345703
9664124,2024,2024-02-29,2002,2024-01-29,"219 ",4808,,1,5,4,2002,0,0,0,,0,004,"INDUSTRIAL AV","GRANADA DR S",245.00,E,N,A,-,N,,,,,,,,,,Y,4,0,1,1,A,-,01,23152,A,M,E,I,A,A,H,-,C,D,0,,,,,Y,Y,D,22,0,0,1,0,0,0,0,0,0,"- ","- ",,,MADERA,MADERA,-120.09130859375,36.949962615966797
9664387,2024,2024-06-28,2001,2024-01-19,"0   ",033,12A,5,5,3,2001,0,0,0,,0,00A,"RIVERSIDE AV","N 13TH ST",0.00,,Y,E,-,N,,,,,,,,,,N,3,0,1,2,A,-,12,22450,A,N,G,B,B,A,H,-,A,D,0,Y,,,,Y,,A,01,0,1,0,0,1,0,0,0,0,"- ","- ",37.1168212890625,-120.27140808105469,MADERA,CHOWCHILLA,-120.27140045166016,37.116828918457031
9665210,2024,2024-07-02,2002,2024-02-04,"215 ",4808,,7,5,4,2002,0,0,0,,0,004,"PECAN AV E","APRICOT LN",207.00,E,N,C,-,N,,,,,,,,,,Y,4,0,1,2,A,-,01,23152,A,N,E,I,A,B,H,-,C,D,0,,,,,Y,Y,D,22,0,0,1,0,0,0,0,0,0,"- ","- ",,,MADERA,MADERA,-120.04354858398438,36.938159942626953
9665474,2024,2024-04-29,2002,2024-02-16,1610,4750,MSC,5,5,4,2002,0,0,0,,0,004,"PECAN AV E","STADIUM RD",0.00,,Y,A,-,N,,,,,,,,,,Y,4,0,1,3,A,-,03,22350,,N,C,C,A,A,H,-,A,A,0,,,,,Y,,A,01,0,0,1,0,0,0,0,0,0,"- ","- ",,,MADERA,MADERA,,
9666086,2024,2024-05-23,2002,2024-03-02,1809,4808,,6,5,4,2002,0,0,0,,0,003,"GRANADA DR","PAMELA DR",0.00,,Y,A,-,N,,,,,,,,,,N,4,0,1,2,A,-,10,21950,A,M,G,B,B,A,H,-,C,D,0,Y,,,,Y,,A,01,0,0,1,0,1,0,0,0,0,"- ","- ",,,MADERA,MADERA,-120.09217071533203,36.969085693359375
9671568,2024,2024-03-13,2002,2024-01-18,1603,4804,,4,5,4,2002,0,0,0,,0,003,"YOSEMITE AV W","J ST N",18.00,W,N,A,-,N,,,,,,,,,,N,4,0,1,2,A,-,09,21804,A,N,D,C,A,A,H,-,A,A,0,,,,,Y,,A,01,0,0,1,0,0,0,0,0,0,"- ","- ",,,MADERA,MADERA,-120.06482696533203,36.958438873291016
9674549,2024,2024-05-17,2002,2024-03-06,1524,4479,MADER,3,5,4,2002,0,0,0,,0,001,"B ST S","6TH ST E",166.00,S,N,A,-,N,,,,,,,,,,N,4,0,1,2,A,-,00,21954,,N,G,B,D,A,H,-,A,D,0,Y,,,,Y,,N,60,0,0,1,0,1,0,0,0,0,"- ","- ",,,MADERA,MADERA,-120.05500793457031,36.962749481201172
9674829,2024,2024-06-06,2002,2024-03-06,"607 ",4748,,3,5,4,2002,0,0,0,,0,003,"AVE 17","GOLDEN STATE BL",15.00,S,N,A,-,N,,,,,,,,,,Y,4,0,1,2,A,-,09,21804,A,N,D,C,A,A,H,-,A,A,0,,,,,Y,,A,01,0,0,1,0,0,0,0,0,0,"- ","- ",,,MADERA,MADERA,-120.10619354248047,36.996509552001953
9674833,2024,2024-06-06,2002,2024-03-08,1659,4785,MSC,5,5,4,2002,0,0,0,,0,004,"MADERA AV","DUNHAM AV",0.00,,Y,A,-,N,,,,,,,,,,Y,3,0,3,3,A,-,09,21801,A,N,B,C,A,A,H,-,A,D,0,,,,,Y,,A,01,0,1,2,0,0,0,0,0,0,"- ","- ",,,MADERA,MADERA,-120.05603790283203,36.950679779052734
9675646,2024,2024-03-15,2002,2024-02-08,1650,4778,,4,5,4,2002,0,0,0,,0,001,"RT 145","TOZER ST",495.00,W,N,A,-,Y,MAD,6,145,-,-,11.020,I,5,S,Y,2,0,2,3,A,-,09,21801,,N,D,C,A,A,H,-,A,D,0,,,,,Y,,-,,1,0,1,0,0,0,0,0,0,"- ","- ",,,MADERA,MADERA,-120.04300689697266,36.973556518554688
9675705,2024,2024-03-29,2002,2024-02-15,1758,4738,MSC,4,5,4,2002,0,0,0,,0,004,"OLIVE AV W","RT 99",0.00,,Y,A,-,Y,MAD,6,99,-,-,10.462,R,4,S,N,4,0,1,2,A,-,05,21650,,N,A,G,A,A,H,-,C,A,0,,Y,,,Y,,L,04,0,0,1,0,0,0,1,0,0,"- ",SF,,,MADERA,MADERA,-120.05850219726562,36.955299377441406
9676625,2024,2024-07-11,2002,2024-05-05,1321,4804,MADER,7,5,4,2002,0,0,0,,0,011,"ELM ST","E YOSEMITE AV",394.00,S,N,A,-,N,,,,,,,,,,N,4,0,1,2,A,-,10,21950,,N,G,B,-,A,H,-,A,D,0,Y,,,,Y,,A,01,0,0,1,0,1,0,0,0,0,"- ","- ",,,MADERA,MADERA,-120.04491424560547,36.971122741699219
9677168,2024,2024-07-11,2002,2024-05-13,"852 ",4666,MADER,1,5,4,2002,0,0,0,,0,001,"LAKE ST S","9TH ST E",81.00,,N,A,-,N,,,,,,,,,,Y,3,0,1,2,A,-,08,22107,,M,C,E,A,A,H,-,A,D,0,,,,,Y,Y,A,01,0,1,0,0,0,0,0,0,0,"- ","- ",,,MADERA,MADERA,-120.05010986328125,36.961639404296875
9677474,2024,2024-07-19,2002,2024-05-12,1015,4804,MADER,7,5,4,2002,0,0,0,,0,001,"OLIVE AV E","KNOX AV",0.00,,Y,A,-,N,,,,,,,,,,Y,4,0,2,2,A,-,12,22450,,N,A,C,A,A,H,-,A,A,0,,,,,Y,,A,01,0,0,2,0,0,0,0,0,0,"- ","- ",,,MADERA,MADERA,-120.04206085205078,36.952732086181641
9677523,2024,2024-08-14,2002,2024-05-02,1731,4398,,4,5,4,2002,0,0,0,,0,001,"TOZER ST","YOSEMITE AV E",431.00,S,N,A,-,N,,,,,,,,,,N,3,0,1,2,A,-,09,21804,A,N,D,C,A,A,H,-,A,D,0,,,Y,,Y,,A,07,0,1,0,0,0,0,0,0,1,"- ","- ",,,MADERA,MADERA,-120.04215240478516,36.972587585449219
9677865,2024,2024-06-26,2002,2024-05-15,"749 ",4666,MADER,3,5,4,2002,0,0,0,,0,004,"PINE ST S","ALMOND AV W",208.00,S,N,A,-,N,,,,,,,,,,N,2,0,1,2,A,-,09,21801,,N,D,C,A,A,-,-,A,D,0,,,,,Y,,A,01,1,0,0,0,0,0,0,0,0,"- ","- ",,,MADERA,MADERA,-120.07402801513672,36.944828033447266
9678322,2024,2024-04-12,2001,2024-02-03,2058,036,12B,6,5,3,2001,0,0,0,,0,00B,"COLUSA AV","S 4TH ST",0.00,,Y,C,-,N,,,,,,,,,,N,3,0,1,1,A,-,03,22350,,N,A,-,A,B,H,-,C,D,0,,,,,Y,,A,01,0,1,0,0,0,0,0,0,0,"- ","- ",37.117828369140625,-120.25737762451172,MADERA,CHOWCHILLA,-120.25741577148438,37.117835998535156
9679237,2024,2024-04-04,2001,2024-02-05,1534,537,12A,1,5,3,2001,0,0,0,,0,00A,"RT 233","13TH ST",68.00,W,N,B,-,Y,MAD,6,233,-,-,2.610,H,-,S,N,3,0,1,3,A,-,08,22107,,N,G,B,D,B,H,-,A,D,0,Y,,,,Y,,A,01,0,1,0,0,1,0,0,0,0,"- ","- ",,,MADERA,CHOWCHILLA,-120.26988983154297,37.115200042724609
9680746,2024,2024-06-13,2002,2024-03-05,1942,4816,2002,2,5,4,2002,0,0,0,,0,002,"LAKE ST N","CENTRAL AV E",85.00,N,N,A,-,N,,,,,,,,,,Y,3,0,1,2,A,-,05,21650,1,N,G,G,A,A,H,-,D,D,0,,Y,,,Y,Y,L,04,0,1,0,0,0,0,1,0,0,"- ","- ",,,MADERA,MADERA,-120.05625915527344,36.967632293701172
9680751,2024,2024-05-24,2002,2024-03-02,2221,4808,,6,5,4,2002,0,0,0,,0,004,"GATEWAY DR S","12TH ST W",0.00,,Y,C,-,N,,,,,,,,,,Y,2,0,2,2,A,-,01,23153,A,F,C,E,A,B,H,-,C,D,0,,,,,Y,Y,A,07,1,1,0,0,0,0,0,0,0,"- ","- ",,,MADERA,MADERA,-120.05325317382812,36.954235076904297
9682376,2024,2024-05-03,2002,2024-03-15,"825 ",4584,MSC,5,5,4,2002,0,0,0,,0,004,"MADERA AV S","LEWIS ST E",0.00,,Y,A,-,Y,MAD,6,145,-,-,8.990,I,5,S,Y,4,0,1,2,A,-,09,21801,A,N,D,C,A,A,H,-,A,D,0,,,,,Y,,A,07,0,0,1,0,0,0,0,0,0,"- ","- ",,,MADERA,MADERA,-120.05606842041016,36.951740264892578
9682424,2024,2024-05-21,2002,2024-03-29,1807,4750,MSC,5,5,4,2002,0,0,0,,0,004,"MADERA AV S","LEWIS ST E",0.00,,Y,A,-,Y,MAD,6,145,-,-,8.990,I,5,N,Y,4,0,1,2,A,-,09,21801,A,N,D,C,A,B,H,-,A,A,0,,,,,Y,,A,01,0,0,1,0,0,0,0,0,0,"- ","- ",,,MADERA,MADERA,-120.05606842041016,36.951740264892578
9684460,2024,2024-05-30,2001,2024-03-19,"745 ",030,12A,2,5,3,2001,0,0,0,,0,00A,"RT 233","N 11TH ST",0.00,,Y,A,-,Y,MAD,6,233,-,-,2.760,I,5,S,N,4,0,1,2,A,-,08,22107,,N,G,B,B,A,H,-,A,D,0,Y,,,,Y,,D,22,0,0,1,0,1,0,0,0,0,"- ","- ",37.116680145263672,-120.26789855957031,MADERA,CHOWCHILLA,-120.26790618896484,37.116722106933594
9685222,2024,2024-07-10,2002,2024-04-16,2119,4695,,2,5,4,2002,0,0,0,,0,003,"CLEVELAND AV","RT 99",1031.00,W,N,A,-,N,,,,,,,,,,N,3,0,1,2,A,-,09,21804,A,N,D,G,A,A,H,-,C,A,0,,Y,,,Y,,D,22,0,1,0,0,0,0,1,0,0,"- ","- ",,,MADERA,MADERA,-122.52770233154297,37.885841369628906
9687837,2024,2024-05-17,2002,2024-03-30,"228 ",4785,MADER,6,5,4,2002,0,0,0,,0,002,"CLEVELAND AV E","AUSTIN AV",0.00,,Y,A,-,N,,,,,,,,,,Y,4,0,1,2,A,-,01,23152,A,N,D,D,A,A,H,-,C,A,0,,,,,Y,Y,A,01,0,0,1,0,0,0,0,0,0,"- ","- ",,,MADERA,MADERA,-120.05966949462891,36.974437713623047
9687838,2024,2024-05-07,2002,2024-03-21,"34  ",4666,MADER,4,5,4,2002,0,0,0,,0,003,"KENNEDY ST W","SCHNOOR AVE N",470.00,E,N,A,-,N,,,,,,,,,,N,2,0,1,2,A,-,10,21950,C,F,G,B,D,A,H,-,C,A,0,Y,,,,Y,,A,01,1,0,0,0,1,0,0,0,0,"- ","- ",,,MADERA,MADERA,-120.08769989013672,36.981838226318359
9688043,2024,2025-06-06,2002,2024-04-02,2022,4666,MADER,2,5,4,2002,0,0,0,,0,001,"TOZER ST","YOSEMITE AV E",407.00,S,N,A,-,N,,,,,,,,,,N,4,0,1,2,A,-,01,23152,,N,A,G,A,A,H,-,C,D,0,,Y,,,Y,Y,A,01,0,0,1,0,0,0,1,0,0,"- ","- ",,,MADERA,MADERA,-120.04219818115234,36.972640991210938
9688044,2024,2024-07-11,2002,2024-04-03,2044,4799,,3,5,4,2002,0,0,0,,0,003,"G ST N","4TH ST W",0.00,,Y,A,-,N,,,,,,,,,,N,4,0,1,2,A,-,12,21453,,N,D,-,A,A,H,-,C,-,0,,Y,,,Y,,-,,0,0,1,0,0,0,1,0,0,"- ","- ",,,MADERA,MADERA,-120.06352233886719,36.962379455566406
9688958,2024,2024-05-07,2002,2024-04-05,"716 ",4778,2002,5,5,4,2002,0,0,0,,0,004,"COUNTY ROAD 28 1/4","AVE 13",2152.00,S,N,C,G,N,,,,,,,,,,Y,3,0,1,1,A,-,03,22350,,N,E,J,A,B,G,H,A,A,0,,,,,Y,,D,22,0,1,0,0,0,0,0,0,0,"- ","- ",,,MADERA,MADERA,-120.03331756591797,36.934490203857422
9689094,2024,2024-06-25,2002,2024-04-12,2242,4766,,5,5,4,2002,0,0,0,,0,002,"D ST N","RUSH ST E",0.00,,Y,A,-,N,,,,,,,,,,Y,3,0,1,3,A,-,01,23153,,F,D,C,A,A,H,-,C,A,0,,,,,Y,Y,D,22,0,1,0,0,0,0,0,0,0,"- ","- ",,,MADERA,MADERA,-120.06317901611328,36.973133087158203
9689188,2024,2024-06-10,2002,2024-04-09,"756 ",4738,MSC,2,5,4,2002,0,0,0,,0,002,"RAYMOND RD","TOLEDO WY",340.00,E,N,A,-,N,,,,,,,,,,Y,3,0,1,2,A,-,09,21801,,M,D,C,A,A,H,-,A,D,0,,,,,Y,Y,A,01,0,1,0,0,0,0,0,0,0,"- ","- ",,,MADERA,MADERA,-120.04134368896484,36.97943115234375
9689403,2024,2024-06-21,2002,2024-04-10,"738 ",4748,,3,5,4,2002,0,0,0,,0,003,"SUNSET AV","PINE ST",0.00,,N,A,-,N,,,,,,,,,,N,4,0,1,2,A,-,11,21950,B,N,D,G,A,A,H,-,A,D,0,,Y,,,Y,,L,04,0,0,1,0,0,0,1,0,0,"- ","- ",,,MADERA,MADERA,-120.07404327392578,36.960109710693359
9689549,2024,2024-06-12,2002,2024-04-09,1538,4738,2002,2,5,4,2002,0,0,0,,0,003,"6TH ST W","S N ST",25.00,W,N,A,-,N,,,,,,,,,,N,3,0,1,2,A,-,08,22107,,N,C,G,A,A,H,-,A,D,0,,Y,,,Y,,L,04,0,1,0,0,0,0,1,0,0,"- ","- ",,,MADERA,MADERA,-120.06800842285156,36.954597473144531
9691226,2024,2024-05-10,2002,2024-03-30,1807,4808,,6,5,4,2002,0,0,0,,0,001,"TOZER ST S","YOSEMITE AVE E",0.00,,Y,A,-,N,,,,,,,,,,Y,4,0,2,4,C,-,18,,,N,C,C,A,A,H,-,A,A,0,,,,,Y,,-,"- ",0,0,2,0,0,0,0,0,0,"- ","- ",,,MADERA,MADERA,-120.04300689697266,36.973548889160156
9691579,2024,2024-04-26,2001,2024-03-30,2225,035,,6,5,3,2001,0,0,0,,0,00B,"ROBERTSON BL","11TH ST",0.00,,Y,A,-,Y,MAD,6,233,-,-,2.780,H,-,S,Y,3,0,1,1,A,-,01,23152,A,N,A,I,A,A,H,-,C,D,0,,,,,Y,Y,A,01,0,1,0,0,0,0,0,0,0,"- ","- ",,,MADERA,CHOWCHILLA,-120.26763153076172,37.116943359375
9694264,2024,2024-06-25,2002,2024-05-31,2217,4738,MSC,5,5,4,2002,0,0,0,,0,003,"GATEWAY DR S","8TH ST W",175.00,N,N,A,-,Y,MAD,6,145,-,-,9.440,H,-,S,N,2,0,1,2,A,-,08,22107,,N,A,B,E,A,H,-,C,D,0,Y,,,,Y,Y,A,01,1,0,0,0,1,0,0,0,0,"- ","- ",,,MADERA,MADERA,-120.05785369873047,36.958610534667969
9695345,2024,2024-06-25,2002,2024-04-12,1434,4804,MADER,5,5,4,2002,0,0,0,,0,001,"4TH ST","C ST",68.00,E,N,A,-,N,,,,,,,,,,N,3,0,1,2,A,-,09,21802,,N,F,A,A,A,H,-,A,A,0,,,Y,Y,Y,,F,26,0,1,0,0,0,0,0,0,1,"- ","- ",,,MADERA,MADERA,-120.05912017822266,36.965259552001953
9696368,2024,2024-06-20,2001,2024-03-22,1525,006,12B,5,5,3,2001,0,0,0,,0,00B,"PALM PKY","KENNEDY CT",0.00,,Y,A,-,N,,,,,,,,,,Y,3,0,1,2,A,-,07,21658,A,N,A,I,A,A,H,-,A,D,0,,,,,Y,,-,99,0,1,0,0,0,0,0,0,0,"- ","- ",,,MADERA,CHOWCHILLA,-120.27454376220703,37.107322692871094
9696528,2024,2024-06-20,2002,2024-05-03,2101,4785,MADER,5,5,4,2002,0,0,0,,0,004,"MADERA AV","PECAN AV",0.00,,Y,A,-,Y,MAD,6,145,-,-,8.060,I,5,S,N,3,0,2,3,A,-,10,21950,,N,G,B,B,A,H,-,C,A,0,Y,,,,Y,,A,01,0,2,0,0,2,0,0,0,0,"- ","- ",,,MADERA,MADERA,-120.05602264404297,36.938316345214844
9696762,2024,2024-06-18,2002,2024-04-10,1641,4559,,3,5,4,2002,0,0,0,,0,002,"SHERWOOD WY","D ST N",0.00,,Y,A,-,N,,,,,,,,,,N,4,0,1,2,A,-,09,21800,C,N,D,C,A,A,H,-,A,A,0,,,,,Y,,A,01,0,0,1,0,0,0,0,0,0,"- ","- ",,,MADERA,MADERA,-120.06319427490234,36.977245330810547
9699133,2024,2024-06-03,2001,2024-04-08,1229,035,12A,1,5,3,2001,0,0,0,,0,00A,"MONTEREY AV","N 6TH ST",0.00,,Y,A,-,N,,,,,,,,,,N,2,0,1,2,A,-,09,21800,A,N,A,C,A,A,H,-,A,D,0,,,Y,,Y,,A,01,1,0,0,0,0,0,0,0,1,"- ","- ",37.122940063476562,-120.26712799072266,MADERA,CHOWCHILLA,-120.26714324951172,37.122955322265625
9699997,2024,2024-07-02,2002,2024-05-23,1721,4479,MADER,4,5,4,2002,0,0,0,,0,001,"KNOX AV","ORTEGA DR",139.00,S,N,A,-,N,,,,,,,,,,N,4,0,2,1,A,-,08,22107,,N,E,J,A,A,H,-,A,D,0,,,,,Y,,A,01,0,0,2,0,0,0,0,0,0,"- ","- ",,,MADERA,MADERA,,
9701056,2024,2024-08-05,2002,2024-05-20,1922,4780,MSC,1,5,4,2002,0,0,0,,0,003,"CLEVELAND AV W","RT 99",45.00,W,N,A,-,Y,MAD,6,99,-,-,12.804,R,4,S,N,3,0,1,2,A,-,09,21804,A,N,D,G,A,A,H,-,A,D,0,,Y,,,Y,,D,22,0,1,0,0,0,0,1,0,0,"- ","- ",,,MADERA,MADERA,-120.08452606201172,36.981998443603516
9702362,2024,2024-07-22,2002,2024-06-21,1128,4826,,5,5,4,2002,0,0,0,,0,004,"MADERA AV","LEWIS ST",10.00,W,N,A,-,Y,MAD,6,145,-,-,8.990,I,5,N,Y,3,0,3,2,A,-,09,21801,A,N,F,C,A,A,H,-,A,A,0,,,,,Y,,A,01,0,3,0,0,0,0,0,0,0,"- ","- ",,,MADERA,MADERA,-120.05606842041016,36.951740264892578
9702449,2024,2024-07-10,2001,2024-05-14,"642 ",035,12A,2,5,3,2001,0,0,0,,0,00A,"N 5TH ST","KINGS AV",0.00,,Y,A,-,N,,,,,,,,,,Y,4,0,1,2,A,-,09,21802,A,N,D,C,A,A,H,-,A,A,0,,,,,Y,,A,07,0,0,1,0,0,0,0,0,0,"- ","- ",37.12152099609375,-120.26361083984375,MADERA,CHOWCHILLA,-120.26364135742188,37.121517181396484
9702635,2024,2024-07-24,2002,2024-05-31,2053,4785,MADER,5,5,4,2002,0,0,0,,0,004,"STADIUM RD","MAPLE ST",170.00,N,N,A,-,N,,,,,,,,,,Y,4,0,1,2,A,-,09,21804,,N,D,C,A,A,H,-,C,D,0,,,,,Y,,A,01,0,0,1,0,0,0,0,0,0,"- ","- ",,,MADERA,MADERA,-120.06503295898438,36.950565338134766
9702816,2024,2024-07-24,2001,2024-05-01,1844,036,,3,5,3,2001,0,0,0,,0,00B,"S CHOWCHILLA BLVD","AVE 24 1/2",0.00,,Y,A,-,N,,,,,,,,,,N,2,0,1,2,A,-,07,21658,A,F,G,B,A,A,H,-,A,A,0,,Y,,,Y,,-,,1,0,0,0,0,0,1,0,0,"- ","- ",37.106979370117188,-120.27304840087891,MADERA,CHOWCHILLA,-120.23584747314453,37.107666015625